2026-10-02 20:50:35,972 Worker 81a3459a9e33422083a30eb673d30892: started with PID 31611, version 2.6.1
2026-10-02 20:50:35,975 Worker 81a3459a9e33422083a30eb673d30892: subscribing to channel rq:pubsub:81a3459a9e33422083a30eb673d30892
2026-10-02 20:50:35,988 *** Listening on workspaces-Desk-books-bench:short, workspaces-Desk-books-bench:default, workspaces-Desk-books-bench:long...
2026-10-02 20:50:35,999 Worker 81a3459a9e33422083a30eb673d30892: cleaning registries for queue: workspaces-Desk-books-bench:short
2026-10-02 20:50:36,018 Worker 81a3459a9e33422083a30eb673d30892: cleaning registries for queue: workspaces-Desk-books-bench:default
2026-10-02 20:50:36,069 Worker 81a3459a9e33422083a30eb673d30892: cleaning registries for queue: workspaces-Desk-books-bench:long
2026-10-02 20:52:45,878 Worker aa2651d2bba144d1bd99831764a47fdd: started with PID 35084, version 2.6.1
2026-10-02 20:52:45,881 Worker aa2651d2bba144d1bd99831764a47fdd: subscribing to channel rq:pubsub:aa2651d2bba144d1bd99831764a47fdd
2026-10-02 20:52:45,895 *** Listening on workspaces-Desk-books-bench:short, workspaces-Desk-books-bench:default, workspaces-Desk-books-bench:long...
2026-10-02 20:52:45,907 Worker aa2651d2bba144d1bd99831764a47fdd: cleaning registries for queue: workspaces-Desk-books-bench:short
2026-10-02 20:52:45,935 Worker aa2651d2bba144d1bd99831764a47fdd: cleaning registries for queue: workspaces-Desk-books-bench:default
2026-10-02 20:52:45,961 Worker aa2651d2bba144d1bd99831764a47fdd: cleaning registries for queue: workspaces-Desk-books-bench:long
2026-10-02 20:52:46,689 Worker aa2651d2bba144d1bd99831764a47fdd [PID 35084]: warm shut down requested
2026-10-02 20:52:46,701 Worker aa2651d2bba144d1bd99831764a47fdd: unsubscribing from channel rq:pubsub:aa2651d2bba144d1bd99831764a47fdd
2026-10-02 20:53:20,510 Worker d05cd35bc9e14124932575c806728ec4: started with PID 35976, version 2.6.1
2026-10-02 20:53:20,512 Worker d05cd35bc9e14124932575c806728ec4: subscribing to channel rq:pubsub:d05cd35bc9e14124932575c806728ec4
2026-10-02 20:53:20,526 *** Listening on workspaces-Desk-books-bench:short, workspaces-Desk-books-bench:default, workspaces-Desk-books-bench:long...
2026-10-02 20:53:20,541 Worker d05cd35bc9e14124932575c806728ec4: cleaning registries for queue: workspaces-Desk-books-bench:short
2026-10-02 20:53:20,561 Worker d05cd35bc9e14124932575c806728ec4: cleaning registries for queue: workspaces-Desk-books-bench:default
2026-10-02 20:53:20,609 Worker d05cd35bc9e14124932575c806728ec4: cleaning registries for queue: workspaces-Desk-books-bench:long
2026-10-02 20:53:21,728 Worker d05cd35bc9e14124932575c806728ec4 [PID 35976]: warm shut down requested
2026-10-02 20:53:21,731 Worker d05cd35bc9e14124932575c806728ec4: unsubscribing from channel rq:pubsub:d05cd35bc9e14124932575c806728ec4
2026-10-02 20:54:13,192 Worker 81a3459a9e33422083a30eb673d30892 [PID 31611]: warm shut down requested
Traceback (most recent call last):
  File "/workspaces/Desk/books-bench/env/lib/python3.14/site-packages/redis/connection.py", line 855, in connect_check_health
    sock = self.retry.call_with_retry(
        lambda: self._connect(), lambda error: self.disconnect(error)
    )
  File "/workspaces/Desk/books-bench/env/lib/python3.14/site-packages/redis/retry.py", line 116, in call_with_retry
    return do()
  File "/workspaces/Desk/books-bench/env/lib/python3.14/site-packages/redis/connection.py", line 856, in <lambda>
    lambda: self._connect(), lambda error: self.disconnect(error)
            ~~~~~~~~~~~~~^^
  File "/workspaces/Desk/books-bench/env/lib/python3.14/site-packages/redis/connection.py", line 1306, in _connect
    raise err
  File "/workspaces/Desk/books-bench/env/lib/python3.14/site-packages/redis/connection.py", line 1290, in _connect
    sock.connect(socket_address)
    ~~~~~~~~~~~~^^^^^^^^^^^^^^^^
ConnectionRefusedError: [Errno 111] Connection refused

During handling of the above exception, another exception occurred:

Traceback (most recent call last):
  File "/workspaces/Desk/books-bench/apps/frappe/frappe/utils/bench_helper.py", line 57, in invoke
    return super().invoke(ctx)
           ~~~~~~~~~~~~~~^^^^^
  File "/workspaces/Desk/books-bench/env/lib/python3.14/site-packages/click/core.py", line 1970, in invoke
    return _process_result(sub_ctx.command.invoke(sub_ctx))
                           ~~~~~~~~~~~~~~~~~~~~~~^^^^^^^^^
  File "/workspaces/Desk/books-bench/env/lib/python3.14/site-packages/click/core.py", line 1353, in invoke
    return ctx.invoke(self.callback, **ctx.params)
           ~~~~~~~~~~^^^^^^^^^^^^^^^^^^^^^^^^^^^^^
  File "/workspaces/Desk/books-bench/env/lib/python3.14/site-packages/click/core.py", line 907, in invoke
    return callback(*args, **kwargs)
  File "/workspaces/Desk/books-bench/apps/frappe/frappe/commands/scheduler.py", line 206, in start_worker
    start_worker(
    ~~~~~~~~~~~~^
    	queue,
     ^^^^^^
    ...<4 lines>...
    	strategy=strategy,
     ^^^^^^^^^^^^^^^^^^
    )
    ^
  File "/workspaces/Desk/books-bench/apps/frappe/frappe/utils/background_jobs.py", line 433, in start_worker
    worker.work(
    ~~~~~~~~~~~^
    	logging_level=logging_level,
     ^^^^^^^^^^^^^^^^^^^^^^^^^^^^
    ...<4 lines>...
    	with_scheduler=False,
     ^^^^^^^^^^^^^^^^^^^^^
    )
    ^
  File "/workspaces/Desk/books-bench/env/lib/python3.14/site-packages/rq/worker.py", line 631, in work
    self.teardown()
    ~~~~~~~~~~~~~^^
  File "/workspaces/Desk/books-bench/env/lib/python3.14/site-packages/rq/worker.py", line 1150, in teardown
    self.register_death()
    ~~~~~~~~~~~~~~~~~~~^^
  File "/workspaces/Desk/books-bench/env/lib/python3.14/site-packages/rq/worker.py", line 885, in register_death
    p.execute()
    ~~~~~~~~~^^
  File "/workspaces/Desk/books-bench/env/lib/python3.14/site-packages/redis/client.py", line 1687, in execute
    conn = self.connection_pool.get_connection()
  File "/workspaces/Desk/books-bench/env/lib/python3.14/site-packages/redis/utils.py", line 196, in wrapper
    return func(*args, **kwargs)
  File "/workspaces/Desk/books-bench/env/lib/python3.14/site-packages/redis/connection.py", line 2603, in get_connection
    connection.connect()
    ~~~~~~~~~~~~~~~~~~^^
  File "/workspaces/Desk/books-bench/env/lib/python3.14/site-packages/redis/connection.py", line 846, in connect
    self.connect_check_health(check_health=True)
    ~~~~~~~~~~~~~~~~~~~~~~~~~^^^^^^^^^^^^^^^^^^^
  File "/workspaces/Desk/books-bench/env/lib/python3.14/site-packages/redis/connection.py", line 863, in connect_check_health
    raise ConnectionError(self._error_message(e))
redis.exceptions.ConnectionError: Error 111 connecting to 127.0.0.1:11000. Connection refused.

Error 111 connecting to 127.0.0.1:11000. Connection refused.
2026-10-02 20:54:42,403 Worker 2bb6e38701844086b72f8bc7d22a2a36: started with PID 37470, version 2.6.1
2026-10-02 20:54:42,416 Worker 2bb6e38701844086b72f8bc7d22a2a36: subscribing to channel rq:pubsub:2bb6e38701844086b72f8bc7d22a2a36
2026-10-02 20:54:42,426 *** Listening on workspaces-Desk-books-bench:short, workspaces-Desk-books-bench:default, workspaces-Desk-books-bench:long...
2026-10-02 20:54:42,437 Worker 2bb6e38701844086b72f8bc7d22a2a36: cleaning registries for queue: workspaces-Desk-books-bench:short
2026-10-02 20:54:42,457 Worker 2bb6e38701844086b72f8bc7d22a2a36: cleaning registries for queue: workspaces-Desk-books-bench:default
2026-10-02 20:54:42,497 Worker 2bb6e38701844086b72f8bc7d22a2a36: cleaning registries for queue: workspaces-Desk-books-bench:long
2026-10-02 20:56:01,221 workspaces-Desk-books-bench:default: frappe.utils.background_jobs.execute_job(event=None, is_async=True, job_name='frappe.core.doctype.scheduled_job_type.scheduled_job_type.run_scheduled_jo..., kwargs={'job_type': 'frappe.email.doctype.notification.notification.trigger_offset..., method='frappe.core.doctype.scheduled_job_type.scheduled_job_type.run_scheduled_jo..., site='books.localhost', user='Administrator') (books.localhost||scheduled_job||tvfkfghgup)
2026-10-02 20:56:02,019 Successfully completed frappe.utils.background_jobs.execute_job(event=None, is_async=True, job_name='frappe.core.doctype.scheduled_job_type.scheduled_job_type.run_scheduled_jo..., kwargs={'job_type': 'frappe.email.doctype.notification.notification.trigger_offset..., method='frappe.core.doctype.scheduled_job_type.scheduled_job_type.run_scheduled_jo..., site='books.localhost', user='Administrator') job in 0:00:00.767278s on worker 2bb6e38701844086b72f8bc7d22a2a36
2026-10-02 20:56:02,020 workspaces-Desk-books-bench:default: Job OK (books.localhost||scheduled_job||tvfkfghgup)
2026-10-02 20:56:02,020 Result is kept for 600 seconds
2026-10-02 20:56:02,030 workspaces-Desk-books-bench:default: frappe.utils.background_jobs.execute_job(event=None, is_async=True, job_name='frappe.core.doctype.scheduled_job_type.scheduled_job_type.run_scheduled_jo..., kwargs={'job_type': 'frappe.integrations.doctype.google_calendar.google_calendar.s..., method='frappe.core.doctype.scheduled_job_type.scheduled_job_type.run_scheduled_jo..., site='books.localhost', user='Administrator') (books.localhost||scheduled_job||tvgsq68nbr)
2026-10-02 20:56:02,592 Successfully completed frappe.utils.background_jobs.execute_job(event=None, is_async=True, job_name='frappe.core.doctype.scheduled_job_type.scheduled_job_type.run_scheduled_jo..., kwargs={'job_type': 'frappe.integrations.doctype.google_calendar.google_calendar.s..., method='frappe.core.doctype.scheduled_job_type.scheduled_job_type.run_scheduled_jo..., site='books.localhost', user='Administrator') job in 0:00:00.554862s on worker 2bb6e38701844086b72f8bc7d22a2a36
2026-10-02 20:56:02,592 workspaces-Desk-books-bench:default: Job OK (books.localhost||scheduled_job||tvgsq68nbr)
2026-10-02 20:56:02,592 Result is kept for 600 seconds
2026-10-02 20:56:02,602 workspaces-Desk-books-bench:default: frappe.utils.background_jobs.execute_job(event=None, is_async=True, job_name='frappe.core.doctype.scheduled_job_type.scheduled_job_type.run_scheduled_jo..., kwargs={'job_type': 'frappe.email.queue.retry_sending_emails', 'scheduled_job_type..., method='frappe.core.doctype.scheduled_job_type.scheduled_job_type.run_scheduled_jo..., site='books.localhost', user='Administrator') (books.localhost||scheduled_job||tvgunpisoh)
2026-10-02 20:56:03,211 Successfully completed frappe.utils.background_jobs.execute_job(event=None, is_async=True, job_name='frappe.core.doctype.scheduled_job_type.scheduled_job_type.run_scheduled_jo..., kwargs={'job_type': 'frappe.email.queue.retry_sending_emails', 'scheduled_job_type..., method='frappe.core.doctype.scheduled_job_type.scheduled_job_type.run_scheduled_jo..., site='books.localhost', user='Administrator') job in 0:00:00.599312s on worker 2bb6e38701844086b72f8bc7d22a2a36
2026-10-02 20:56:03,211 workspaces-Desk-books-bench:default: Job OK (books.localhost||scheduled_job||tvgunpisoh)
2026-10-02 20:56:03,211 Result is kept for 600 seconds
2026-10-02 20:56:03,227 workspaces-Desk-books-bench:default: frappe.utils.background_jobs.execute_job(event=None, is_async=True, job_name='frappe.core.doctype.scheduled_job_type.scheduled_job_type.run_scheduled_jo..., kwargs={'job_type': 'frappe.search.sqlite_search.index_docs_in_queue', 'scheduled_..., method='frappe.core.doctype.scheduled_job_type.scheduled_job_type.run_scheduled_jo..., site='books.localhost', user='Administrator') (books.localhost||scheduled_job||tvfskgtqqi)
2026-10-02 20:56:03,792 Successfully completed frappe.utils.background_jobs.execute_job(event=None, is_async=True, job_name='frappe.core.doctype.scheduled_job_type.scheduled_job_type.run_scheduled_jo..., kwargs={'job_type': 'frappe.search.sqlite_search.index_docs_in_queue', 'scheduled_..., method='frappe.core.doctype.scheduled_job_type.scheduled_job_type.run_scheduled_jo..., site='books.localhost', user='Administrator') job in 0:00:00.556083s on worker 2bb6e38701844086b72f8bc7d22a2a36
2026-10-02 20:56:03,792 workspaces-Desk-books-bench:default: Job OK (books.localhost||scheduled_job||tvfskgtqqi)
2026-10-02 20:56:03,792 Result is kept for 600 seconds
2026-10-02 20:56:03,806 workspaces-Desk-books-bench:default: frappe.utils.background_jobs.execute_job(event=None, is_async=True, job_name='frappe.core.doctype.scheduled_job_type.scheduled_job_type.run_scheduled_jo..., kwargs={'job_type': 'frappe.automation_engine.drainer.drain_due', 'scheduled_job_t..., method='frappe.core.doctype.scheduled_job_type.scheduled_job_type.run_scheduled_jo..., site='books.localhost', user='Administrator') (books.localhost||scheduled_job||tvft3lmo5a)
2026-10-02 20:56:04,436 Successfully completed frappe.utils.background_jobs.execute_job(event=None, is_async=True, job_name='frappe.core.doctype.scheduled_job_type.scheduled_job_type.run_scheduled_jo..., kwargs={'job_type': 'frappe.automation_engine.drainer.drain_due', 'scheduled_job_t..., method='frappe.core.doctype.scheduled_job_type.scheduled_job_type.run_scheduled_jo..., site='books.localhost', user='Administrator') job in 0:00:00.620133s on worker 2bb6e38701844086b72f8bc7d22a2a36
2026-10-02 20:56:04,436 workspaces-Desk-books-bench:default: Job OK (books.localhost||scheduled_job||tvft3lmo5a)
2026-10-02 20:56:04,437 Result is kept for 600 seconds
2026-10-02 20:56:04,447 workspaces-Desk-books-bench:default: frappe.utils.background_jobs.execute_job(event=None, is_async=True, job_name='frappe.core.doctype.scheduled_job_type.scheduled_job_type.run_scheduled_jo..., kwargs={'job_type': 'frappe.email.doctype.email_account.email_account.pull', 'sche..., method='frappe.core.doctype.scheduled_job_type.scheduled_job_type.run_scheduled_jo..., site='books.localhost', user='Administrator') (books.localhost||scheduled_job||tvf6eii5c1)
2026-10-02 20:56:04,977 Successfully completed frappe.utils.background_jobs.execute_job(event=None, is_async=True, job_name='frappe.core.doctype.scheduled_job_type.scheduled_job_type.run_scheduled_jo..., kwargs={'job_type': 'frappe.email.doctype.email_account.email_account.pull', 'sche..., method='frappe.core.doctype.scheduled_job_type.scheduled_job_type.run_scheduled_jo..., site='books.localhost', user='Administrator') job in 0:00:00.521891s on worker 2bb6e38701844086b72f8bc7d22a2a36
2026-10-02 20:56:04,977 workspaces-Desk-books-bench:default: Job OK (books.localhost||scheduled_job||tvf6eii5c1)
2026-10-02 20:56:04,977 Result is kept for 600 seconds
2026-10-02 20:56:04,987 workspaces-Desk-books-bench:default: frappe.utils.background_jobs.execute_job(event=None, is_async=True, job_name='frappe.core.doctype.scheduled_job_type.scheduled_job_type.run_scheduled_jo..., kwargs={'job_type': 'frappe.monitor.flush', 'scheduled_job_type': 'tvg3grmu87'}, method='frappe.core.doctype.scheduled_job_type.scheduled_job_type.run_scheduled_jo..., site='books.localhost', user='Administrator') (books.localhost||scheduled_job||tvg3grmu87)
2026-10-02 20:56:05,475 Successfully completed frappe.utils.background_jobs.execute_job(event=None, is_async=True, job_name='frappe.core.doctype.scheduled_job_type.scheduled_job_type.run_scheduled_jo..., kwargs={'job_type': 'frappe.monitor.flush', 'scheduled_job_type': 'tvg3grmu87'}, method='frappe.core.doctype.scheduled_job_type.scheduled_job_type.run_scheduled_jo..., site='books.localhost', user='Administrator') job in 0:00:00.480477s on worker 2bb6e38701844086b72f8bc7d22a2a36
2026-10-02 20:56:05,475 workspaces-Desk-books-bench:default: Job OK (books.localhost||scheduled_job||tvg3grmu87)
2026-10-02 20:56:05,475 Result is kept for 600 seconds
2026-10-02 20:56:05,485 workspaces-Desk-books-bench:default: frappe.utils.background_jobs.execute_job(event=None, is_async=True, job_name='frappe.core.doctype.scheduled_job_type.scheduled_job_type.run_scheduled_jo..., kwargs={'job_type': 'frappe.integrations.doctype.webhook.webhook.retry_failed_webh..., method='frappe.core.doctype.scheduled_job_type.scheduled_job_type.run_scheduled_jo..., site='books.localhost', user='Administrator') (books.localhost||scheduled_job||tvfn6bf8cs)
2026-10-02 20:56:06,016 Successfully completed frappe.utils.background_jobs.execute_job(event=None, is_async=True, job_name='frappe.core.doctype.scheduled_job_type.scheduled_job_type.run_scheduled_jo..., kwargs={'job_type': 'frappe.integrations.doctype.webhook.webhook.retry_failed_webh..., method='frappe.core.doctype.scheduled_job_type.scheduled_job_type.run_scheduled_jo..., site='books.localhost', user='Administrator') job in 0:00:00.523817s on worker 2bb6e38701844086b72f8bc7d22a2a36
2026-10-02 20:56:06,016 workspaces-Desk-books-bench:default: Job OK (books.localhost||scheduled_job||tvfn6bf8cs)
2026-10-02 20:56:06,016 Result is kept for 600 seconds
2026-10-02 20:56:06,027 workspaces-Desk-books-bench:default: frappe.utils.background_jobs.execute_job(event=None, is_async=True, job_name='frappe.core.doctype.scheduled_job_type.scheduled_job_type.run_scheduled_jo..., kwargs={'job_type': 'frappe.automation_engine.scheduler.process_cron', 'scheduled_..., method='frappe.core.doctype.scheduled_job_type.scheduled_job_type.run_scheduled_jo..., site='books.localhost', user='Administrator') (books.localhost||scheduled_job||tvfork1f3p)
2026-10-02 20:56:06,583 Successfully completed frappe.utils.background_jobs.execute_job(event=None, is_async=True, job_name='frappe.core.doctype.scheduled_job_type.scheduled_job_type.run_scheduled_jo..., kwargs={'job_type': 'frappe.automation_engine.scheduler.process_cron', 'scheduled_..., method='frappe.core.doctype.scheduled_job_type.scheduled_job_type.run_scheduled_jo..., site='books.localhost', user='Administrator') job in 0:00:00.549269s on worker 2bb6e38701844086b72f8bc7d22a2a36
2026-10-02 20:56:06,584 workspaces-Desk-books-bench:default: Job OK (books.localhost||scheduled_job||tvfork1f3p)
2026-10-02 20:56:06,584 Result is kept for 600 seconds
2026-10-02 20:56:06,594 workspaces-Desk-books-bench:default: frappe.utils.background_jobs.execute_job(event=None, is_async=True, job_name='frappe.core.doctype.scheduled_job_type.scheduled_job_type.run_scheduled_jo..., kwargs={'job_type': 'frappe.email.queue.flush', 'scheduled_job_type': 'tvgd72bons'..., method='frappe.core.doctype.scheduled_job_type.scheduled_job_type.run_scheduled_jo..., site='books.localhost', user='Administrator') (books.localhost||scheduled_job||tvgd72bons)
2026-10-02 20:56:07,106 Successfully completed frappe.utils.background_jobs.execute_job(event=None, is_async=True, job_name='frappe.core.doctype.scheduled_job_type.scheduled_job_type.run_scheduled_jo..., kwargs={'job_type': 'frappe.email.queue.flush', 'scheduled_job_type': 'tvgd72bons'..., method='frappe.core.doctype.scheduled_job_type.scheduled_job_type.run_scheduled_jo..., site='books.localhost', user='Administrator') job in 0:00:00.504799s on worker 2bb6e38701844086b72f8bc7d22a2a36
2026-10-02 20:56:07,106 workspaces-Desk-books-bench:default: Job OK (books.localhost||scheduled_job||tvgd72bons)
2026-10-02 20:56:07,106 Result is kept for 600 seconds
2026-10-02 21:00:00,249 workspaces-Desk-books-bench:default: frappe.utils.background_jobs.execute_job(event=None, is_async=True, job_name='frappe.core.doctype.scheduled_job_type.scheduled_job_type.run_scheduled_jo..., kwargs={'job_type': 'frappe.automation.doctype.reminder.reminder.send_reminders', ..., method='frappe.core.doctype.scheduled_job_type.scheduled_job_type.run_scheduled_jo..., site='books.localhost', user='Administrator') (books.localhost||scheduled_job||tvftau2n63)
2026-10-02 21:00:00,830 Successfully completed frappe.utils.background_jobs.execute_job(event=None, is_async=True, job_name='frappe.core.doctype.scheduled_job_type.scheduled_job_type.run_scheduled_jo..., kwargs={'job_type': 'frappe.automation.doctype.reminder.reminder.send_reminders', ..., method='frappe.core.doctype.scheduled_job_type.scheduled_job_type.run_scheduled_jo..., site='books.localhost', user='Administrator') job in 0:00:00.569126s on worker 2bb6e38701844086b72f8bc7d22a2a36
2026-10-02 21:00:00,830 workspaces-Desk-books-bench:default: Job OK (books.localhost||scheduled_job||tvftau2n63)
2026-10-02 21:00:00,831 Result is kept for 600 seconds
2026-10-02 21:00:00,844 workspaces-Desk-books-bench:default: frappe.utils.background_jobs.execute_job(event=None, is_async=True, job_name='frappe.core.doctype.scheduled_job_type.scheduled_job_type.run_scheduled_jo..., kwargs={'job_type': 'frappe.automation_engine.drainer.drain_due', 'scheduled_job_t..., method='frappe.core.doctype.scheduled_job_type.scheduled_job_type.run_scheduled_jo..., site='books.localhost', user='Administrator') (books.localhost||scheduled_job||tvft3lmo5a)
2026-10-02 21:00:01,380 Successfully completed frappe.utils.background_jobs.execute_job(event=None, is_async=True, job_name='frappe.core.doctype.scheduled_job_type.scheduled_job_type.run_scheduled_jo..., kwargs={'job_type': 'frappe.automation_engine.drainer.drain_due', 'scheduled_job_t..., method='frappe.core.doctype.scheduled_job_type.scheduled_job_type.run_scheduled_jo..., site='books.localhost', user='Administrator') job in 0:00:00.523154s on worker 2bb6e38701844086b72f8bc7d22a2a36
2026-10-02 21:00:01,380 workspaces-Desk-books-bench:default: Job OK (books.localhost||scheduled_job||tvft3lmo5a)
2026-10-02 21:00:01,380 Result is kept for 600 seconds
2026-10-02 21:00:01,390 workspaces-Desk-books-bench:default: frappe.utils.background_jobs.execute_job(event=None, is_async=True, job_name='frappe.core.doctype.scheduled_job_type.scheduled_job_type.run_scheduled_jo..., kwargs={'job_type': 'frappe.utils.telemetry.pulse.client.send_queued_events', 'sch..., method='frappe.core.doctype.scheduled_job_type.scheduled_job_type.run_scheduled_jo..., site='books.localhost', user='Administrator') (books.localhost||scheduled_job||tvfdg2svpd)
2026-10-02 21:00:01,943 Successfully completed frappe.utils.background_jobs.execute_job(event=None, is_async=True, job_name='frappe.core.doctype.scheduled_job_type.scheduled_job_type.run_scheduled_jo..., kwargs={'job_type': 'frappe.utils.telemetry.pulse.client.send_queued_events', 'sch..., method='frappe.core.doctype.scheduled_job_type.scheduled_job_type.run_scheduled_jo..., site='books.localhost', user='Administrator') job in 0:00:00.537251s on worker 2bb6e38701844086b72f8bc7d22a2a36
2026-10-02 21:00:01,943 workspaces-Desk-books-bench:default: Job OK (books.localhost||scheduled_job||tvfdg2svpd)
2026-10-02 21:00:01,944 Result is kept for 600 seconds
2026-10-02 21:00:01,956 workspaces-Desk-books-bench:default: frappe.utils.background_jobs.execute_job(event=None, is_async=True, job_name='frappe.core.doctype.scheduled_job_type.scheduled_job_type.run_scheduled_jo..., kwargs={'job_type': 'frappe.email.doctype.email_account.email_account.notify_unrep..., method='frappe.core.doctype.scheduled_job_type.scheduled_job_type.run_scheduled_jo..., site='books.localhost', user='Administrator') (books.localhost||scheduled_job||tvf744dvmr)
2026-10-02 21:00:02,483 Successfully completed frappe.utils.background_jobs.execute_job(event=None, is_async=True, job_name='frappe.core.doctype.scheduled_job_type.scheduled_job_type.run_scheduled_jo..., kwargs={'job_type': 'frappe.email.doctype.email_account.email_account.notify_unrep..., method='frappe.core.doctype.scheduled_job_type.scheduled_job_type.run_scheduled_jo..., site='books.localhost', user='Administrator') job in 0:00:00.520531s on worker 2bb6e38701844086b72f8bc7d22a2a36
2026-10-02 21:00:02,483 workspaces-Desk-books-bench:default: Job OK (books.localhost||scheduled_job||tvf744dvmr)
2026-10-02 21:00:02,484 Result is kept for 600 seconds
2026-10-02 21:00:02,495 workspaces-Desk-books-bench:default: frappe.utils.background_jobs.execute_job(event=None, is_async=True, job_name='frappe.core.doctype.scheduled_job_type.scheduled_job_type.run_scheduled_jo..., kwargs={'job_type': 'frappe.integrations.doctype.webhook.webhook.retry_failed_webh..., method='frappe.core.doctype.scheduled_job_type.scheduled_job_type.run_scheduled_jo..., site='books.localhost', user='Administrator') (books.localhost||scheduled_job||tvfn6bf8cs)
2026-10-02 21:00:03,244 Successfully completed frappe.utils.background_jobs.execute_job(event=None, is_async=True, job_name='frappe.core.doctype.scheduled_job_type.scheduled_job_type.run_scheduled_jo..., kwargs={'job_type': 'frappe.integrations.doctype.webhook.webhook.retry_failed_webh..., method='frappe.core.doctype.scheduled_job_type.scheduled_job_type.run_scheduled_jo..., site='books.localhost', user='Administrator') job in 0:00:00.741641s on worker 2bb6e38701844086b72f8bc7d22a2a36
2026-10-02 21:00:03,244 workspaces-Desk-books-bench:default: Job OK (books.localhost||scheduled_job||tvfn6bf8cs)
2026-10-02 21:00:03,244 Result is kept for 600 seconds
2026-10-02 21:00:03,262 workspaces-Desk-books-bench:default: frappe.utils.background_jobs.execute_job(event=None, is_async=True, job_name='frappe.core.doctype.scheduled_job_type.scheduled_job_type.run_scheduled_jo..., kwargs={'job_type': 'frappe.deferred_insert.save_to_db', 'scheduled_job_type': 'tv..., method='frappe.core.doctype.scheduled_job_type.scheduled_job_type.run_scheduled_jo..., site='books.localhost', user='Administrator') (books.localhost||scheduled_job||tvfo3fqaj8)
2026-10-02 21:00:03,775 Successfully completed frappe.utils.background_jobs.execute_job(event=None, is_async=True, job_name='frappe.core.doctype.scheduled_job_type.scheduled_job_type.run_scheduled_jo..., kwargs={'job_type': 'frappe.deferred_insert.save_to_db', 'scheduled_job_type': 'tv..., method='frappe.core.doctype.scheduled_job_type.scheduled_job_type.run_scheduled_jo..., site='books.localhost', user='Administrator') job in 0:00:00.503173s on worker 2bb6e38701844086b72f8bc7d22a2a36
2026-10-02 21:00:03,775 workspaces-Desk-books-bench:default: Job OK (books.localhost||scheduled_job||tvfo3fqaj8)
2026-10-02 21:00:03,775 Result is kept for 600 seconds
2026-10-02 21:00:03,785 workspaces-Desk-books-bench:default: frappe.utils.background_jobs.execute_job(event=None, is_async=True, job_name='frappe.core.doctype.scheduled_job_type.scheduled_job_type.run_scheduled_jo..., kwargs={'job_type': 'frappe.email.queue.retry_sending_emails', 'scheduled_job_type..., method='frappe.core.doctype.scheduled_job_type.scheduled_job_type.run_scheduled_jo..., site='books.localhost', user='Administrator') (books.localhost||scheduled_job||tvgunpisoh)
2026-10-02 21:00:04,290 Successfully completed frappe.utils.background_jobs.execute_job(event=None, is_async=True, job_name='frappe.core.doctype.scheduled_job_type.scheduled_job_type.run_scheduled_jo..., kwargs={'job_type': 'frappe.email.queue.retry_sending_emails', 'scheduled_job_type..., method='frappe.core.doctype.scheduled_job_type.scheduled_job_type.run_scheduled_jo..., site='books.localhost', user='Administrator') job in 0:00:00.497951s on worker 2bb6e38701844086b72f8bc7d22a2a36
2026-10-02 21:00:04,290 workspaces-Desk-books-bench:default: Job OK (books.localhost||scheduled_job||tvgunpisoh)
2026-10-02 21:00:04,291 Result is kept for 600 seconds
2026-10-02 21:00:04,301 workspaces-Desk-books-bench:default: frappe.utils.background_jobs.execute_job(event=None, is_async=True, job_name='frappe.core.doctype.scheduled_job_type.scheduled_job_type.run_scheduled_jo..., kwargs={'job_type': 'frappe.integrations.doctype.google_calendar.google_calendar.s..., method='frappe.core.doctype.scheduled_job_type.scheduled_job_type.run_scheduled_jo..., site='books.localhost', user='Administrator') (books.localhost||scheduled_job||tvgsq68nbr)
2026-10-02 21:00:04,785 Successfully completed frappe.utils.background_jobs.execute_job(event=None, is_async=True, job_name='frappe.core.doctype.scheduled_job_type.scheduled_job_type.run_scheduled_jo..., kwargs={'job_type': 'frappe.integrations.doctype.google_calendar.google_calendar.s..., method='frappe.core.doctype.scheduled_job_type.scheduled_job_type.run_scheduled_jo..., site='books.localhost', user='Administrator') job in 0:00:00.477434s on worker 2bb6e38701844086b72f8bc7d22a2a36
2026-10-02 21:00:04,785 workspaces-Desk-books-bench:default: Job OK (books.localhost||scheduled_job||tvgsq68nbr)
2026-10-02 21:00:04,785 Result is kept for 600 seconds
2026-10-02 21:00:04,796 workspaces-Desk-books-bench:default: frappe.utils.background_jobs.execute_job(event=None, is_async=True, job_name='frappe.core.doctype.scheduled_job_type.scheduled_job_type.run_scheduled_jo..., kwargs={'job_type': 'frappe.model.utils.link_count.update_link_count', 'scheduled_..., method='frappe.core.doctype.scheduled_job_type.scheduled_job_type.run_scheduled_jo..., site='books.localhost', user='Administrator') (books.localhost||scheduled_job||tvfuvg3m27)
2026-10-02 21:00:05,271 Successfully completed frappe.utils.background_jobs.execute_job(event=None, is_async=True, job_name='frappe.core.doctype.scheduled_job_type.scheduled_job_type.run_scheduled_jo..., kwargs={'job_type': 'frappe.model.utils.link_count.update_link_count', 'scheduled_..., method='frappe.core.doctype.scheduled_job_type.scheduled_job_type.run_scheduled_jo..., site='books.localhost', user='Administrator') job in 0:00:00.465174s on worker 2bb6e38701844086b72f8bc7d22a2a36
2026-10-02 21:00:05,271 workspaces-Desk-books-bench:default: Job OK (books.localhost||scheduled_job||tvfuvg3m27)
2026-10-02 21:00:05,271 Result is kept for 600 seconds
2026-10-02 21:00:05,280 workspaces-Desk-books-bench:default: frappe.utils.background_jobs.execute_job(event=None, is_async=True, job_name='frappe.core.doctype.scheduled_job_type.scheduled_job_type.run_scheduled_jo..., kwargs={'job_type': 'frappe.automation_engine.scheduler.process_cron', 'scheduled_..., method='frappe.core.doctype.scheduled_job_type.scheduled_job_type.run_scheduled_jo..., site='books.localhost', user='Administrator') (books.localhost||scheduled_job||tvfork1f3p)
2026-10-02 21:00:05,848 Successfully completed frappe.utils.background_jobs.execute_job(event=None, is_async=True, job_name='frappe.core.doctype.scheduled_job_type.scheduled_job_type.run_scheduled_jo..., kwargs={'job_type': 'frappe.automation_engine.scheduler.process_cron', 'scheduled_..., method='frappe.core.doctype.scheduled_job_type.scheduled_job_type.run_scheduled_jo..., site='books.localhost', user='Administrator') job in 0:00:00.560983s on worker 2bb6e38701844086b72f8bc7d22a2a36
2026-10-02 21:00:05,851 workspaces-Desk-books-bench:default: Job OK (books.localhost||scheduled_job||tvfork1f3p)
2026-10-02 21:00:05,851 Result is kept for 600 seconds
2026-10-02 21:00:05,862 workspaces-Desk-books-bench:default: frappe.utils.background_jobs.execute_job(event=None, is_async=True, job_name='frappe.core.doctype.scheduled_job_type.scheduled_job_type.run_scheduled_jo..., kwargs={'job_type': 'frappe.utils.global_search.sync_global_search', 'scheduled_jo..., method='frappe.core.doctype.scheduled_job_type.scheduled_job_type.run_scheduled_jo..., site='books.localhost', user='Administrator') (books.localhost||scheduled_job||tvfvi05ulh)
2026-10-02 21:00:06,376 Successfully completed frappe.utils.background_jobs.execute_job(event=None, is_async=True, job_name='frappe.core.doctype.scheduled_job_type.scheduled_job_type.run_scheduled_jo..., kwargs={'job_type': 'frappe.utils.global_search.sync_global_search', 'scheduled_jo..., method='frappe.core.doctype.scheduled_job_type.scheduled_job_type.run_scheduled_jo..., site='books.localhost', user='Administrator') job in 0:00:00.506968s on worker 2bb6e38701844086b72f8bc7d22a2a36
2026-10-02 21:00:06,377 workspaces-Desk-books-bench:default: Job OK (books.localhost||scheduled_job||tvfvi05ulh)
2026-10-02 21:00:06,377 Result is kept for 600 seconds
2026-10-02 21:00:06,388 workspaces-Desk-books-bench:default: frappe.utils.background_jobs.execute_job(event=None, is_async=True, job_name='frappe.core.doctype.scheduled_job_type.scheduled_job_type.run_scheduled_jo..., kwargs={'job_type': 'frappe.email.queue.flush', 'scheduled_job_type': 'tvgd72bons'..., method='frappe.core.doctype.scheduled_job_type.scheduled_job_type.run_scheduled_jo..., site='books.localhost', user='Administrator') (books.localhost||scheduled_job||tvgd72bons)
2026-10-02 21:00:06,917 Successfully completed frappe.utils.background_jobs.execute_job(event=None, is_async=True, job_name='frappe.core.doctype.scheduled_job_type.scheduled_job_type.run_scheduled_jo..., kwargs={'job_type': 'frappe.email.queue.flush', 'scheduled_job_type': 'tvgd72bons'..., method='frappe.core.doctype.scheduled_job_type.scheduled_job_type.run_scheduled_jo..., site='books.localhost', user='Administrator') job in 0:00:00.518805s on worker 2bb6e38701844086b72f8bc7d22a2a36
2026-10-02 21:00:06,917 workspaces-Desk-books-bench:default: Job OK (books.localhost||scheduled_job||tvgd72bons)
2026-10-02 21:00:06,917 Result is kept for 600 seconds
2026-10-02 21:00:06,936 workspaces-Desk-books-bench:default: frappe.utils.background_jobs.execute_job(event=None, is_async=True, job_name='frappe.core.doctype.scheduled_job_type.scheduled_job_type.run_scheduled_jo..., kwargs={'job_type': 'frappe.search.sqlite_search.index_docs_in_queue', 'scheduled_..., method='frappe.core.doctype.scheduled_job_type.scheduled_job_type.run_scheduled_jo..., site='books.localhost', user='Administrator') (books.localhost||scheduled_job||tvfskgtqqi)
2026-10-02 21:00:07,485 Successfully completed frappe.utils.background_jobs.execute_job(event=None, is_async=True, job_name='frappe.core.doctype.scheduled_job_type.scheduled_job_type.run_scheduled_jo..., kwargs={'job_type': 'frappe.search.sqlite_search.index_docs_in_queue', 'scheduled_..., method='frappe.core.doctype.scheduled_job_type.scheduled_job_type.run_scheduled_jo..., site='books.localhost', user='Administrator') job in 0:00:00.531578s on worker 2bb6e38701844086b72f8bc7d22a2a36
2026-10-02 21:00:07,485 workspaces-Desk-books-bench:default: Job OK (books.localhost||scheduled_job||tvfskgtqqi)
2026-10-02 21:00:07,485 Result is kept for 600 seconds
2026-10-02 21:00:07,494 workspaces-Desk-books-bench:default: frappe.utils.background_jobs.execute_job(event=None, is_async=True, job_name='frappe.core.doctype.scheduled_job_type.scheduled_job_type.run_scheduled_jo..., kwargs={'job_type': 'frappe.email.doctype.notification.notification.trigger_offset..., method='frappe.core.doctype.scheduled_job_type.scheduled_job_type.run_scheduled_jo..., site='books.localhost', user='Administrator') (books.localhost||scheduled_job||tvfkfghgup)
2026-10-02 21:00:08,090 Successfully completed frappe.utils.background_jobs.execute_job(event=None, is_async=True, job_name='frappe.core.doctype.scheduled_job_type.scheduled_job_type.run_scheduled_jo..., kwargs={'job_type': 'frappe.email.doctype.notification.notification.trigger_offset..., method='frappe.core.doctype.scheduled_job_type.scheduled_job_type.run_scheduled_jo..., site='books.localhost', user='Administrator') job in 0:00:00.583971s on worker 2bb6e38701844086b72f8bc7d22a2a36
2026-10-02 21:00:08,091 workspaces-Desk-books-bench:default: Job OK (books.localhost||scheduled_job||tvfkfghgup)
2026-10-02 21:00:08,091 Result is kept for 600 seconds
2026-10-02 21:00:08,120 workspaces-Desk-books-bench:default: frappe.utils.background_jobs.execute_job(event=None, is_async=True, job_name='frappe.core.doctype.scheduled_job_type.scheduled_job_type.run_scheduled_jo..., kwargs={'job_type': 'frappe.email.doctype.email_account.email_account.pull', 'sche..., method='frappe.core.doctype.scheduled_job_type.scheduled_job_type.run_scheduled_jo..., site='books.localhost', user='Administrator') (books.localhost||scheduled_job||tvf6eii5c1)
2026-10-02 21:00:08,750 Successfully completed frappe.utils.background_jobs.execute_job(event=None, is_async=True, job_name='frappe.core.doctype.scheduled_job_type.scheduled_job_type.run_scheduled_jo..., kwargs={'job_type': 'frappe.email.doctype.email_account.email_account.pull', 'sche..., method='frappe.core.doctype.scheduled_job_type.scheduled_job_type.run_scheduled_jo..., site='books.localhost', user='Administrator') job in 0:00:00.607118s on worker 2bb6e38701844086b72f8bc7d22a2a36
2026-10-02 21:00:08,750 workspaces-Desk-books-bench:default: Job OK (books.localhost||scheduled_job||tvf6eii5c1)
2026-10-02 21:00:08,750 Result is kept for 600 seconds
2026-10-02 21:00:08,763 workspaces-Desk-books-bench:default: frappe.utils.background_jobs.execute_job(event=None, is_async=True, job_name='frappe.core.doctype.scheduled_job_type.scheduled_job_type.run_scheduled_jo..., kwargs={'job_type': 'frappe.monitor.flush', 'scheduled_job_type': 'tvg3grmu87'}, method='frappe.core.doctype.scheduled_job_type.scheduled_job_type.run_scheduled_jo..., site='books.localhost', user='Administrator') (books.localhost||scheduled_job||tvg3grmu87)
2026-10-02 21:00:09,251 Successfully completed frappe.utils.background_jobs.execute_job(event=None, is_async=True, job_name='frappe.core.doctype.scheduled_job_type.scheduled_job_type.run_scheduled_jo..., kwargs={'job_type': 'frappe.monitor.flush', 'scheduled_job_type': 'tvg3grmu87'}, method='frappe.core.doctype.scheduled_job_type.scheduled_job_type.run_scheduled_jo..., site='books.localhost', user='Administrator') job in 0:00:00.478643s on worker 2bb6e38701844086b72f8bc7d22a2a36
2026-10-02 21:00:09,252 workspaces-Desk-books-bench:default: Job OK (books.localhost||scheduled_job||tvg3grmu87)
2026-10-02 21:00:09,252 Result is kept for 600 seconds
2026-10-02 21:01:28,703 workspaces-Desk-books-bench:default: frappe.utils.background_jobs.execute_job(event=None, is_async=True, job_name='frappe.desk.page.setup_wizard.setup_wizard.set_timezone', kwargs={'timezone': 'Africa/Johannesburg'}, method=<function set_timezone at 0x7f5a588b8bf0>, site='books.localhost', user='Administrator') (books.localhost||443783de-3fc2-4bb0-aa17-da6575b20c8e)
2026-10-02 21:01:29,509 Successfully completed frappe.utils.background_jobs.execute_job(event=None, is_async=True, job_name='frappe.desk.page.setup_wizard.setup_wizard.set_timezone', kwargs={'timezone': 'Africa/Johannesburg'}, method=<function set_timezone at 0x7f5a588b8bf0>, site='books.localhost', user='Administrator') job in 0:00:00.667264s on worker 2bb6e38701844086b72f8bc7d22a2a36
2026-10-02 21:01:29,509 workspaces-Desk-books-bench:default: Job OK (books.localhost||443783de-3fc2-4bb0-aa17-da6575b20c8e)
2026-10-02 21:01:29,510 Result is kept for 600 seconds
2026-10-02 21:08:14,583 Worker 2bb6e38701844086b72f8bc7d22a2a36: cleaning registries for queue: workspaces-Desk-books-bench:short
2026-10-02 21:08:14,585 Worker 2bb6e38701844086b72f8bc7d22a2a36: cleaning registries for queue: workspaces-Desk-books-bench:default
2026-10-02 21:08:14,586 Worker 2bb6e38701844086b72f8bc7d22a2a36: cleaning registries for queue: workspaces-Desk-books-bench:long
2026-10-02 21:21:44,675 Worker 2bb6e38701844086b72f8bc7d22a2a36: cleaning registries for queue: workspaces-Desk-books-bench:short
2026-10-02 21:21:44,712 Worker 2bb6e38701844086b72f8bc7d22a2a36: cleaning registries for queue: workspaces-Desk-books-bench:default
2026-10-02 21:21:44,715 Worker 2bb6e38701844086b72f8bc7d22a2a36: cleaning registries for queue: workspaces-Desk-books-bench:long
2026-10-02 21:35:14,883 Worker 2bb6e38701844086b72f8bc7d22a2a36: cleaning registries for queue: workspaces-Desk-books-bench:short
2026-10-02 21:35:14,894 Worker 2bb6e38701844086b72f8bc7d22a2a36: cleaning registries for queue: workspaces-Desk-books-bench:default
2026-10-02 21:35:14,900 Worker 2bb6e38701844086b72f8bc7d22a2a36: cleaning registries for queue: workspaces-Desk-books-bench:long
2026-10-02 21:48:45,015 Worker 2bb6e38701844086b72f8bc7d22a2a36: cleaning registries for queue: workspaces-Desk-books-bench:short
2026-10-02 21:48:45,018 Worker 2bb6e38701844086b72f8bc7d22a2a36: cleaning registries for queue: workspaces-Desk-books-bench:default
2026-10-02 21:48:45,020 Worker 2bb6e38701844086b72f8bc7d22a2a36: cleaning registries for queue: workspaces-Desk-books-bench:long
2026-10-03 12:11:58,843 Worker b1d9a60752d544ac9c0e43bf463c4c70: started with PID 65457, version 2.6.1
2026-10-03 12:11:58,843 Worker b1d9a60752d544ac9c0e43bf463c4c70: subscribing to channel rq:pubsub:b1d9a60752d544ac9c0e43bf463c4c70
2026-10-03 12:11:58,845 *** Listening on workspaces-Desk-books-bench:short, workspaces-Desk-books-bench:default, workspaces-Desk-books-bench:long...
2026-10-03 12:11:58,845 Worker b1d9a60752d544ac9c0e43bf463c4c70: cleaning registries for queue: workspaces-Desk-books-bench:short
2026-10-03 12:11:58,852 Worker b1d9a60752d544ac9c0e43bf463c4c70: cleaning registries for queue: workspaces-Desk-books-bench:default
2026-10-03 12:11:58,862 Worker b1d9a60752d544ac9c0e43bf463c4c70: cleaning registries for queue: workspaces-Desk-books-bench:long
2026-10-03 12:12:04,576 workspaces-Desk-books-bench:default: frappe.utils.background_jobs.execute_job(event=None, is_async=True, job_name='frappe.core.doctype.scheduled_job_type.scheduled_job_type.run_scheduled_jo..., kwargs={'job_type': 'frappe.automation_engine.drainer.drain_due', 'scheduled_job_t..., method='frappe.core.doctype.scheduled_job_type.scheduled_job_type.run_scheduled_jo..., site='books.localhost', user='Administrator') (books.localhost||scheduled_job||tvft3lmo5a)
2026-10-03 12:12:07,627 Successfully completed frappe.utils.background_jobs.execute_job(event=None, is_async=True, job_name='frappe.core.doctype.scheduled_job_type.scheduled_job_type.run_scheduled_jo..., kwargs={'job_type': 'frappe.automation_engine.drainer.drain_due', 'scheduled_job_t..., method='frappe.core.doctype.scheduled_job_type.scheduled_job_type.run_scheduled_jo..., site='books.localhost', user='Administrator') job in 0:00:02.985323s on worker b1d9a60752d544ac9c0e43bf463c4c70
2026-10-03 12:12:07,629 workspaces-Desk-books-bench:default: Job OK (books.localhost||scheduled_job||tvft3lmo5a)
2026-10-03 12:12:07,629 Result is kept for 600 seconds
2026-10-03 12:12:07,678 workspaces-Desk-books-bench:default: frappe.utils.background_jobs.execute_job(event=None, is_async=True, job_name='frappe.core.doctype.scheduled_job_type.scheduled_job_type.run_scheduled_jo..., kwargs={'job_type': 'frappe.email.doctype.email_account.email_account.notify_unrep..., method='frappe.core.doctype.scheduled_job_type.scheduled_job_type.run_scheduled_jo..., site='books.localhost', user='Administrator') (books.localhost||scheduled_job||tvf744dvmr)
2026-10-03 12:12:11,595 Successfully completed frappe.utils.background_jobs.execute_job(event=None, is_async=True, job_name='frappe.core.doctype.scheduled_job_type.scheduled_job_type.run_scheduled_jo..., kwargs={'job_type': 'frappe.email.doctype.email_account.email_account.notify_unrep..., method='frappe.core.doctype.scheduled_job_type.scheduled_job_type.run_scheduled_jo..., site='books.localhost', user='Administrator') job in 0:00:03.886741s on worker b1d9a60752d544ac9c0e43bf463c4c70
2026-10-03 12:12:11,596 workspaces-Desk-books-bench:default: Job OK (books.localhost||scheduled_job||tvf744dvmr)
2026-10-03 12:12:11,597 Result is kept for 600 seconds
2026-10-03 12:12:11,621 workspaces-Desk-books-bench:default: frappe.utils.background_jobs.execute_job(event=None, is_async=True, job_name='frappe.core.doctype.scheduled_job_type.scheduled_job_type.run_scheduled_jo..., kwargs={'job_type': 'frappe.email.doctype.notification.notification.trigger_offset..., method='frappe.core.doctype.scheduled_job_type.scheduled_job_type.run_scheduled_jo..., site='books.localhost', user='Administrator') (books.localhost||scheduled_job||tvfkfghgup)
2026-10-03 12:12:13,929 Worker b1d9a60752d544ac9c0e43bf463c4c70 [PID 65457]: warm shut down requested
Traceback (most recent call last):
  File "/workspaces/Desk/books-bench/env/lib/python3.14/site-packages/redis/connection.py", line 855, in connect_check_health
    sock = self.retry.call_with_retry(
        lambda: self._connect(), lambda error: self.disconnect(error)
    )
  File "/workspaces/Desk/books-bench/env/lib/python3.14/site-packages/redis/retry.py", line 116, in call_with_retry
    return do()
  File "/workspaces/Desk/books-bench/env/lib/python3.14/site-packages/redis/connection.py", line 856, in <lambda>
    lambda: self._connect(), lambda error: self.disconnect(error)
            ~~~~~~~~~~~~~^^
  File "/workspaces/Desk/books-bench/env/lib/python3.14/site-packages/redis/connection.py", line 1306, in _connect
    raise err
  File "/workspaces/Desk/books-bench/env/lib/python3.14/site-packages/redis/connection.py", line 1290, in _connect
    sock.connect(socket_address)
    ~~~~~~~~~~~~^^^^^^^^^^^^^^^^
ConnectionRefusedError: [Errno 111] Connection refused

During handling of the above exception, another exception occurred:

Traceback (most recent call last):
  File "/workspaces/Desk/books-bench/apps/frappe/frappe/utils/bench_helper.py", line 57, in invoke
    return super().invoke(ctx)
           ~~~~~~~~~~~~~~^^^^^
  File "/workspaces/Desk/books-bench/env/lib/python3.14/site-packages/click/core.py", line 1970, in invoke
    return _process_result(sub_ctx.command.invoke(sub_ctx))
                           ~~~~~~~~~~~~~~~~~~~~~~^^^^^^^^^
  File "/workspaces/Desk/books-bench/env/lib/python3.14/site-packages/click/core.py", line 1353, in invoke
    return ctx.invoke(self.callback, **ctx.params)
           ~~~~~~~~~~^^^^^^^^^^^^^^^^^^^^^^^^^^^^^
  File "/workspaces/Desk/books-bench/env/lib/python3.14/site-packages/click/core.py", line 907, in invoke
    return callback(*args, **kwargs)
  File "/workspaces/Desk/books-bench/apps/frappe/frappe/commands/scheduler.py", line 206, in start_worker
    start_worker(
    ~~~~~~~~~~~~^
    	queue,
     ^^^^^^
    ...<4 lines>...
    	strategy=strategy,
     ^^^^^^^^^^^^^^^^^^
    )
    ^
  File "/workspaces/Desk/books-bench/apps/frappe/frappe/utils/background_jobs.py", line 433, in start_worker
    worker.work(
    ~~~~~~~~~~~^
    	logging_level=logging_level,
     ^^^^^^^^^^^^^^^^^^^^^^^^^^^^
    ...<4 lines>...
    	with_scheduler=False,
     ^^^^^^^^^^^^^^^^^^^^^
    )
    ^
  File "/workspaces/Desk/books-bench/env/lib/python3.14/site-packages/rq/worker.py", line 631, in work
    self.teardown()
    ~~~~~~~~~~~~~^^
  File "/workspaces/Desk/books-bench/env/lib/python3.14/site-packages/rq/worker.py", line 1150, in teardown
    self.register_death()
    ~~~~~~~~~~~~~~~~~~~^^
  File "/workspaces/Desk/books-bench/env/lib/python3.14/site-packages/rq/worker.py", line 885, in register_death
    p.execute()
    ~~~~~~~~~^^
  File "/workspaces/Desk/books-bench/env/lib/python3.14/site-packages/redis/client.py", line 1687, in execute
    conn = self.connection_pool.get_connection()
  File "/workspaces/Desk/books-bench/env/lib/python3.14/site-packages/redis/utils.py", line 196, in wrapper
    return func(*args, **kwargs)
  File "/workspaces/Desk/books-bench/env/lib/python3.14/site-packages/redis/connection.py", line 2603, in get_connection
    connection.connect()
    ~~~~~~~~~~~~~~~~~~^^
  File "/workspaces/Desk/books-bench/env/lib/python3.14/site-packages/redis/connection.py", line 846, in connect
    self.connect_check_health(check_health=True)
    ~~~~~~~~~~~~~~~~~~~~~~~~~^^^^^^^^^^^^^^^^^^^
  File "/workspaces/Desk/books-bench/env/lib/python3.14/site-packages/redis/connection.py", line 863, in connect_check_health
    raise ConnectionError(self._error_message(e))
redis.exceptions.ConnectionError: Error 111 connecting to 127.0.0.1:11000. Connection refused.

Error 111 connecting to 127.0.0.1:11000. Connection refused.
2026-10-03 12:12:25,498 Worker e6e8d19ca7d9486f9a6d3e6bff526085: started with PID 66013, version 2.6.1
2026-10-03 12:12:25,498 Worker e6e8d19ca7d9486f9a6d3e6bff526085: subscribing to channel rq:pubsub:e6e8d19ca7d9486f9a6d3e6bff526085
2026-10-03 12:12:25,500 *** Listening on workspaces-Desk-books-bench:short, workspaces-Desk-books-bench:default, workspaces-Desk-books-bench:long...
2026-10-03 12:12:25,501 Worker e6e8d19ca7d9486f9a6d3e6bff526085: cleaning registries for queue: workspaces-Desk-books-bench:short
2026-10-03 12:12:25,514 Worker e6e8d19ca7d9486f9a6d3e6bff526085: cleaning registries for queue: workspaces-Desk-books-bench:default
2026-10-03 12:12:25,524 Worker e6e8d19ca7d9486f9a6d3e6bff526085: cleaning registries for queue: workspaces-Desk-books-bench:long
2026-10-03 12:12:25,648 workspaces-Desk-books-bench:default: frappe.utils.background_jobs.execute_job(event=None, is_async=True, job_name='frappe.core.doctype.scheduled_job_type.scheduled_job_type.run_scheduled_jo..., kwargs={'job_type': 'frappe.search.sqlite_search.index_docs_in_queue', 'scheduled_..., method='frappe.core.doctype.scheduled_job_type.scheduled_job_type.run_scheduled_jo..., site='books.localhost', user='Administrator') (books.localhost||scheduled_job||tvfskgtqqi)
2026-10-03 12:12:28,009 Successfully completed frappe.utils.background_jobs.execute_job(event=None, is_async=True, job_name='frappe.core.doctype.scheduled_job_type.scheduled_job_type.run_scheduled_jo..., kwargs={'job_type': 'frappe.search.sqlite_search.index_docs_in_queue', 'scheduled_..., method='frappe.core.doctype.scheduled_job_type.scheduled_job_type.run_scheduled_jo..., site='books.localhost', user='Administrator') job in 0:00:02.302329s on worker e6e8d19ca7d9486f9a6d3e6bff526085
2026-10-03 12:12:28,010 workspaces-Desk-books-bench:default: Job OK (books.localhost||scheduled_job||tvfskgtqqi)
2026-10-03 12:12:28,011 Result is kept for 600 seconds
2026-10-03 12:12:28,029 workspaces-Desk-books-bench:default: frappe.utils.background_jobs.execute_job(event=None, is_async=True, job_name='frappe.core.doctype.scheduled_job_type.scheduled_job_type.run_scheduled_jo..., kwargs={'job_type': 'frappe.automation.doctype.reminder.reminder.send_reminders', ..., method='frappe.core.doctype.scheduled_job_type.scheduled_job_type.run_scheduled_jo..., site='books.localhost', user='Administrator') (books.localhost||scheduled_job||tvftau2n63)
2026-10-03 12:12:29,186 Successfully completed frappe.utils.background_jobs.execute_job(event=None, is_async=True, job_name='frappe.core.doctype.scheduled_job_type.scheduled_job_type.run_scheduled_jo..., kwargs={'job_type': 'frappe.automation.doctype.reminder.reminder.send_reminders', ..., method='frappe.core.doctype.scheduled_job_type.scheduled_job_type.run_scheduled_jo..., site='books.localhost', user='Administrator') job in 0:00:01.141794s on worker e6e8d19ca7d9486f9a6d3e6bff526085
2026-10-03 12:12:29,187 workspaces-Desk-books-bench:default: Job OK (books.localhost||scheduled_job||tvftau2n63)
2026-10-03 12:12:29,187 Result is kept for 600 seconds
2026-10-03 12:12:29,202 workspaces-Desk-books-bench:default: frappe.utils.background_jobs.execute_job(event=None, is_async=True, job_name='frappe.core.doctype.scheduled_job_type.scheduled_job_type.run_scheduled_jo..., kwargs={'job_type': 'frappe.deferred_insert.save_to_db', 'scheduled_job_type': 'tv..., method='frappe.core.doctype.scheduled_job_type.scheduled_job_type.run_scheduled_jo..., site='books.localhost', user='Administrator') (books.localhost||scheduled_job||tvfo3fqaj8)
2026-10-03 12:12:30,416 Successfully completed frappe.utils.background_jobs.execute_job(event=None, is_async=True, job_name='frappe.core.doctype.scheduled_job_type.scheduled_job_type.run_scheduled_jo..., kwargs={'job_type': 'frappe.deferred_insert.save_to_db', 'scheduled_job_type': 'tv..., method='frappe.core.doctype.scheduled_job_type.scheduled_job_type.run_scheduled_jo..., site='books.localhost', user='Administrator') job in 0:00:01.199020s on worker e6e8d19ca7d9486f9a6d3e6bff526085
2026-10-03 12:12:30,416 workspaces-Desk-books-bench:default: Job OK (books.localhost||scheduled_job||tvfo3fqaj8)
2026-10-03 12:12:30,416 Result is kept for 600 seconds
2026-10-03 12:12:30,439 workspaces-Desk-books-bench:default: frappe.utils.background_jobs.execute_job(event=None, is_async=True, job_name='frappe.core.doctype.scheduled_job_type.scheduled_job_type.run_scheduled_jo..., kwargs={'job_type': 'frappe.automation_engine.scheduler.process_cron', 'scheduled_..., method='frappe.core.doctype.scheduled_job_type.scheduled_job_type.run_scheduled_jo..., site='books.localhost', user='Administrator') (books.localhost||scheduled_job||tvfork1f3p)
2026-10-03 12:12:31,603 Successfully completed frappe.utils.background_jobs.execute_job(event=None, is_async=True, job_name='frappe.core.doctype.scheduled_job_type.scheduled_job_type.run_scheduled_jo..., kwargs={'job_type': 'frappe.automation_engine.scheduler.process_cron', 'scheduled_..., method='frappe.core.doctype.scheduled_job_type.scheduled_job_type.run_scheduled_jo..., site='books.localhost', user='Administrator') job in 0:00:01.142798s on worker e6e8d19ca7d9486f9a6d3e6bff526085
2026-10-03 12:12:31,604 workspaces-Desk-books-bench:default: Job OK (books.localhost||scheduled_job||tvfork1f3p)
2026-10-03 12:12:31,604 Result is kept for 600 seconds
2026-10-03 12:12:31,629 workspaces-Desk-books-bench:default: frappe.utils.background_jobs.execute_job(event=None, is_async=True, job_name='frappe.core.doctype.scheduled_job_type.scheduled_job_type.run_scheduled_jo..., kwargs={'job_type': 'frappe.model.utils.link_count.update_link_count', 'scheduled_..., method='frappe.core.doctype.scheduled_job_type.scheduled_job_type.run_scheduled_jo..., site='books.localhost', user='Administrator') (books.localhost||scheduled_job||tvfuvg3m27)
2026-10-03 12:12:32,742 Successfully completed frappe.utils.background_jobs.execute_job(event=None, is_async=True, job_name='frappe.core.doctype.scheduled_job_type.scheduled_job_type.run_scheduled_jo..., kwargs={'job_type': 'frappe.model.utils.link_count.update_link_count', 'scheduled_..., method='frappe.core.doctype.scheduled_job_type.scheduled_job_type.run_scheduled_jo..., site='books.localhost', user='Administrator') job in 0:00:01.098208s on worker e6e8d19ca7d9486f9a6d3e6bff526085
2026-10-03 12:12:32,743 workspaces-Desk-books-bench:default: Job OK (books.localhost||scheduled_job||tvfuvg3m27)
2026-10-03 12:12:32,744 Result is kept for 600 seconds
2026-10-03 12:12:32,764 workspaces-Desk-books-bench:default: frappe.utils.background_jobs.execute_job(event=None, is_async=True, job_name='frappe.core.doctype.scheduled_job_type.scheduled_job_type.run_scheduled_jo..., kwargs={'job_type': 'frappe.email.queue.retry_sending_emails', 'scheduled_job_type..., method='frappe.core.doctype.scheduled_job_type.scheduled_job_type.run_scheduled_jo..., site='books.localhost', user='Administrator') (books.localhost||scheduled_job||tvgunpisoh)
2026-10-03 12:12:36,758 Successfully completed frappe.utils.background_jobs.execute_job(event=None, is_async=True, job_name='frappe.core.doctype.scheduled_job_type.scheduled_job_type.run_scheduled_jo..., kwargs={'job_type': 'frappe.email.queue.retry_sending_emails', 'scheduled_job_type..., method='frappe.core.doctype.scheduled_job_type.scheduled_job_type.run_scheduled_jo..., site='books.localhost', user='Administrator') job in 0:00:03.967395s on worker e6e8d19ca7d9486f9a6d3e6bff526085
2026-10-03 12:12:36,759 workspaces-Desk-books-bench:default: Job OK (books.localhost||scheduled_job||tvgunpisoh)
2026-10-03 12:12:36,759 Result is kept for 600 seconds
2026-10-03 12:12:36,854 workspaces-Desk-books-bench:default: frappe.utils.background_jobs.execute_job(event=None, is_async=True, job_name='frappe.core.doctype.scheduled_job_type.scheduled_job_type.run_scheduled_jo..., kwargs={'job_type': 'frappe.integrations.doctype.google_calendar.google_calendar.s..., method='frappe.core.doctype.scheduled_job_type.scheduled_job_type.run_scheduled_jo..., site='books.localhost', user='Administrator') (books.localhost||scheduled_job||tvgsq68nbr)
2026-10-03 12:12:38,440 Worker e6e8d19ca7d9486f9a6d3e6bff526085 [PID 66013]: warm shut down requested
Traceback (most recent call last):
  File "/workspaces/Desk/books-bench/env/lib/python3.14/site-packages/redis/connection.py", line 855, in connect_check_health
    sock = self.retry.call_with_retry(
        lambda: self._connect(), lambda error: self.disconnect(error)
    )
  File "/workspaces/Desk/books-bench/env/lib/python3.14/site-packages/redis/retry.py", line 116, in call_with_retry
    return do()
  File "/workspaces/Desk/books-bench/env/lib/python3.14/site-packages/redis/connection.py", line 856, in <lambda>
    lambda: self._connect(), lambda error: self.disconnect(error)
            ~~~~~~~~~~~~~^^
  File "/workspaces/Desk/books-bench/env/lib/python3.14/site-packages/redis/connection.py", line 1306, in _connect
    raise err
  File "/workspaces/Desk/books-bench/env/lib/python3.14/site-packages/redis/connection.py", line 1290, in _connect
    sock.connect(socket_address)
    ~~~~~~~~~~~~^^^^^^^^^^^^^^^^
ConnectionRefusedError: [Errno 111] Connection refused

During handling of the above exception, another exception occurred:

Traceback (most recent call last):
  File "/workspaces/Desk/books-bench/apps/frappe/frappe/utils/bench_helper.py", line 57, in invoke
    return super().invoke(ctx)
           ~~~~~~~~~~~~~~^^^^^
  File "/workspaces/Desk/books-bench/env/lib/python3.14/site-packages/click/core.py", line 1970, in invoke
    return _process_result(sub_ctx.command.invoke(sub_ctx))
                           ~~~~~~~~~~~~~~~~~~~~~~^^^^^^^^^
  File "/workspaces/Desk/books-bench/env/lib/python3.14/site-packages/click/core.py", line 1353, in invoke
    return ctx.invoke(self.callback, **ctx.params)
           ~~~~~~~~~~^^^^^^^^^^^^^^^^^^^^^^^^^^^^^
  File "/workspaces/Desk/books-bench/env/lib/python3.14/site-packages/click/core.py", line 907, in invoke
    return callback(*args, **kwargs)
  File "/workspaces/Desk/books-bench/apps/frappe/frappe/commands/scheduler.py", line 206, in start_worker
    start_worker(
    ~~~~~~~~~~~~^
    	queue,
     ^^^^^^
    ...<4 lines>...
    	strategy=strategy,
     ^^^^^^^^^^^^^^^^^^
    )
    ^
  File "/workspaces/Desk/books-bench/apps/frappe/frappe/utils/background_jobs.py", line 433, in start_worker
    worker.work(
    ~~~~~~~~~~~^
    	logging_level=logging_level,
     ^^^^^^^^^^^^^^^^^^^^^^^^^^^^
    ...<4 lines>...
    	with_scheduler=False,
     ^^^^^^^^^^^^^^^^^^^^^
    )
    ^
  File "/workspaces/Desk/books-bench/env/lib/python3.14/site-packages/rq/worker.py", line 631, in work
    self.teardown()
    ~~~~~~~~~~~~~^^
  File "/workspaces/Desk/books-bench/env/lib/python3.14/site-packages/rq/worker.py", line 1150, in teardown
    self.register_death()
    ~~~~~~~~~~~~~~~~~~~^^
  File "/workspaces/Desk/books-bench/env/lib/python3.14/site-packages/rq/worker.py", line 885, in register_death
    p.execute()
    ~~~~~~~~~^^
  File "/workspaces/Desk/books-bench/env/lib/python3.14/site-packages/redis/client.py", line 1687, in execute
    conn = self.connection_pool.get_connection()
  File "/workspaces/Desk/books-bench/env/lib/python3.14/site-packages/redis/utils.py", line 196, in wrapper
    return func(*args, **kwargs)
  File "/workspaces/Desk/books-bench/env/lib/python3.14/site-packages/redis/connection.py", line 2603, in get_connection
    connection.connect()
    ~~~~~~~~~~~~~~~~~~^^
  File "/workspaces/Desk/books-bench/env/lib/python3.14/site-packages/redis/connection.py", line 846, in connect
    self.connect_check_health(check_health=True)
    ~~~~~~~~~~~~~~~~~~~~~~~~~^^^^^^^^^^^^^^^^^^^
  File "/workspaces/Desk/books-bench/env/lib/python3.14/site-packages/redis/connection.py", line 863, in connect_check_health
    raise ConnectionError(self._error_message(e))
redis.exceptions.ConnectionError: Error 111 connecting to 127.0.0.1:11000. Connection refused.

Error 111 connecting to 127.0.0.1:11000. Connection refused.
2026-10-03 12:12:51,342 Worker 6e147a73896848748ee8647dca37ecf7: started with PID 66585, version 2.6.1
2026-10-03 12:12:51,344 Worker 6e147a73896848748ee8647dca37ecf7: subscribing to channel rq:pubsub:6e147a73896848748ee8647dca37ecf7
2026-10-03 12:12:51,346 *** Listening on workspaces-Desk-books-bench:short, workspaces-Desk-books-bench:default, workspaces-Desk-books-bench:long...
2026-10-03 12:12:51,347 Worker 6e147a73896848748ee8647dca37ecf7: cleaning registries for queue: workspaces-Desk-books-bench:short
2026-10-03 12:12:51,350 Worker 6e147a73896848748ee8647dca37ecf7: cleaning registries for queue: workspaces-Desk-books-bench:default
2026-10-03 12:12:51,352 Worker 6e147a73896848748ee8647dca37ecf7: cleaning registries for queue: workspaces-Desk-books-bench:long
2026-10-03 12:12:51,391 workspaces-Desk-books-bench:default: frappe.utils.background_jobs.execute_job(event=None, is_async=True, job_name='frappe.core.doctype.scheduled_job_type.scheduled_job_type.run_scheduled_jo..., kwargs={'job_type': 'frappe.utils.telemetry.pulse.client.send_queued_events', 'sch..., method='frappe.core.doctype.scheduled_job_type.scheduled_job_type.run_scheduled_jo..., site='books.localhost', user='Administrator') (books.localhost||scheduled_job||tvfdg2svpd)
2026-10-03 12:12:54,417 Successfully completed frappe.utils.background_jobs.execute_job(event=None, is_async=True, job_name='frappe.core.doctype.scheduled_job_type.scheduled_job_type.run_scheduled_jo..., kwargs={'job_type': 'frappe.utils.telemetry.pulse.client.send_queued_events', 'sch..., method='frappe.core.doctype.scheduled_job_type.scheduled_job_type.run_scheduled_jo..., site='books.localhost', user='Administrator') job in 0:00:02.679061s on worker 6e147a73896848748ee8647dca37ecf7
2026-10-03 12:12:54,417 workspaces-Desk-books-bench:default: Job OK (books.localhost||scheduled_job||tvfdg2svpd)
2026-10-03 12:12:54,417 Result is kept for 600 seconds
2026-10-03 12:12:54,437 workspaces-Desk-books-bench:default: frappe.utils.background_jobs.execute_job(event=None, is_async=True, job_name='frappe.core.doctype.scheduled_job_type.scheduled_job_type.run_scheduled_jo..., kwargs={'job_type': 'frappe.monitor.flush', 'scheduled_job_type': 'tvg3grmu87'}, method='frappe.core.doctype.scheduled_job_type.scheduled_job_type.run_scheduled_jo..., site='books.localhost', user='Administrator') (books.localhost||scheduled_job||tvg3grmu87)
2026-10-03 12:12:55,973 Successfully completed frappe.utils.background_jobs.execute_job(event=None, is_async=True, job_name='frappe.core.doctype.scheduled_job_type.scheduled_job_type.run_scheduled_jo..., kwargs={'job_type': 'frappe.monitor.flush', 'scheduled_job_type': 'tvg3grmu87'}, method='frappe.core.doctype.scheduled_job_type.scheduled_job_type.run_scheduled_jo..., site='books.localhost', user='Administrator') job in 0:00:01.519962s on worker 6e147a73896848748ee8647dca37ecf7
2026-10-03 12:12:55,974 workspaces-Desk-books-bench:default: Job OK (books.localhost||scheduled_job||tvg3grmu87)
2026-10-03 12:12:55,974 Result is kept for 600 seconds
2026-10-03 12:12:56,006 workspaces-Desk-books-bench:default: frappe.utils.background_jobs.execute_job(event=None, is_async=True, job_name='frappe.core.doctype.scheduled_job_type.scheduled_job_type.run_scheduled_jo..., kwargs={'job_type': 'frappe.automation_engine.scheduler.process_date_based', 'sche..., method='frappe.core.doctype.scheduled_job_type.scheduled_job_type.run_scheduled_jo..., site='books.localhost', user='Administrator') (books.localhost||scheduled_job||tvgjpnjvhs)
2026-10-03 12:12:57,689 Successfully completed frappe.utils.background_jobs.execute_job(event=None, is_async=True, job_name='frappe.core.doctype.scheduled_job_type.scheduled_job_type.run_scheduled_jo..., kwargs={'job_type': 'frappe.automation_engine.scheduler.process_date_based', 'sche..., method='frappe.core.doctype.scheduled_job_type.scheduled_job_type.run_scheduled_jo..., site='books.localhost', user='Administrator') job in 0:00:01.648547s on worker 6e147a73896848748ee8647dca37ecf7
2026-10-03 12:12:57,691 workspaces-Desk-books-bench:default: Job OK (books.localhost||scheduled_job||tvgjpnjvhs)
2026-10-03 12:12:57,692 Result is kept for 600 seconds
2026-10-03 12:12:57,729 workspaces-Desk-books-bench:default: frappe.utils.background_jobs.execute_job(event=None, is_async=True, job_name='frappe.core.doctype.scheduled_job_type.scheduled_job_type.run_scheduled_jo..., kwargs={'job_type': 'frappe.email.doctype.email_account.email_account.pull', 'sche..., method='frappe.core.doctype.scheduled_job_type.scheduled_job_type.run_scheduled_jo..., site='books.localhost', user='Administrator') (books.localhost||scheduled_job||tvf6eii5c1)
2026-10-03 12:13:00,128 Successfully completed frappe.utils.background_jobs.execute_job(event=None, is_async=True, job_name='frappe.core.doctype.scheduled_job_type.scheduled_job_type.run_scheduled_jo..., kwargs={'job_type': 'frappe.email.doctype.email_account.email_account.pull', 'sche..., method='frappe.core.doctype.scheduled_job_type.scheduled_job_type.run_scheduled_jo..., site='books.localhost', user='Administrator') job in 0:00:02.376533s on worker 6e147a73896848748ee8647dca37ecf7
2026-10-03 12:13:00,130 workspaces-Desk-books-bench:default: Job OK (books.localhost||scheduled_job||tvf6eii5c1)
2026-10-03 12:13:00,130 Result is kept for 600 seconds
2026-10-03 12:13:00,158 workspaces-Desk-books-bench:default: frappe.utils.background_jobs.execute_job(event=None, is_async=True, job_name='frappe.core.doctype.scheduled_job_type.scheduled_job_type.run_scheduled_jo..., kwargs={'job_type': 'frappe.email.queue.flush', 'scheduled_job_type': 'tvgd72bons'..., method='frappe.core.doctype.scheduled_job_type.scheduled_job_type.run_scheduled_jo..., site='books.localhost', user='Administrator') (books.localhost||scheduled_job||tvgd72bons)
2026-10-03 12:13:04,718 Successfully completed frappe.utils.background_jobs.execute_job(event=None, is_async=True, job_name='frappe.core.doctype.scheduled_job_type.scheduled_job_type.run_scheduled_jo..., kwargs={'job_type': 'frappe.email.queue.flush', 'scheduled_job_type': 'tvgd72bons'..., method='frappe.core.doctype.scheduled_job_type.scheduled_job_type.run_scheduled_jo..., site='books.localhost', user='Administrator') job in 0:00:04.515687s on worker 6e147a73896848748ee8647dca37ecf7
2026-10-03 12:13:04,718 workspaces-Desk-books-bench:default: Job OK (books.localhost||scheduled_job||tvgd72bons)
2026-10-03 12:13:04,719 Result is kept for 600 seconds
2026-10-03 12:13:04,868 workspaces-Desk-books-bench:default: frappe.utils.background_jobs.execute_job(event=None, is_async=True, job_name='frappe.core.doctype.scheduled_job_type.scheduled_job_type.run_scheduled_jo..., kwargs={'job_type': 'frappe.integrations.doctype.webhook.webhook.retry_failed_webh..., method='frappe.core.doctype.scheduled_job_type.scheduled_job_type.run_scheduled_jo..., site='books.localhost', user='Administrator') (books.localhost||scheduled_job||tvfn6bf8cs)
2026-10-03 12:13:10,615 Worker 6e147a73896848748ee8647dca37ecf7 [PID 66585]: warm shut down requested
Traceback (most recent call last):
  File "/workspaces/Desk/books-bench/env/lib/python3.14/site-packages/redis/connection.py", line 855, in connect_check_health
    sock = self.retry.call_with_retry(
        lambda: self._connect(), lambda error: self.disconnect(error)
    )
  File "/workspaces/Desk/books-bench/env/lib/python3.14/site-packages/redis/retry.py", line 116, in call_with_retry
    return do()
  File "/workspaces/Desk/books-bench/env/lib/python3.14/site-packages/redis/connection.py", line 856, in <lambda>
    lambda: self._connect(), lambda error: self.disconnect(error)
            ~~~~~~~~~~~~~^^
  File "/workspaces/Desk/books-bench/env/lib/python3.14/site-packages/redis/connection.py", line 1306, in _connect
    raise err
  File "/workspaces/Desk/books-bench/env/lib/python3.14/site-packages/redis/connection.py", line 1290, in _connect
    sock.connect(socket_address)
    ~~~~~~~~~~~~^^^^^^^^^^^^^^^^
ConnectionRefusedError: [Errno 111] Connection refused

During handling of the above exception, another exception occurred:

Traceback (most recent call last):
  File "/workspaces/Desk/books-bench/apps/frappe/frappe/utils/bench_helper.py", line 57, in invoke
    return super().invoke(ctx)
           ~~~~~~~~~~~~~~^^^^^
  File "/workspaces/Desk/books-bench/env/lib/python3.14/site-packages/click/core.py", line 1970, in invoke
    return _process_result(sub_ctx.command.invoke(sub_ctx))
                           ~~~~~~~~~~~~~~~~~~~~~~^^^^^^^^^
  File "/workspaces/Desk/books-bench/env/lib/python3.14/site-packages/click/core.py", line 1353, in invoke
    return ctx.invoke(self.callback, **ctx.params)
           ~~~~~~~~~~^^^^^^^^^^^^^^^^^^^^^^^^^^^^^
  File "/workspaces/Desk/books-bench/env/lib/python3.14/site-packages/click/core.py", line 907, in invoke
    return callback(*args, **kwargs)
  File "/workspaces/Desk/books-bench/apps/frappe/frappe/commands/scheduler.py", line 206, in start_worker
    start_worker(
    ~~~~~~~~~~~~^
    	queue,
     ^^^^^^
    ...<4 lines>...
    	strategy=strategy,
     ^^^^^^^^^^^^^^^^^^
    )
    ^
  File "/workspaces/Desk/books-bench/apps/frappe/frappe/utils/background_jobs.py", line 433, in start_worker
    worker.work(
    ~~~~~~~~~~~^
    	logging_level=logging_level,
     ^^^^^^^^^^^^^^^^^^^^^^^^^^^^
    ...<4 lines>...
    	with_scheduler=False,
     ^^^^^^^^^^^^^^^^^^^^^
    )
    ^
  File "/workspaces/Desk/books-bench/env/lib/python3.14/site-packages/rq/worker.py", line 631, in work
    self.teardown()
    ~~~~~~~~~~~~~^^
  File "/workspaces/Desk/books-bench/env/lib/python3.14/site-packages/rq/worker.py", line 1150, in teardown
    self.register_death()
    ~~~~~~~~~~~~~~~~~~~^^
  File "/workspaces/Desk/books-bench/env/lib/python3.14/site-packages/rq/worker.py", line 885, in register_death
    p.execute()
    ~~~~~~~~~^^
  File "/workspaces/Desk/books-bench/env/lib/python3.14/site-packages/redis/client.py", line 1687, in execute
    conn = self.connection_pool.get_connection()
  File "/workspaces/Desk/books-bench/env/lib/python3.14/site-packages/redis/utils.py", line 196, in wrapper
    return func(*args, **kwargs)
  File "/workspaces/Desk/books-bench/env/lib/python3.14/site-packages/redis/connection.py", line 2603, in get_connection
    connection.connect()
    ~~~~~~~~~~~~~~~~~~^^
  File "/workspaces/Desk/books-bench/env/lib/python3.14/site-packages/redis/connection.py", line 846, in connect
    self.connect_check_health(check_health=True)
    ~~~~~~~~~~~~~~~~~~~~~~~~~^^^^^^^^^^^^^^^^^^^
  File "/workspaces/Desk/books-bench/env/lib/python3.14/site-packages/redis/connection.py", line 863, in connect_check_health
    raise ConnectionError(self._error_message(e))
redis.exceptions.ConnectionError: Error 111 connecting to 127.0.0.1:11000. Connection refused.

Error 111 connecting to 127.0.0.1:11000. Connection refused.
2026-10-03 12:15:28,622 Worker f1af22a7e72047aba15e1fa2779045e2: started with PID 69184, version 2.6.1
2026-10-03 12:15:28,623 Worker f1af22a7e72047aba15e1fa2779045e2: subscribing to channel rq:pubsub:f1af22a7e72047aba15e1fa2779045e2
2026-10-03 12:15:28,624 *** Listening on workspaces-Desk-books-bench:short, workspaces-Desk-books-bench:default, workspaces-Desk-books-bench:long...
2026-10-03 12:15:28,625 Worker f1af22a7e72047aba15e1fa2779045e2: cleaning registries for queue: workspaces-Desk-books-bench:short
2026-10-03 12:15:28,628 Worker f1af22a7e72047aba15e1fa2779045e2: cleaning registries for queue: workspaces-Desk-books-bench:default
2026-10-03 12:15:29,125 Worker f1af22a7e72047aba15e1fa2779045e2: cleaning registries for queue: workspaces-Desk-books-bench:long
2026-10-03 12:15:29,199 workspaces-Desk-books-bench:default: frappe.utils.background_jobs.execute_job(event=None, is_async=True, job_name='frappe.core.doctype.scheduled_job_type.scheduled_job_type.run_scheduled_jo..., kwargs={'job_type': 'frappe.search.sqlite_search.build_index_if_not_exists', 'sche..., method='frappe.core.doctype.scheduled_job_type.scheduled_job_type.run_scheduled_jo..., site='books.localhost', user='Administrator') (books.localhost||scheduled_job||tvg4vfgpfo)
2026-10-03 12:15:35,278 Successfully completed frappe.utils.background_jobs.execute_job(event=None, is_async=True, job_name='frappe.core.doctype.scheduled_job_type.scheduled_job_type.run_scheduled_jo..., kwargs={'job_type': 'frappe.search.sqlite_search.build_index_if_not_exists', 'sche..., method='frappe.core.doctype.scheduled_job_type.scheduled_job_type.run_scheduled_jo..., site='books.localhost', user='Administrator') job in 0:00:05.786495s on worker f1af22a7e72047aba15e1fa2779045e2
2026-10-03 12:15:35,288 workspaces-Desk-books-bench:default: Job OK (books.localhost||scheduled_job||tvg4vfgpfo)
2026-10-03 12:15:35,288 Result is kept for 600 seconds
2026-10-03 12:15:35,327 workspaces-Desk-books-bench:default: frappe.utils.background_jobs.execute_job(event=None, is_async=True, job_name='frappe.core.doctype.scheduled_job_type.scheduled_job_type.run_scheduled_jo..., kwargs={'job_type': 'frappe.utils.global_search.sync_global_search', 'scheduled_jo..., method='frappe.core.doctype.scheduled_job_type.scheduled_job_type.run_scheduled_jo..., site='books.localhost', user='Administrator') (books.localhost||scheduled_job||tvfvi05ulh)
2026-10-03 12:15:37,733 Successfully completed frappe.utils.background_jobs.execute_job(event=None, is_async=True, job_name='frappe.core.doctype.scheduled_job_type.scheduled_job_type.run_scheduled_jo..., kwargs={'job_type': 'frappe.utils.global_search.sync_global_search', 'scheduled_jo..., method='frappe.core.doctype.scheduled_job_type.scheduled_job_type.run_scheduled_jo..., site='books.localhost', user='Administrator') job in 0:00:02.378363s on worker f1af22a7e72047aba15e1fa2779045e2
2026-10-03 12:15:37,736 workspaces-Desk-books-bench:default: Job OK (books.localhost||scheduled_job||tvfvi05ulh)
2026-10-03 12:15:37,736 Result is kept for 600 seconds
2026-10-03 12:15:37,759 workspaces-Desk-books-bench:long: frappe.utils.background_jobs.execute_job(event=None, is_async=True, job_name='frappe.core.doctype.scheduled_job_type.scheduled_job_type.run_scheduled_jo..., kwargs={'job_type': 'frappe.website.doctype.web_page.web_page.check_publish_status..., method='frappe.core.doctype.scheduled_job_type.scheduled_job_type.run_scheduled_jo..., site='books.localhost', user='Administrator') (books.localhost||scheduled_job||tvgdoar14l)
2026-10-03 12:15:40,717 Successfully completed frappe.utils.background_jobs.execute_job(event=None, is_async=True, job_name='frappe.core.doctype.scheduled_job_type.scheduled_job_type.run_scheduled_jo..., kwargs={'job_type': 'frappe.website.doctype.web_page.web_page.check_publish_status..., method='frappe.core.doctype.scheduled_job_type.scheduled_job_type.run_scheduled_jo..., site='books.localhost', user='Administrator') job in 0:00:02.936169s on worker f1af22a7e72047aba15e1fa2779045e2
2026-10-03 12:15:40,718 workspaces-Desk-books-bench:long: Job OK (books.localhost||scheduled_job||tvgdoar14l)
2026-10-03 12:15:40,721 Result is kept for 600 seconds
2026-10-03 12:15:40,764 workspaces-Desk-books-bench:long: frappe.utils.background_jobs.execute_job(event=None, is_async=True, job_name='frappe.core.doctype.scheduled_job_type.scheduled_job_type.run_scheduled_jo..., kwargs={'job_type': 'frappe.twofactor.delete_all_barcodes_for_users', 'scheduled_j..., method='frappe.core.doctype.scheduled_job_type.scheduled_job_type.run_scheduled_jo..., site='books.localhost', user='Administrator') (books.localhost||scheduled_job||tvgv7rqa4s)
2026-10-03 12:15:45,223 Successfully completed frappe.utils.background_jobs.execute_job(event=None, is_async=True, job_name='frappe.core.doctype.scheduled_job_type.scheduled_job_type.run_scheduled_jo..., kwargs={'job_type': 'frappe.twofactor.delete_all_barcodes_for_users', 'scheduled_j..., method='frappe.core.doctype.scheduled_job_type.scheduled_job_type.run_scheduled_jo..., site='books.localhost', user='Administrator') job in 0:00:04.425755s on worker f1af22a7e72047aba15e1fa2779045e2
2026-10-03 12:15:45,243 workspaces-Desk-books-bench:long: Job OK (books.localhost||scheduled_job||tvgv7rqa4s)
2026-10-03 12:15:45,246 Result is kept for 600 seconds
2026-10-03 12:15:45,358 workspaces-Desk-books-bench:long: frappe.utils.background_jobs.execute_job(event=None, is_async=True, job_name='frappe.core.doctype.scheduled_job_type.scheduled_job_type.run_scheduled_jo..., kwargs={'job_type': 'frappe.core.doctype.prepared_report.prepared_report.expire_st..., method='frappe.core.doctype.scheduled_job_type.scheduled_job_type.run_scheduled_jo..., site='books.localhost', user='Administrator') (books.localhost||scheduled_job||tvg8jplthl)
2026-10-03 12:15:53,362 Successfully completed frappe.utils.background_jobs.execute_job(event=None, is_async=True, job_name='frappe.core.doctype.scheduled_job_type.scheduled_job_type.run_scheduled_jo..., kwargs={'job_type': 'frappe.core.doctype.prepared_report.prepared_report.expire_st..., method='frappe.core.doctype.scheduled_job_type.scheduled_job_type.run_scheduled_jo..., site='books.localhost', user='Administrator') job in 0:00:07.818645s on worker f1af22a7e72047aba15e1fa2779045e2
2026-10-03 12:15:53,363 workspaces-Desk-books-bench:long: Job OK (books.localhost||scheduled_job||tvg8jplthl)
2026-10-03 12:15:53,363 Result is kept for 600 seconds
2026-10-03 12:15:53,388 workspaces-Desk-books-bench:long: frappe.utils.background_jobs.execute_job(event=None, is_async=True, job_name='frappe.core.doctype.scheduled_job_type.scheduled_job_type.run_scheduled_jo..., kwargs={'job_type': 'frappe.model.utils.user_settings.sync_user_settings', 'schedu..., method='frappe.core.doctype.scheduled_job_type.scheduled_job_type.run_scheduled_jo..., site='books.localhost', user='Administrator') (books.localhost||scheduled_job||tvgofd67up)
2026-10-03 12:15:56,551 Successfully completed frappe.utils.background_jobs.execute_job(event=None, is_async=True, job_name='frappe.core.doctype.scheduled_job_type.scheduled_job_type.run_scheduled_jo..., kwargs={'job_type': 'frappe.model.utils.user_settings.sync_user_settings', 'schedu..., method='frappe.core.doctype.scheduled_job_type.scheduled_job_type.run_scheduled_jo..., site='books.localhost', user='Administrator') job in 0:00:03.136317s on worker f1af22a7e72047aba15e1fa2779045e2
2026-10-03 12:15:56,557 workspaces-Desk-books-bench:long: Job OK (books.localhost||scheduled_job||tvgofd67up)
2026-10-03 12:15:56,557 Result is kept for 600 seconds
2026-10-03 12:15:56,652 workspaces-Desk-books-bench:long: frappe.utils.background_jobs.execute_job(event=None, is_async=True, job_name='frappe.core.doctype.scheduled_job_type.scheduled_job_type.run_scheduled_jo..., kwargs={'job_type': 'frappe.desk.form.document_follow.send_hourly_updates', 'sched..., method='frappe.core.doctype.scheduled_job_type.scheduled_job_type.run_scheduled_jo..., site='books.localhost', user='Administrator') (books.localhost||scheduled_job||tvgrsllvqc)
2026-10-03 12:15:59,849 Successfully completed frappe.utils.background_jobs.execute_job(event=None, is_async=True, job_name='frappe.core.doctype.scheduled_job_type.scheduled_job_type.run_scheduled_jo..., kwargs={'job_type': 'frappe.desk.form.document_follow.send_hourly_updates', 'sched..., method='frappe.core.doctype.scheduled_job_type.scheduled_job_type.run_scheduled_jo..., site='books.localhost', user='Administrator') job in 0:00:03.126274s on worker f1af22a7e72047aba15e1fa2779045e2
2026-10-03 12:15:59,850 workspaces-Desk-books-bench:long: Job OK (books.localhost||scheduled_job||tvgrsllvqc)
2026-10-03 12:15:59,850 Result is kept for 600 seconds
2026-10-03 12:16:00,143 workspaces-Desk-books-bench:long: frappe.utils.background_jobs.execute_job(event=None, is_async=True, job_name='frappe.core.doctype.scheduled_job_type.scheduled_job_type.run_scheduled_jo..., kwargs={'job_type': 'frappe.desk.page.backups.backups.delete_downloadable_backups'..., method='frappe.core.doctype.scheduled_job_type.scheduled_job_type.run_scheduled_jo..., site='books.localhost', user='Administrator') (books.localhost||scheduled_job||tvglsv9vc9)
2026-10-03 12:16:03,557 Successfully completed frappe.utils.background_jobs.execute_job(event=None, is_async=True, job_name='frappe.core.doctype.scheduled_job_type.scheduled_job_type.run_scheduled_jo..., kwargs={'job_type': 'frappe.desk.page.backups.backups.delete_downloadable_backups'..., method='frappe.core.doctype.scheduled_job_type.scheduled_job_type.run_scheduled_jo..., site='books.localhost', user='Administrator') job in 0:00:03.318786s on worker f1af22a7e72047aba15e1fa2779045e2
2026-10-03 12:16:03,558 workspaces-Desk-books-bench:long: Job OK (books.localhost||scheduled_job||tvglsv9vc9)
2026-10-03 12:16:03,559 Result is kept for 600 seconds
2026-10-03 12:16:03,592 workspaces-Desk-books-bench:default: frappe.utils.background_jobs.execute_job(event=None, is_async=True, job_name='frappe.core.doctype.scheduled_job_type.scheduled_job_type.run_scheduled_jo..., kwargs={'job_type': 'frappe.model.utils.link_count.update_link_count', 'scheduled_..., method='frappe.core.doctype.scheduled_job_type.scheduled_job_type.run_scheduled_jo..., site='books.localhost', user='Administrator') (books.localhost||scheduled_job||tvfuvg3m27)
2026-10-03 12:16:11,424 Successfully completed frappe.utils.background_jobs.execute_job(event=None, is_async=True, job_name='frappe.core.doctype.scheduled_job_type.scheduled_job_type.run_scheduled_jo..., kwargs={'job_type': 'frappe.model.utils.link_count.update_link_count', 'scheduled_..., method='frappe.core.doctype.scheduled_job_type.scheduled_job_type.run_scheduled_jo..., site='books.localhost', user='Administrator') job in 0:00:07.780074s on worker f1af22a7e72047aba15e1fa2779045e2
2026-10-03 12:16:11,427 workspaces-Desk-books-bench:default: Job OK (books.localhost||scheduled_job||tvfuvg3m27)
2026-10-03 12:16:11,427 Result is kept for 600 seconds
2026-10-03 12:16:11,510 workspaces-Desk-books-bench:default: frappe.utils.background_jobs.execute_job(event=None, is_async=True, job_name='frappe.core.doctype.scheduled_job_type.scheduled_job_type.run_scheduled_jo..., kwargs={'job_type': 'frappe.email.doctype.notification.notification.trigger_offset..., method='frappe.core.doctype.scheduled_job_type.scheduled_job_type.run_scheduled_jo..., site='books.localhost', user='Administrator') (books.localhost||scheduled_job||tvfkfghgup)
2026-10-03 12:16:17,439 Successfully completed frappe.utils.background_jobs.execute_job(event=None, is_async=True, job_name='frappe.core.doctype.scheduled_job_type.scheduled_job_type.run_scheduled_jo..., kwargs={'job_type': 'frappe.email.doctype.notification.notification.trigger_offset..., method='frappe.core.doctype.scheduled_job_type.scheduled_job_type.run_scheduled_jo..., site='books.localhost', user='Administrator') job in 0:00:05.814873s on worker f1af22a7e72047aba15e1fa2779045e2
2026-10-03 12:16:17,453 workspaces-Desk-books-bench:default: Job OK (books.localhost||scheduled_job||tvfkfghgup)
2026-10-03 12:16:17,460 Result is kept for 600 seconds
2026-10-03 12:16:17,773 workspaces-Desk-books-bench:default: frappe.utils.background_jobs.execute_job(event=None, is_async=True, job_name='frappe.core.doctype.scheduled_job_type.scheduled_job_type.run_scheduled_jo..., kwargs={'job_type': 'frappe.automation.doctype.reminder.reminder.send_reminders', ..., method='frappe.core.doctype.scheduled_job_type.scheduled_job_type.run_scheduled_jo..., site='books.localhost', user='Administrator') (books.localhost||scheduled_job||tvftau2n63)
2026-10-03 12:16:23,859 Successfully completed frappe.utils.background_jobs.execute_job(event=None, is_async=True, job_name='frappe.core.doctype.scheduled_job_type.scheduled_job_type.run_scheduled_jo..., kwargs={'job_type': 'frappe.automation.doctype.reminder.reminder.send_reminders', ..., method='frappe.core.doctype.scheduled_job_type.scheduled_job_type.run_scheduled_jo..., site='books.localhost', user='Administrator') job in 0:00:06.012734s on worker f1af22a7e72047aba15e1fa2779045e2
2026-10-03 12:16:23,863 workspaces-Desk-books-bench:default: Job OK (books.localhost||scheduled_job||tvftau2n63)
2026-10-03 12:16:23,863 Result is kept for 600 seconds
2026-10-03 12:16:24,060 workspaces-Desk-books-bench:default: frappe.utils.background_jobs.execute_job(event=None, is_async=True, job_name='frappe.core.doctype.scheduled_job_type.scheduled_job_type.run_scheduled_jo..., kwargs={'job_type': 'frappe.utils.telemetry.pulse.client.send_queued_events', 'sch..., method='frappe.core.doctype.scheduled_job_type.scheduled_job_type.run_scheduled_jo..., site='books.localhost', user='Administrator') (books.localhost||scheduled_job||tvfdg2svpd)
2026-10-03 12:16:31,013 Successfully completed frappe.utils.background_jobs.execute_job(event=None, is_async=True, job_name='frappe.core.doctype.scheduled_job_type.scheduled_job_type.run_scheduled_jo..., kwargs={'job_type': 'frappe.utils.telemetry.pulse.client.send_queued_events', 'sch..., method='frappe.core.doctype.scheduled_job_type.scheduled_job_type.run_scheduled_jo..., site='books.localhost', user='Administrator') job in 0:00:06.690945s on worker f1af22a7e72047aba15e1fa2779045e2
2026-10-03 12:16:31,026 workspaces-Desk-books-bench:default: Job OK (books.localhost||scheduled_job||tvfdg2svpd)
2026-10-03 12:16:31,026 Result is kept for 600 seconds
2026-10-03 12:16:31,243 workspaces-Desk-books-bench:default: frappe.utils.background_jobs.execute_job(event=None, is_async=True, job_name='frappe.core.doctype.scheduled_job_type.scheduled_job_type.run_scheduled_jo..., kwargs={'job_type': 'frappe.automation_engine.scheduler.process_cron', 'scheduled_..., method='frappe.core.doctype.scheduled_job_type.scheduled_job_type.run_scheduled_jo..., site='books.localhost', user='Administrator') (books.localhost||scheduled_job||tvfork1f3p)
2026-10-03 12:16:36,956 Successfully completed frappe.utils.background_jobs.execute_job(event=None, is_async=True, job_name='frappe.core.doctype.scheduled_job_type.scheduled_job_type.run_scheduled_jo..., kwargs={'job_type': 'frappe.automation_engine.scheduler.process_cron', 'scheduled_..., method='frappe.core.doctype.scheduled_job_type.scheduled_job_type.run_scheduled_jo..., site='books.localhost', user='Administrator') job in 0:00:05.618284s on worker f1af22a7e72047aba15e1fa2779045e2
2026-10-03 12:16:36,956 workspaces-Desk-books-bench:default: Job OK (books.localhost||scheduled_job||tvfork1f3p)
2026-10-03 12:16:36,956 Result is kept for 600 seconds
2026-10-03 12:16:37,046 workspaces-Desk-books-bench:default: frappe.utils.background_jobs.execute_job(event=None, is_async=True, job_name='frappe.core.doctype.scheduled_job_type.scheduled_job_type.run_scheduled_jo..., kwargs={'job_type': 'frappe.integrations.doctype.google_calendar.google_calendar.s..., method='frappe.core.doctype.scheduled_job_type.scheduled_job_type.run_scheduled_jo..., site='books.localhost', user='Administrator') (books.localhost||scheduled_job||tvgsq68nbr)
2026-10-03 12:16:43,252 Successfully completed frappe.utils.background_jobs.execute_job(event=None, is_async=True, job_name='frappe.core.doctype.scheduled_job_type.scheduled_job_type.run_scheduled_jo..., kwargs={'job_type': 'frappe.integrations.doctype.google_calendar.google_calendar.s..., method='frappe.core.doctype.scheduled_job_type.scheduled_job_type.run_scheduled_jo..., site='books.localhost', user='Administrator') job in 0:00:06.112060s on worker f1af22a7e72047aba15e1fa2779045e2
2026-10-03 12:16:43,253 workspaces-Desk-books-bench:default: Job OK (books.localhost||scheduled_job||tvgsq68nbr)
2026-10-03 12:16:43,254 Result is kept for 600 seconds
2026-10-03 12:16:43,267 workspaces-Desk-books-bench:default: frappe.utils.background_jobs.execute_job(event=None, is_async=True, job_name='frappe.core.doctype.scheduled_job_type.scheduled_job_type.run_scheduled_jo..., kwargs={'job_type': 'frappe.search.sqlite_search.index_docs_in_queue', 'scheduled_..., method='frappe.core.doctype.scheduled_job_type.scheduled_job_type.run_scheduled_jo..., site='books.localhost', user='Administrator') (books.localhost||scheduled_job||tvfskgtqqi)
2026-10-03 12:16:47,955 Successfully completed frappe.utils.background_jobs.execute_job(event=None, is_async=True, job_name='frappe.core.doctype.scheduled_job_type.scheduled_job_type.run_scheduled_jo..., kwargs={'job_type': 'frappe.search.sqlite_search.index_docs_in_queue', 'scheduled_..., method='frappe.core.doctype.scheduled_job_type.scheduled_job_type.run_scheduled_jo..., site='books.localhost', user='Administrator') job in 0:00:04.652866s on worker f1af22a7e72047aba15e1fa2779045e2
2026-10-03 12:16:47,961 workspaces-Desk-books-bench:default: Job OK (books.localhost||scheduled_job||tvfskgtqqi)
2026-10-03 12:16:47,961 Result is kept for 600 seconds
2026-10-03 12:16:48,083 workspaces-Desk-books-bench:default: frappe.utils.background_jobs.execute_job(event=None, is_async=True, job_name='frappe.core.doctype.scheduled_job_type.scheduled_job_type.run_scheduled_jo..., kwargs={'job_type': 'frappe.integrations.doctype.webhook.webhook.retry_failed_webh..., method='frappe.core.doctype.scheduled_job_type.scheduled_job_type.run_scheduled_jo..., site='books.localhost', user='Administrator') (books.localhost||scheduled_job||tvfn6bf8cs)
2026-10-03 12:16:53,130 Successfully completed frappe.utils.background_jobs.execute_job(event=None, is_async=True, job_name='frappe.core.doctype.scheduled_job_type.scheduled_job_type.run_scheduled_jo..., kwargs={'job_type': 'frappe.integrations.doctype.webhook.webhook.retry_failed_webh..., method='frappe.core.doctype.scheduled_job_type.scheduled_job_type.run_scheduled_jo..., site='books.localhost', user='Administrator') job in 0:00:04.916752s on worker f1af22a7e72047aba15e1fa2779045e2
2026-10-03 12:16:53,132 workspaces-Desk-books-bench:default: Job OK (books.localhost||scheduled_job||tvfn6bf8cs)
2026-10-03 12:16:53,154 Result is kept for 600 seconds
2026-10-03 12:16:53,309 workspaces-Desk-books-bench:default: frappe.utils.background_jobs.execute_job(event=None, is_async=True, job_name='frappe.core.doctype.scheduled_job_type.scheduled_job_type.run_scheduled_jo..., kwargs={'job_type': 'frappe.deferred_insert.save_to_db', 'scheduled_job_type': 'tv..., method='frappe.core.doctype.scheduled_job_type.scheduled_job_type.run_scheduled_jo..., site='books.localhost', user='Administrator') (books.localhost||scheduled_job||tvfo3fqaj8)
2026-10-03 12:16:55,295 Successfully completed frappe.utils.background_jobs.execute_job(event=None, is_async=True, job_name='frappe.core.doctype.scheduled_job_type.scheduled_job_type.run_scheduled_jo..., kwargs={'job_type': 'frappe.deferred_insert.save_to_db', 'scheduled_job_type': 'tv..., method='frappe.core.doctype.scheduled_job_type.scheduled_job_type.run_scheduled_jo..., site='books.localhost', user='Administrator') job in 0:00:01.935141s on worker f1af22a7e72047aba15e1fa2779045e2
2026-10-03 12:16:55,296 workspaces-Desk-books-bench:default: Job OK (books.localhost||scheduled_job||tvfo3fqaj8)
2026-10-03 12:16:55,297 Result is kept for 600 seconds
2026-10-03 12:16:55,317 workspaces-Desk-books-bench:default: frappe.utils.background_jobs.execute_job(event=None, is_async=True, job_name='frappe.core.doctype.scheduled_job_type.scheduled_job_type.run_scheduled_jo..., kwargs={'job_type': 'frappe.email.queue.flush', 'scheduled_job_type': 'tvgd72bons'..., method='frappe.core.doctype.scheduled_job_type.scheduled_job_type.run_scheduled_jo..., site='books.localhost', user='Administrator') (books.localhost||scheduled_job||tvgd72bons)
2026-10-03 12:16:58,758 Successfully completed frappe.utils.background_jobs.execute_job(event=None, is_async=True, job_name='frappe.core.doctype.scheduled_job_type.scheduled_job_type.run_scheduled_jo..., kwargs={'job_type': 'frappe.email.queue.flush', 'scheduled_job_type': 'tvgd72bons'..., method='frappe.core.doctype.scheduled_job_type.scheduled_job_type.run_scheduled_jo..., site='books.localhost', user='Administrator') job in 0:00:03.413837s on worker f1af22a7e72047aba15e1fa2779045e2
2026-10-03 12:16:58,759 workspaces-Desk-books-bench:default: Job OK (books.localhost||scheduled_job||tvgd72bons)
2026-10-03 12:16:58,759 Result is kept for 600 seconds
2026-10-03 12:16:58,780 workspaces-Desk-books-bench:default: frappe.utils.background_jobs.execute_job(event=None, is_async=True, job_name='frappe.core.doctype.scheduled_job_type.scheduled_job_type.run_scheduled_jo..., kwargs={'job_type': 'frappe.automation_engine.drainer.drain_due', 'scheduled_job_t..., method='frappe.core.doctype.scheduled_job_type.scheduled_job_type.run_scheduled_jo..., site='books.localhost', user='Administrator') (books.localhost||scheduled_job||tvft3lmo5a)
2026-10-03 12:17:00,158 Successfully completed frappe.utils.background_jobs.execute_job(event=None, is_async=True, job_name='frappe.core.doctype.scheduled_job_type.scheduled_job_type.run_scheduled_jo..., kwargs={'job_type': 'frappe.automation_engine.drainer.drain_due', 'scheduled_job_t..., method='frappe.core.doctype.scheduled_job_type.scheduled_job_type.run_scheduled_jo..., site='books.localhost', user='Administrator') job in 0:00:01.346783s on worker f1af22a7e72047aba15e1fa2779045e2
2026-10-03 12:17:00,160 workspaces-Desk-books-bench:default: Job OK (books.localhost||scheduled_job||tvft3lmo5a)
2026-10-03 12:17:00,160 Result is kept for 600 seconds
2026-10-03 12:17:00,187 workspaces-Desk-books-bench:default: frappe.utils.background_jobs.execute_job(event=None, is_async=True, job_name='frappe.core.doctype.scheduled_job_type.scheduled_job_type.run_scheduled_jo..., kwargs={'job_type': 'frappe.monitor.flush', 'scheduled_job_type': 'tvg3grmu87'}, method='frappe.core.doctype.scheduled_job_type.scheduled_job_type.run_scheduled_jo..., site='books.localhost', user='Administrator') (books.localhost||scheduled_job||tvg3grmu87)
2026-10-03 12:17:01,356 Successfully completed frappe.utils.background_jobs.execute_job(event=None, is_async=True, job_name='frappe.core.doctype.scheduled_job_type.scheduled_job_type.run_scheduled_jo..., kwargs={'job_type': 'frappe.monitor.flush', 'scheduled_job_type': 'tvg3grmu87'}, method='frappe.core.doctype.scheduled_job_type.scheduled_job_type.run_scheduled_jo..., site='books.localhost', user='Administrator') job in 0:00:01.074115s on worker f1af22a7e72047aba15e1fa2779045e2
2026-10-03 12:17:01,358 workspaces-Desk-books-bench:default: Job OK (books.localhost||scheduled_job||tvg3grmu87)
2026-10-03 12:17:01,359 Result is kept for 600 seconds
2026-10-03 12:17:01,390 workspaces-Desk-books-bench:default: frappe.utils.background_jobs.execute_job(event=None, is_async=True, job_name='frappe.core.doctype.scheduled_job_type.scheduled_job_type.run_scheduled_jo..., kwargs={'job_type': 'frappe.email.doctype.email_account.email_account.notify_unrep..., method='frappe.core.doctype.scheduled_job_type.scheduled_job_type.run_scheduled_jo..., site='books.localhost', user='Administrator') (books.localhost||scheduled_job||tvf744dvmr)
2026-10-03 12:17:03,830 Successfully completed frappe.utils.background_jobs.execute_job(event=None, is_async=True, job_name='frappe.core.doctype.scheduled_job_type.scheduled_job_type.run_scheduled_jo..., kwargs={'job_type': 'frappe.email.doctype.email_account.email_account.notify_unrep..., method='frappe.core.doctype.scheduled_job_type.scheduled_job_type.run_scheduled_jo..., site='books.localhost', user='Administrator') job in 0:00:02.411145s on worker f1af22a7e72047aba15e1fa2779045e2
2026-10-03 12:17:03,835 workspaces-Desk-books-bench:default: Job OK (books.localhost||scheduled_job||tvf744dvmr)
2026-10-03 12:17:03,837 Result is kept for 600 seconds
2026-10-03 12:17:03,869 workspaces-Desk-books-bench:default: frappe.utils.background_jobs.execute_job(event=None, is_async=True, job_name='frappe.core.doctype.scheduled_job_type.scheduled_job_type.run_scheduled_jo..., kwargs={'job_type': 'frappe.email.queue.retry_sending_emails', 'scheduled_job_type..., method='frappe.core.doctype.scheduled_job_type.scheduled_job_type.run_scheduled_jo..., site='books.localhost', user='Administrator') (books.localhost||scheduled_job||tvgunpisoh)
2026-10-03 12:17:05,135 Successfully completed frappe.utils.background_jobs.execute_job(event=None, is_async=True, job_name='frappe.core.doctype.scheduled_job_type.scheduled_job_type.run_scheduled_jo..., kwargs={'job_type': 'frappe.email.queue.retry_sending_emails', 'scheduled_job_type..., method='frappe.core.doctype.scheduled_job_type.scheduled_job_type.run_scheduled_jo..., site='books.localhost', user='Administrator') job in 0:00:01.234096s on worker f1af22a7e72047aba15e1fa2779045e2
2026-10-03 12:17:05,140 workspaces-Desk-books-bench:default: Job OK (books.localhost||scheduled_job||tvgunpisoh)
2026-10-03 12:17:05,140 Result is kept for 600 seconds
2026-10-03 12:17:05,189 workspaces-Desk-books-bench:long: frappe.utils.background_jobs.execute_job(event=None, is_async=True, job_name='frappe.core.doctype.scheduled_job_type.scheduled_job_type.run_scheduled_jo..., kwargs={'job_type': 'frappe.website.doctype.personal_data_deletion_request.persona..., method='frappe.core.doctype.scheduled_job_type.scheduled_job_type.run_scheduled_jo..., site='books.localhost', user='Administrator') (books.localhost||scheduled_job||tvgmdocdkk)
2026-10-03 12:17:07,852 Successfully completed frappe.utils.background_jobs.execute_job(event=None, is_async=True, job_name='frappe.core.doctype.scheduled_job_type.scheduled_job_type.run_scheduled_jo..., kwargs={'job_type': 'frappe.website.doctype.personal_data_deletion_request.persona..., method='frappe.core.doctype.scheduled_job_type.scheduled_job_type.run_scheduled_jo..., site='books.localhost', user='Administrator') job in 0:00:02.587377s on worker f1af22a7e72047aba15e1fa2779045e2
2026-10-03 12:17:07,855 workspaces-Desk-books-bench:long: Job OK (books.localhost||scheduled_job||tvgmdocdkk)
2026-10-03 12:17:07,856 Result is kept for 600 seconds
2026-10-03 12:17:08,004 workspaces-Desk-books-bench:long: frappe.utils.background_jobs.execute_job(event=None, is_async=True, job_name='frappe.core.doctype.scheduled_job_type.scheduled_job_type.run_scheduled_jo..., kwargs={'job_type': 'frappe.desk.utils.delete_old_exported_report_files', 'schedul..., method='frappe.core.doctype.scheduled_job_type.scheduled_job_type.run_scheduled_jo..., site='books.localhost', user='Administrator') (books.localhost||scheduled_job||tvgepb5rts)
2026-10-03 12:17:09,892 Successfully completed frappe.utils.background_jobs.execute_job(event=None, is_async=True, job_name='frappe.core.doctype.scheduled_job_type.scheduled_job_type.run_scheduled_jo..., kwargs={'job_type': 'frappe.desk.utils.delete_old_exported_report_files', 'schedul..., method='frappe.core.doctype.scheduled_job_type.scheduled_job_type.run_scheduled_jo..., site='books.localhost', user='Administrator') job in 0:00:01.834762s on worker f1af22a7e72047aba15e1fa2779045e2
2026-10-03 12:17:09,894 workspaces-Desk-books-bench:long: Job OK (books.localhost||scheduled_job||tvgepb5rts)
2026-10-03 12:17:09,894 Result is kept for 600 seconds
2026-10-03 12:17:09,920 workspaces-Desk-books-bench:long: frappe.utils.background_jobs.execute_job(event=None, is_async=True, job_name='frappe.core.doctype.scheduled_job_type.scheduled_job_type.run_scheduled_jo..., kwargs={'job_type': 'frappe.oauth.delete_oauth2_data', 'scheduled_job_type': 'tvgo..., method='frappe.core.doctype.scheduled_job_type.scheduled_job_type.run_scheduled_jo..., site='books.localhost', user='Administrator') (books.localhost||scheduled_job||tvgoktusp8)
2026-10-03 12:17:13,532 Successfully completed frappe.utils.background_jobs.execute_job(event=None, is_async=True, job_name='frappe.core.doctype.scheduled_job_type.scheduled_job_type.run_scheduled_jo..., kwargs={'job_type': 'frappe.oauth.delete_oauth2_data', 'scheduled_job_type': 'tvgo..., method='frappe.core.doctype.scheduled_job_type.scheduled_job_type.run_scheduled_jo..., site='books.localhost', user='Administrator') job in 0:00:03.593655s on worker f1af22a7e72047aba15e1fa2779045e2
2026-10-03 12:17:13,535 workspaces-Desk-books-bench:long: Job OK (books.localhost||scheduled_job||tvgoktusp8)
2026-10-03 12:17:13,538 Result is kept for 600 seconds
2026-10-03 12:20:00,635 workspaces-Desk-books-bench:default: frappe.utils.background_jobs.execute_job(event=None, is_async=True, job_name='frappe.core.doctype.scheduled_job_type.scheduled_job_type.run_scheduled_jo..., kwargs={'job_type': 'frappe.email.doctype.notification.notification.trigger_offset..., method='frappe.core.doctype.scheduled_job_type.scheduled_job_type.run_scheduled_jo..., site='books.localhost', user='Administrator') (books.localhost||scheduled_job||tvfkfghgup)
2026-10-03 12:20:03,018 Successfully completed frappe.utils.background_jobs.execute_job(event=None, is_async=True, job_name='frappe.core.doctype.scheduled_job_type.scheduled_job_type.run_scheduled_jo..., kwargs={'job_type': 'frappe.email.doctype.notification.notification.trigger_offset..., method='frappe.core.doctype.scheduled_job_type.scheduled_job_type.run_scheduled_jo..., site='books.localhost', user='Administrator') job in 0:00:02.360929s on worker f1af22a7e72047aba15e1fa2779045e2
2026-10-03 12:20:03,020 workspaces-Desk-books-bench:default: Job OK (books.localhost||scheduled_job||tvfkfghgup)
2026-10-03 12:20:03,021 Result is kept for 600 seconds
2026-10-03 12:20:03,099 workspaces-Desk-books-bench:default: frappe.utils.background_jobs.execute_job(event=None, is_async=True, job_name='frappe.core.doctype.scheduled_job_type.scheduled_job_type.run_scheduled_jo..., kwargs={'job_type': 'frappe.automation_engine.scheduler.process_cron', 'scheduled_..., method='frappe.core.doctype.scheduled_job_type.scheduled_job_type.run_scheduled_jo..., site='books.localhost', user='Administrator') (books.localhost||scheduled_job||tvfork1f3p)
2026-10-03 12:20:03,976 Successfully completed frappe.utils.background_jobs.execute_job(event=None, is_async=True, job_name='frappe.core.doctype.scheduled_job_type.scheduled_job_type.run_scheduled_jo..., kwargs={'job_type': 'frappe.automation_engine.scheduler.process_cron', 'scheduled_..., method='frappe.core.doctype.scheduled_job_type.scheduled_job_type.run_scheduled_jo..., site='books.localhost', user='Administrator') job in 0:00:00.850149s on worker f1af22a7e72047aba15e1fa2779045e2
2026-10-03 12:20:03,978 workspaces-Desk-books-bench:default: Job OK (books.localhost||scheduled_job||tvfork1f3p)
2026-10-03 12:20:03,978 Result is kept for 600 seconds
2026-10-03 12:20:03,991 workspaces-Desk-books-bench:default: frappe.utils.background_jobs.execute_job(event=None, is_async=True, job_name='frappe.core.doctype.scheduled_job_type.scheduled_job_type.run_scheduled_jo..., kwargs={'job_type': 'frappe.search.sqlite_search.index_docs_in_queue', 'scheduled_..., method='frappe.core.doctype.scheduled_job_type.scheduled_job_type.run_scheduled_jo..., site='books.localhost', user='Administrator') (books.localhost||scheduled_job||tvfskgtqqi)
2026-10-03 12:20:05,214 Successfully completed frappe.utils.background_jobs.execute_job(event=None, is_async=True, job_name='frappe.core.doctype.scheduled_job_type.scheduled_job_type.run_scheduled_jo..., kwargs={'job_type': 'frappe.search.sqlite_search.index_docs_in_queue', 'scheduled_..., method='frappe.core.doctype.scheduled_job_type.scheduled_job_type.run_scheduled_jo..., site='books.localhost', user='Administrator') job in 0:00:01.208914s on worker f1af22a7e72047aba15e1fa2779045e2
2026-10-03 12:20:05,216 workspaces-Desk-books-bench:default: Job OK (books.localhost||scheduled_job||tvfskgtqqi)
2026-10-03 12:20:05,216 Result is kept for 600 seconds
2026-10-03 12:20:05,228 workspaces-Desk-books-bench:default: frappe.utils.background_jobs.execute_job(event=None, is_async=True, job_name='frappe.core.doctype.scheduled_job_type.scheduled_job_type.run_scheduled_jo..., kwargs={'job_type': 'frappe.integrations.doctype.google_calendar.google_calendar.s..., method='frappe.core.doctype.scheduled_job_type.scheduled_job_type.run_scheduled_jo..., site='books.localhost', user='Administrator') (books.localhost||scheduled_job||tvgsq68nbr)
2026-10-03 12:20:06,420 Successfully completed frappe.utils.background_jobs.execute_job(event=None, is_async=True, job_name='frappe.core.doctype.scheduled_job_type.scheduled_job_type.run_scheduled_jo..., kwargs={'job_type': 'frappe.integrations.doctype.google_calendar.google_calendar.s..., method='frappe.core.doctype.scheduled_job_type.scheduled_job_type.run_scheduled_jo..., site='books.localhost', user='Administrator') job in 0:00:01.173554s on worker f1af22a7e72047aba15e1fa2779045e2
2026-10-03 12:20:06,422 workspaces-Desk-books-bench:default: Job OK (books.localhost||scheduled_job||tvgsq68nbr)
2026-10-03 12:20:06,424 Result is kept for 600 seconds
2026-10-03 12:20:06,450 workspaces-Desk-books-bench:default: frappe.utils.background_jobs.execute_job(event=None, is_async=True, job_name='frappe.core.doctype.scheduled_job_type.scheduled_job_type.run_scheduled_jo..., kwargs={'job_type': 'frappe.email.doctype.email_account.email_account.pull', 'sche..., method='frappe.core.doctype.scheduled_job_type.scheduled_job_type.run_scheduled_jo..., site='books.localhost', user='Administrator') (books.localhost||scheduled_job||tvf6eii5c1)
2026-10-03 12:20:08,728 Successfully completed frappe.utils.background_jobs.execute_job(event=None, is_async=True, job_name='frappe.core.doctype.scheduled_job_type.scheduled_job_type.run_scheduled_jo..., kwargs={'job_type': 'frappe.email.doctype.email_account.email_account.pull', 'sche..., method='frappe.core.doctype.scheduled_job_type.scheduled_job_type.run_scheduled_jo..., site='books.localhost', user='Administrator') job in 0:00:02.257937s on worker f1af22a7e72047aba15e1fa2779045e2
2026-10-03 12:20:08,731 workspaces-Desk-books-bench:default: Job OK (books.localhost||scheduled_job||tvf6eii5c1)
2026-10-03 12:20:08,731 Result is kept for 600 seconds
2026-10-03 12:20:08,759 workspaces-Desk-books-bench:default: frappe.utils.background_jobs.execute_job(event=None, is_async=True, job_name='frappe.core.doctype.scheduled_job_type.scheduled_job_type.run_scheduled_jo..., kwargs={'job_type': 'frappe.integrations.doctype.webhook.webhook.retry_failed_webh..., method='frappe.core.doctype.scheduled_job_type.scheduled_job_type.run_scheduled_jo..., site='books.localhost', user='Administrator') (books.localhost||scheduled_job||tvfn6bf8cs)
2026-10-03 12:20:09,776 Successfully completed frappe.utils.background_jobs.execute_job(event=None, is_async=True, job_name='frappe.core.doctype.scheduled_job_type.scheduled_job_type.run_scheduled_jo..., kwargs={'job_type': 'frappe.integrations.doctype.webhook.webhook.retry_failed_webh..., method='frappe.core.doctype.scheduled_job_type.scheduled_job_type.run_scheduled_jo..., site='books.localhost', user='Administrator') job in 0:00:00.989895s on worker f1af22a7e72047aba15e1fa2779045e2
2026-10-03 12:20:09,776 workspaces-Desk-books-bench:default: Job OK (books.localhost||scheduled_job||tvfn6bf8cs)
2026-10-03 12:20:09,777 Result is kept for 600 seconds
2026-10-03 12:20:09,794 workspaces-Desk-books-bench:default: frappe.utils.background_jobs.execute_job(event=None, is_async=True, job_name='frappe.core.doctype.scheduled_job_type.scheduled_job_type.run_scheduled_jo..., kwargs={'job_type': 'frappe.email.queue.retry_sending_emails', 'scheduled_job_type..., method='frappe.core.doctype.scheduled_job_type.scheduled_job_type.run_scheduled_jo..., site='books.localhost', user='Administrator') (books.localhost||scheduled_job||tvgunpisoh)
2026-10-03 12:20:10,975 Successfully completed frappe.utils.background_jobs.execute_job(event=None, is_async=True, job_name='frappe.core.doctype.scheduled_job_type.scheduled_job_type.run_scheduled_jo..., kwargs={'job_type': 'frappe.email.queue.retry_sending_emails', 'scheduled_job_type..., method='frappe.core.doctype.scheduled_job_type.scheduled_job_type.run_scheduled_jo..., site='books.localhost', user='Administrator') job in 0:00:01.163575s on worker f1af22a7e72047aba15e1fa2779045e2
2026-10-03 12:20:10,976 workspaces-Desk-books-bench:default: Job OK (books.localhost||scheduled_job||tvgunpisoh)
2026-10-03 12:20:10,976 Result is kept for 600 seconds
2026-10-03 12:20:10,990 workspaces-Desk-books-bench:default: frappe.utils.background_jobs.execute_job(event=None, is_async=True, job_name='frappe.core.doctype.scheduled_job_type.scheduled_job_type.run_scheduled_jo..., kwargs={'job_type': 'frappe.automation_engine.drainer.drain_due', 'scheduled_job_t..., method='frappe.core.doctype.scheduled_job_type.scheduled_job_type.run_scheduled_jo..., site='books.localhost', user='Administrator') (books.localhost||scheduled_job||tvft3lmo5a)
2026-10-03 12:20:12,909 Successfully completed frappe.utils.background_jobs.execute_job(event=None, is_async=True, job_name='frappe.core.doctype.scheduled_job_type.scheduled_job_type.run_scheduled_jo..., kwargs={'job_type': 'frappe.automation_engine.drainer.drain_due', 'scheduled_job_t..., method='frappe.core.doctype.scheduled_job_type.scheduled_job_type.run_scheduled_jo..., site='books.localhost', user='Administrator') job in 0:00:01.871930s on worker f1af22a7e72047aba15e1fa2779045e2
2026-10-03 12:20:12,914 workspaces-Desk-books-bench:default: Job OK (books.localhost||scheduled_job||tvft3lmo5a)
2026-10-03 12:20:12,914 Result is kept for 600 seconds
2026-10-03 12:20:12,978 workspaces-Desk-books-bench:default: frappe.utils.background_jobs.execute_job(event=None, is_async=True, job_name='frappe.core.doctype.scheduled_job_type.scheduled_job_type.run_scheduled_jo..., kwargs={'job_type': 'frappe.email.queue.flush', 'scheduled_job_type': 'tvgd72bons'..., method='frappe.core.doctype.scheduled_job_type.scheduled_job_type.run_scheduled_jo..., site='books.localhost', user='Administrator') (books.localhost||scheduled_job||tvgd72bons)
2026-10-03 12:20:14,240 Successfully completed frappe.utils.background_jobs.execute_job(event=None, is_async=True, job_name='frappe.core.doctype.scheduled_job_type.scheduled_job_type.run_scheduled_jo..., kwargs={'job_type': 'frappe.email.queue.flush', 'scheduled_job_type': 'tvgd72bons'..., method='frappe.core.doctype.scheduled_job_type.scheduled_job_type.run_scheduled_jo..., site='books.localhost', user='Administrator') job in 0:00:01.205500s on worker f1af22a7e72047aba15e1fa2779045e2
2026-10-03 12:20:14,242 workspaces-Desk-books-bench:default: Job OK (books.localhost||scheduled_job||tvgd72bons)
2026-10-03 12:20:14,243 Result is kept for 600 seconds
2026-10-03 12:20:14,266 workspaces-Desk-books-bench:default: frappe.utils.background_jobs.execute_job(event=None, is_async=True, job_name='frappe.core.doctype.scheduled_job_type.scheduled_job_type.run_scheduled_jo..., kwargs={'job_type': 'frappe.monitor.flush', 'scheduled_job_type': 'tvg3grmu87'}, method='frappe.core.doctype.scheduled_job_type.scheduled_job_type.run_scheduled_jo..., site='books.localhost', user='Administrator') (books.localhost||scheduled_job||tvg3grmu87)
2026-10-03 12:20:15,389 Successfully completed frappe.utils.background_jobs.execute_job(event=None, is_async=True, job_name='frappe.core.doctype.scheduled_job_type.scheduled_job_type.run_scheduled_jo..., kwargs={'job_type': 'frappe.monitor.flush', 'scheduled_job_type': 'tvg3grmu87'}, method='frappe.core.doctype.scheduled_job_type.scheduled_job_type.run_scheduled_jo..., site='books.localhost', user='Administrator') job in 0:00:01.112156s on worker f1af22a7e72047aba15e1fa2779045e2
2026-10-03 12:20:15,389 workspaces-Desk-books-bench:default: Job OK (books.localhost||scheduled_job||tvg3grmu87)
2026-10-03 12:20:15,390 Result is kept for 600 seconds
2026-10-03 12:24:00,685 workspaces-Desk-books-bench:default: frappe.utils.background_jobs.execute_job(event=None, is_async=True, job_name='frappe.core.doctype.scheduled_job_type.scheduled_job_type.run_scheduled_jo..., kwargs={'job_type': 'frappe.email.queue.flush', 'scheduled_job_type': 'tvgd72bons'..., method='frappe.core.doctype.scheduled_job_type.scheduled_job_type.run_scheduled_jo..., site='books.localhost', user='Administrator') (books.localhost||scheduled_job||tvgd72bons)
2026-10-03 12:24:02,619 Successfully completed frappe.utils.background_jobs.execute_job(event=None, is_async=True, job_name='frappe.core.doctype.scheduled_job_type.scheduled_job_type.run_scheduled_jo..., kwargs={'job_type': 'frappe.email.queue.flush', 'scheduled_job_type': 'tvgd72bons'..., method='frappe.core.doctype.scheduled_job_type.scheduled_job_type.run_scheduled_jo..., site='books.localhost', user='Administrator') job in 0:00:01.911457s on worker f1af22a7e72047aba15e1fa2779045e2
2026-10-03 12:24:02,621 workspaces-Desk-books-bench:default: Job OK (books.localhost||scheduled_job||tvgd72bons)
2026-10-03 12:24:02,622 Result is kept for 600 seconds
2026-10-03 12:24:02,634 workspaces-Desk-books-bench:default: frappe.utils.background_jobs.execute_job(event=None, is_async=True, job_name='frappe.core.doctype.scheduled_job_type.scheduled_job_type.run_scheduled_jo..., kwargs={'job_type': 'frappe.email.queue.retry_sending_emails', 'scheduled_job_type..., method='frappe.core.doctype.scheduled_job_type.scheduled_job_type.run_scheduled_jo..., site='books.localhost', user='Administrator') (books.localhost||scheduled_job||tvgunpisoh)
2026-10-03 12:24:03,213 Successfully completed frappe.utils.background_jobs.execute_job(event=None, is_async=True, job_name='frappe.core.doctype.scheduled_job_type.scheduled_job_type.run_scheduled_jo..., kwargs={'job_type': 'frappe.email.queue.retry_sending_emails', 'scheduled_job_type..., method='frappe.core.doctype.scheduled_job_type.scheduled_job_type.run_scheduled_jo..., site='books.localhost', user='Administrator') job in 0:00:00.568986s on worker f1af22a7e72047aba15e1fa2779045e2
2026-10-03 12:24:03,214 workspaces-Desk-books-bench:default: Job OK (books.localhost||scheduled_job||tvgunpisoh)
2026-10-03 12:24:03,214 Result is kept for 600 seconds
2026-10-03 12:24:03,228 workspaces-Desk-books-bench:default: frappe.utils.background_jobs.execute_job(event=None, is_async=True, job_name='frappe.core.doctype.scheduled_job_type.scheduled_job_type.run_scheduled_jo..., kwargs={'job_type': 'frappe.integrations.doctype.google_calendar.google_calendar.s..., method='frappe.core.doctype.scheduled_job_type.scheduled_job_type.run_scheduled_jo..., site='books.localhost', user='Administrator') (books.localhost||scheduled_job||tvgsq68nbr)
2026-10-03 12:24:03,758 Successfully completed frappe.utils.background_jobs.execute_job(event=None, is_async=True, job_name='frappe.core.doctype.scheduled_job_type.scheduled_job_type.run_scheduled_jo..., kwargs={'job_type': 'frappe.integrations.doctype.google_calendar.google_calendar.s..., method='frappe.core.doctype.scheduled_job_type.scheduled_job_type.run_scheduled_jo..., site='books.localhost', user='Administrator') job in 0:00:00.519742s on worker f1af22a7e72047aba15e1fa2779045e2
2026-10-03 12:24:03,759 workspaces-Desk-books-bench:default: Job OK (books.localhost||scheduled_job||tvgsq68nbr)
2026-10-03 12:24:03,759 Result is kept for 600 seconds
2026-10-03 12:24:03,774 workspaces-Desk-books-bench:default: frappe.utils.background_jobs.execute_job(event=None, is_async=True, job_name='frappe.core.doctype.scheduled_job_type.scheduled_job_type.run_scheduled_jo..., kwargs={'job_type': 'frappe.monitor.flush', 'scheduled_job_type': 'tvg3grmu87'}, method='frappe.core.doctype.scheduled_job_type.scheduled_job_type.run_scheduled_jo..., site='books.localhost', user='Administrator') (books.localhost||scheduled_job||tvg3grmu87)
2026-10-03 12:24:04,246 Successfully completed frappe.utils.background_jobs.execute_job(event=None, is_async=True, job_name='frappe.core.doctype.scheduled_job_type.scheduled_job_type.run_scheduled_jo..., kwargs={'job_type': 'frappe.monitor.flush', 'scheduled_job_type': 'tvg3grmu87'}, method='frappe.core.doctype.scheduled_job_type.scheduled_job_type.run_scheduled_jo..., site='books.localhost', user='Administrator') job in 0:00:00.464898s on worker f1af22a7e72047aba15e1fa2779045e2
2026-10-03 12:24:04,247 workspaces-Desk-books-bench:default: Job OK (books.localhost||scheduled_job||tvg3grmu87)
2026-10-03 12:24:04,247 Result is kept for 600 seconds
2026-10-03 12:28:00,709 workspaces-Desk-books-bench:default: frappe.utils.background_jobs.execute_job(event=None, is_async=True, job_name='frappe.core.doctype.scheduled_job_type.scheduled_job_type.run_scheduled_jo..., kwargs={'job_type': 'frappe.email.doctype.notification.notification.trigger_offset..., method='frappe.core.doctype.scheduled_job_type.scheduled_job_type.run_scheduled_jo..., site='books.localhost', user='Administrator') (books.localhost||scheduled_job||tvfkfghgup)
2026-10-03 12:28:01,191 Successfully completed frappe.utils.background_jobs.execute_job(event=None, is_async=True, job_name='frappe.core.doctype.scheduled_job_type.scheduled_job_type.run_scheduled_jo..., kwargs={'job_type': 'frappe.email.doctype.notification.notification.trigger_offset..., method='frappe.core.doctype.scheduled_job_type.scheduled_job_type.run_scheduled_jo..., site='books.localhost', user='Administrator') job in 0:00:00.469997s on worker f1af22a7e72047aba15e1fa2779045e2
2026-10-03 12:28:01,191 workspaces-Desk-books-bench:default: Job OK (books.localhost||scheduled_job||tvfkfghgup)
2026-10-03 12:28:01,191 Result is kept for 600 seconds
2026-10-03 12:28:01,200 Worker f1af22a7e72047aba15e1fa2779045e2: cleaning registries for queue: workspaces-Desk-books-bench:short
2026-10-03 12:28:01,203 Worker f1af22a7e72047aba15e1fa2779045e2: cleaning registries for queue: workspaces-Desk-books-bench:default
2026-10-03 12:28:01,204 Worker f1af22a7e72047aba15e1fa2779045e2: cleaning registries for queue: workspaces-Desk-books-bench:long
2026-10-03 12:28:01,207 workspaces-Desk-books-bench:default: frappe.utils.background_jobs.execute_job(event=None, is_async=True, job_name='frappe.core.doctype.scheduled_job_type.scheduled_job_type.run_scheduled_jo..., kwargs={'job_type': 'frappe.search.sqlite_search.index_docs_in_queue', 'scheduled_..., method='frappe.core.doctype.scheduled_job_type.scheduled_job_type.run_scheduled_jo..., site='books.localhost', user='Administrator') (books.localhost||scheduled_job||tvfskgtqqi)
2026-10-03 12:28:01,687 Successfully completed frappe.utils.background_jobs.execute_job(event=None, is_async=True, job_name='frappe.core.doctype.scheduled_job_type.scheduled_job_type.run_scheduled_jo..., kwargs={'job_type': 'frappe.search.sqlite_search.index_docs_in_queue', 'scheduled_..., method='frappe.core.doctype.scheduled_job_type.scheduled_job_type.run_scheduled_jo..., site='books.localhost', user='Administrator') job in 0:00:00.470880s on worker f1af22a7e72047aba15e1fa2779045e2
2026-10-03 12:28:01,687 workspaces-Desk-books-bench:default: Job OK (books.localhost||scheduled_job||tvfskgtqqi)
2026-10-03 12:28:01,688 Result is kept for 600 seconds
2026-10-03 12:28:01,696 workspaces-Desk-books-bench:default: frappe.utils.background_jobs.execute_job(event=None, is_async=True, job_name='frappe.core.doctype.scheduled_job_type.scheduled_job_type.run_scheduled_jo..., kwargs={'job_type': 'frappe.automation_engine.scheduler.process_cron', 'scheduled_..., method='frappe.core.doctype.scheduled_job_type.scheduled_job_type.run_scheduled_jo..., site='books.localhost', user='Administrator') (books.localhost||scheduled_job||tvfork1f3p)
2026-10-03 12:28:02,242 Successfully completed frappe.utils.background_jobs.execute_job(event=None, is_async=True, job_name='frappe.core.doctype.scheduled_job_type.scheduled_job_type.run_scheduled_jo..., kwargs={'job_type': 'frappe.automation_engine.scheduler.process_cron', 'scheduled_..., method='frappe.core.doctype.scheduled_job_type.scheduled_job_type.run_scheduled_jo..., site='books.localhost', user='Administrator') job in 0:00:00.535606s on worker f1af22a7e72047aba15e1fa2779045e2
2026-10-03 12:28:02,243 workspaces-Desk-books-bench:default: Job OK (books.localhost||scheduled_job||tvfork1f3p)
2026-10-03 12:28:02,243 Result is kept for 600 seconds
2026-10-03 12:28:02,258 workspaces-Desk-books-bench:default: frappe.utils.background_jobs.execute_job(event=None, is_async=True, job_name='frappe.core.doctype.scheduled_job_type.scheduled_job_type.run_scheduled_jo..., kwargs={'job_type': 'frappe.integrations.doctype.webhook.webhook.retry_failed_webh..., method='frappe.core.doctype.scheduled_job_type.scheduled_job_type.run_scheduled_jo..., site='books.localhost', user='Administrator') (books.localhost||scheduled_job||tvfn6bf8cs)
2026-10-03 12:28:02,815 Successfully completed frappe.utils.background_jobs.execute_job(event=None, is_async=True, job_name='frappe.core.doctype.scheduled_job_type.scheduled_job_type.run_scheduled_jo..., kwargs={'job_type': 'frappe.integrations.doctype.webhook.webhook.retry_failed_webh..., method='frappe.core.doctype.scheduled_job_type.scheduled_job_type.run_scheduled_jo..., site='books.localhost', user='Administrator') job in 0:00:00.546635s on worker f1af22a7e72047aba15e1fa2779045e2
2026-10-03 12:28:02,815 workspaces-Desk-books-bench:default: Job OK (books.localhost||scheduled_job||tvfn6bf8cs)
2026-10-03 12:28:02,815 Result is kept for 600 seconds
2026-10-03 12:28:02,825 workspaces-Desk-books-bench:default: frappe.utils.background_jobs.execute_job(event=None, is_async=True, job_name='frappe.core.doctype.scheduled_job_type.scheduled_job_type.run_scheduled_jo..., kwargs={'job_type': 'frappe.automation_engine.drainer.drain_due', 'scheduled_job_t..., method='frappe.core.doctype.scheduled_job_type.scheduled_job_type.run_scheduled_jo..., site='books.localhost', user='Administrator') (books.localhost||scheduled_job||tvft3lmo5a)
2026-10-03 12:28:03,294 Successfully completed frappe.utils.background_jobs.execute_job(event=None, is_async=True, job_name='frappe.core.doctype.scheduled_job_type.scheduled_job_type.run_scheduled_jo..., kwargs={'job_type': 'frappe.automation_engine.drainer.drain_due', 'scheduled_job_t..., method='frappe.core.doctype.scheduled_job_type.scheduled_job_type.run_scheduled_jo..., site='books.localhost', user='Administrator') job in 0:00:00.461994s on worker f1af22a7e72047aba15e1fa2779045e2
2026-10-03 12:28:03,294 workspaces-Desk-books-bench:default: Job OK (books.localhost||scheduled_job||tvft3lmo5a)
2026-10-03 12:28:03,295 Result is kept for 600 seconds
2026-10-03 12:28:03,304 workspaces-Desk-books-bench:default: frappe.utils.background_jobs.execute_job(event=None, is_async=True, job_name='frappe.core.doctype.scheduled_job_type.scheduled_job_type.run_scheduled_jo..., kwargs={'job_type': 'frappe.monitor.flush', 'scheduled_job_type': 'tvg3grmu87'}, method='frappe.core.doctype.scheduled_job_type.scheduled_job_type.run_scheduled_jo..., site='books.localhost', user='Administrator') (books.localhost||scheduled_job||tvg3grmu87)
2026-10-03 12:28:03,809 Successfully completed frappe.utils.background_jobs.execute_job(event=None, is_async=True, job_name='frappe.core.doctype.scheduled_job_type.scheduled_job_type.run_scheduled_jo..., kwargs={'job_type': 'frappe.monitor.flush', 'scheduled_job_type': 'tvg3grmu87'}, method='frappe.core.doctype.scheduled_job_type.scheduled_job_type.run_scheduled_jo..., site='books.localhost', user='Administrator') job in 0:00:00.497800s on worker f1af22a7e72047aba15e1fa2779045e2
2026-10-03 12:28:03,810 workspaces-Desk-books-bench:default: Job OK (books.localhost||scheduled_job||tvg3grmu87)
2026-10-03 12:28:03,810 Result is kept for 600 seconds
2026-10-03 12:28:03,819 workspaces-Desk-books-bench:default: frappe.utils.background_jobs.execute_job(event=None, is_async=True, job_name='frappe.core.doctype.scheduled_job_type.scheduled_job_type.run_scheduled_jo..., kwargs={'job_type': 'frappe.email.queue.retry_sending_emails', 'scheduled_job_type..., method='frappe.core.doctype.scheduled_job_type.scheduled_job_type.run_scheduled_jo..., site='books.localhost', user='Administrator') (books.localhost||scheduled_job||tvgunpisoh)
2026-10-03 12:28:04,344 Successfully completed frappe.utils.background_jobs.execute_job(event=None, is_async=True, job_name='frappe.core.doctype.scheduled_job_type.scheduled_job_type.run_scheduled_jo..., kwargs={'job_type': 'frappe.email.queue.retry_sending_emails', 'scheduled_job_type..., method='frappe.core.doctype.scheduled_job_type.scheduled_job_type.run_scheduled_jo..., site='books.localhost', user='Administrator') job in 0:00:00.515507s on worker f1af22a7e72047aba15e1fa2779045e2
2026-10-03 12:28:04,344 workspaces-Desk-books-bench:default: Job OK (books.localhost||scheduled_job||tvgunpisoh)
2026-10-03 12:28:04,344 Result is kept for 600 seconds
2026-10-03 12:28:04,355 workspaces-Desk-books-bench:default: frappe.utils.background_jobs.execute_job(event=None, is_async=True, job_name='frappe.core.doctype.scheduled_job_type.scheduled_job_type.run_scheduled_jo..., kwargs={'job_type': 'frappe.email.queue.flush', 'scheduled_job_type': 'tvgd72bons'..., method='frappe.core.doctype.scheduled_job_type.scheduled_job_type.run_scheduled_jo..., site='books.localhost', user='Administrator') (books.localhost||scheduled_job||tvgd72bons)
2026-10-03 12:28:04,996 Successfully completed frappe.utils.background_jobs.execute_job(event=None, is_async=True, job_name='frappe.core.doctype.scheduled_job_type.scheduled_job_type.run_scheduled_jo..., kwargs={'job_type': 'frappe.email.queue.flush', 'scheduled_job_type': 'tvgd72bons'..., method='frappe.core.doctype.scheduled_job_type.scheduled_job_type.run_scheduled_jo..., site='books.localhost', user='Administrator') job in 0:00:00.633535s on worker f1af22a7e72047aba15e1fa2779045e2
2026-10-03 12:28:04,996 workspaces-Desk-books-bench:default: Job OK (books.localhost||scheduled_job||tvgd72bons)
2026-10-03 12:28:04,996 Result is kept for 600 seconds
2026-10-03 12:28:05,007 workspaces-Desk-books-bench:default: frappe.utils.background_jobs.execute_job(event=None, is_async=True, job_name='frappe.core.doctype.scheduled_job_type.scheduled_job_type.run_scheduled_jo..., kwargs={'job_type': 'frappe.integrations.doctype.google_calendar.google_calendar.s..., method='frappe.core.doctype.scheduled_job_type.scheduled_job_type.run_scheduled_jo..., site='books.localhost', user='Administrator') (books.localhost||scheduled_job||tvgsq68nbr)
2026-10-03 12:28:05,496 Successfully completed frappe.utils.background_jobs.execute_job(event=None, is_async=True, job_name='frappe.core.doctype.scheduled_job_type.scheduled_job_type.run_scheduled_jo..., kwargs={'job_type': 'frappe.integrations.doctype.google_calendar.google_calendar.s..., method='frappe.core.doctype.scheduled_job_type.scheduled_job_type.run_scheduled_jo..., site='books.localhost', user='Administrator') job in 0:00:00.480379s on worker f1af22a7e72047aba15e1fa2779045e2
2026-10-03 12:28:05,497 workspaces-Desk-books-bench:default: Job OK (books.localhost||scheduled_job||tvgsq68nbr)
2026-10-03 12:28:05,498 Result is kept for 600 seconds
2026-10-03 12:32:00,744 workspaces-Desk-books-bench:default: frappe.utils.background_jobs.execute_job(event=None, is_async=True, job_name='frappe.core.doctype.scheduled_job_type.scheduled_job_type.run_scheduled_jo..., kwargs={'job_type': 'frappe.integrations.doctype.google_calendar.google_calendar.s..., method='frappe.core.doctype.scheduled_job_type.scheduled_job_type.run_scheduled_jo..., site='books.localhost', user='Administrator') (books.localhost||scheduled_job||tvgsq68nbr)
2026-10-03 12:32:01,386 Successfully completed frappe.utils.background_jobs.execute_job(event=None, is_async=True, job_name='frappe.core.doctype.scheduled_job_type.scheduled_job_type.run_scheduled_jo..., kwargs={'job_type': 'frappe.integrations.doctype.google_calendar.google_calendar.s..., method='frappe.core.doctype.scheduled_job_type.scheduled_job_type.run_scheduled_jo..., site='books.localhost', user='Administrator') job in 0:00:00.629106s on worker f1af22a7e72047aba15e1fa2779045e2
2026-10-03 12:32:01,387 workspaces-Desk-books-bench:default: Job OK (books.localhost||scheduled_job||tvgsq68nbr)
2026-10-03 12:32:01,388 Result is kept for 600 seconds
2026-10-03 12:32:01,397 workspaces-Desk-books-bench:default: frappe.utils.background_jobs.execute_job(event=None, is_async=True, job_name='frappe.core.doctype.scheduled_job_type.scheduled_job_type.run_scheduled_jo..., kwargs={'job_type': 'frappe.utils.telemetry.pulse.client.send_queued_events', 'sch..., method='frappe.core.doctype.scheduled_job_type.scheduled_job_type.run_scheduled_jo..., site='books.localhost', user='Administrator') (books.localhost||scheduled_job||tvfdg2svpd)
2026-10-03 12:32:01,928 Successfully completed frappe.utils.background_jobs.execute_job(event=None, is_async=True, job_name='frappe.core.doctype.scheduled_job_type.scheduled_job_type.run_scheduled_jo..., kwargs={'job_type': 'frappe.utils.telemetry.pulse.client.send_queued_events', 'sch..., method='frappe.core.doctype.scheduled_job_type.scheduled_job_type.run_scheduled_jo..., site='books.localhost', user='Administrator') job in 0:00:00.523805s on worker f1af22a7e72047aba15e1fa2779045e2
2026-10-03 12:32:01,928 workspaces-Desk-books-bench:default: Job OK (books.localhost||scheduled_job||tvfdg2svpd)
2026-10-03 12:32:01,930 Result is kept for 600 seconds
2026-10-03 12:32:01,939 workspaces-Desk-books-bench:default: frappe.utils.background_jobs.execute_job(event=None, is_async=True, job_name='frappe.core.doctype.scheduled_job_type.scheduled_job_type.run_scheduled_jo..., kwargs={'job_type': 'frappe.email.doctype.email_account.email_account.pull', 'sche..., method='frappe.core.doctype.scheduled_job_type.scheduled_job_type.run_scheduled_jo..., site='books.localhost', user='Administrator') (books.localhost||scheduled_job||tvf6eii5c1)
2026-10-03 12:32:02,540 Successfully completed frappe.utils.background_jobs.execute_job(event=None, is_async=True, job_name='frappe.core.doctype.scheduled_job_type.scheduled_job_type.run_scheduled_jo..., kwargs={'job_type': 'frappe.email.doctype.email_account.email_account.pull', 'sche..., method='frappe.core.doctype.scheduled_job_type.scheduled_job_type.run_scheduled_jo..., site='books.localhost', user='Administrator') job in 0:00:00.593658s on worker f1af22a7e72047aba15e1fa2779045e2
2026-10-03 12:32:02,541 workspaces-Desk-books-bench:default: Job OK (books.localhost||scheduled_job||tvf6eii5c1)
2026-10-03 12:32:02,541 Result is kept for 600 seconds
2026-10-03 12:32:02,550 workspaces-Desk-books-bench:default: frappe.utils.background_jobs.execute_job(event=None, is_async=True, job_name='frappe.core.doctype.scheduled_job_type.scheduled_job_type.run_scheduled_jo..., kwargs={'job_type': 'frappe.integrations.doctype.webhook.webhook.retry_failed_webh..., method='frappe.core.doctype.scheduled_job_type.scheduled_job_type.run_scheduled_jo..., site='books.localhost', user='Administrator') (books.localhost||scheduled_job||tvfn6bf8cs)
2026-10-03 12:32:03,129 Successfully completed frappe.utils.background_jobs.execute_job(event=None, is_async=True, job_name='frappe.core.doctype.scheduled_job_type.scheduled_job_type.run_scheduled_jo..., kwargs={'job_type': 'frappe.integrations.doctype.webhook.webhook.retry_failed_webh..., method='frappe.core.doctype.scheduled_job_type.scheduled_job_type.run_scheduled_jo..., site='books.localhost', user='Administrator') job in 0:00:00.569965s on worker f1af22a7e72047aba15e1fa2779045e2
2026-10-03 12:32:03,130 workspaces-Desk-books-bench:default: Job OK (books.localhost||scheduled_job||tvfn6bf8cs)
2026-10-03 12:32:03,130 Result is kept for 600 seconds
2026-10-03 12:32:03,140 workspaces-Desk-books-bench:default: frappe.utils.background_jobs.execute_job(event=None, is_async=True, job_name='frappe.core.doctype.scheduled_job_type.scheduled_job_type.run_scheduled_jo..., kwargs={'job_type': 'frappe.email.doctype.notification.notification.trigger_offset..., method='frappe.core.doctype.scheduled_job_type.scheduled_job_type.run_scheduled_jo..., site='books.localhost', user='Administrator') (books.localhost||scheduled_job||tvfkfghgup)
2026-10-03 12:32:03,626 Successfully completed frappe.utils.background_jobs.execute_job(event=None, is_async=True, job_name='frappe.core.doctype.scheduled_job_type.scheduled_job_type.run_scheduled_jo..., kwargs={'job_type': 'frappe.email.doctype.notification.notification.trigger_offset..., method='frappe.core.doctype.scheduled_job_type.scheduled_job_type.run_scheduled_jo..., site='books.localhost', user='Administrator') job in 0:00:00.475599s on worker f1af22a7e72047aba15e1fa2779045e2
2026-10-03 12:32:03,626 workspaces-Desk-books-bench:default: Job OK (books.localhost||scheduled_job||tvfkfghgup)
2026-10-03 12:32:03,627 Result is kept for 600 seconds
2026-10-03 12:32:03,639 workspaces-Desk-books-bench:default: frappe.utils.background_jobs.execute_job(event=None, is_async=True, job_name='frappe.core.doctype.scheduled_job_type.scheduled_job_type.run_scheduled_jo..., kwargs={'job_type': 'frappe.monitor.flush', 'scheduled_job_type': 'tvg3grmu87'}, method='frappe.core.doctype.scheduled_job_type.scheduled_job_type.run_scheduled_jo..., site='books.localhost', user='Administrator') (books.localhost||scheduled_job||tvg3grmu87)
2026-10-03 12:32:04,095 Successfully completed frappe.utils.background_jobs.execute_job(event=None, is_async=True, job_name='frappe.core.doctype.scheduled_job_type.scheduled_job_type.run_scheduled_jo..., kwargs={'job_type': 'frappe.monitor.flush', 'scheduled_job_type': 'tvg3grmu87'}, method='frappe.core.doctype.scheduled_job_type.scheduled_job_type.run_scheduled_jo..., site='books.localhost', user='Administrator') job in 0:00:00.448450s on worker f1af22a7e72047aba15e1fa2779045e2
2026-10-03 12:32:04,096 workspaces-Desk-books-bench:default: Job OK (books.localhost||scheduled_job||tvg3grmu87)
2026-10-03 12:32:04,096 Result is kept for 600 seconds
2026-10-03 12:32:04,105 workspaces-Desk-books-bench:default: frappe.utils.background_jobs.execute_job(event=None, is_async=True, job_name='frappe.core.doctype.scheduled_job_type.scheduled_job_type.run_scheduled_jo..., kwargs={'job_type': 'frappe.model.utils.link_count.update_link_count', 'scheduled_..., method='frappe.core.doctype.scheduled_job_type.scheduled_job_type.run_scheduled_jo..., site='books.localhost', user='Administrator') (books.localhost||scheduled_job||tvfuvg3m27)
2026-10-03 12:32:04,639 Successfully completed frappe.utils.background_jobs.execute_job(event=None, is_async=True, job_name='frappe.core.doctype.scheduled_job_type.scheduled_job_type.run_scheduled_jo..., kwargs={'job_type': 'frappe.model.utils.link_count.update_link_count', 'scheduled_..., method='frappe.core.doctype.scheduled_job_type.scheduled_job_type.run_scheduled_jo..., site='books.localhost', user='Administrator') job in 0:00:00.526220s on worker f1af22a7e72047aba15e1fa2779045e2
2026-10-03 12:32:04,639 workspaces-Desk-books-bench:default: Job OK (books.localhost||scheduled_job||tvfuvg3m27)
2026-10-03 12:32:04,639 Result is kept for 600 seconds
2026-10-03 12:32:04,652 workspaces-Desk-books-bench:default: frappe.utils.background_jobs.execute_job(event=None, is_async=True, job_name='frappe.core.doctype.scheduled_job_type.scheduled_job_type.run_scheduled_jo..., kwargs={'job_type': 'frappe.automation_engine.scheduler.process_cron', 'scheduled_..., method='frappe.core.doctype.scheduled_job_type.scheduled_job_type.run_scheduled_jo..., site='books.localhost', user='Administrator') (books.localhost||scheduled_job||tvfork1f3p)
2026-10-03 12:32:05,171 Successfully completed frappe.utils.background_jobs.execute_job(event=None, is_async=True, job_name='frappe.core.doctype.scheduled_job_type.scheduled_job_type.run_scheduled_jo..., kwargs={'job_type': 'frappe.automation_engine.scheduler.process_cron', 'scheduled_..., method='frappe.core.doctype.scheduled_job_type.scheduled_job_type.run_scheduled_jo..., site='books.localhost', user='Administrator') job in 0:00:00.507834s on worker f1af22a7e72047aba15e1fa2779045e2
2026-10-03 12:32:05,172 workspaces-Desk-books-bench:default: Job OK (books.localhost||scheduled_job||tvfork1f3p)
2026-10-03 12:32:05,173 Result is kept for 600 seconds
2026-10-03 12:32:05,185 workspaces-Desk-books-bench:default: frappe.utils.background_jobs.execute_job(event=None, is_async=True, job_name='frappe.core.doctype.scheduled_job_type.scheduled_job_type.run_scheduled_jo..., kwargs={'job_type': 'frappe.email.queue.retry_sending_emails', 'scheduled_job_type..., method='frappe.core.doctype.scheduled_job_type.scheduled_job_type.run_scheduled_jo..., site='books.localhost', user='Administrator') (books.localhost||scheduled_job||tvgunpisoh)
2026-10-03 12:32:05,706 Successfully completed frappe.utils.background_jobs.execute_job(event=None, is_async=True, job_name='frappe.core.doctype.scheduled_job_type.scheduled_job_type.run_scheduled_jo..., kwargs={'job_type': 'frappe.email.queue.retry_sending_emails', 'scheduled_job_type..., method='frappe.core.doctype.scheduled_job_type.scheduled_job_type.run_scheduled_jo..., site='books.localhost', user='Administrator') job in 0:00:00.512238s on worker f1af22a7e72047aba15e1fa2779045e2
2026-10-03 12:32:05,707 workspaces-Desk-books-bench:default: Job OK (books.localhost||scheduled_job||tvgunpisoh)
2026-10-03 12:32:05,707 Result is kept for 600 seconds
2026-10-03 12:32:05,717 workspaces-Desk-books-bench:default: frappe.utils.background_jobs.execute_job(event=None, is_async=True, job_name='frappe.core.doctype.scheduled_job_type.scheduled_job_type.run_scheduled_jo..., kwargs={'job_type': 'frappe.search.sqlite_search.index_docs_in_queue', 'scheduled_..., method='frappe.core.doctype.scheduled_job_type.scheduled_job_type.run_scheduled_jo..., site='books.localhost', user='Administrator') (books.localhost||scheduled_job||tvfskgtqqi)
2026-10-03 12:32:06,197 Successfully completed frappe.utils.background_jobs.execute_job(event=None, is_async=True, job_name='frappe.core.doctype.scheduled_job_type.scheduled_job_type.run_scheduled_jo..., kwargs={'job_type': 'frappe.search.sqlite_search.index_docs_in_queue', 'scheduled_..., method='frappe.core.doctype.scheduled_job_type.scheduled_job_type.run_scheduled_jo..., site='books.localhost', user='Administrator') job in 0:00:00.473115s on worker f1af22a7e72047aba15e1fa2779045e2
2026-10-03 12:32:06,197 workspaces-Desk-books-bench:default: Job OK (books.localhost||scheduled_job||tvfskgtqqi)
2026-10-03 12:32:06,197 Result is kept for 600 seconds
2026-10-03 12:32:06,207 workspaces-Desk-books-bench:default: frappe.utils.background_jobs.execute_job(event=None, is_async=True, job_name='frappe.core.doctype.scheduled_job_type.scheduled_job_type.run_scheduled_jo..., kwargs={'job_type': 'frappe.email.queue.flush', 'scheduled_job_type': 'tvgd72bons'..., method='frappe.core.doctype.scheduled_job_type.scheduled_job_type.run_scheduled_jo..., site='books.localhost', user='Administrator') (books.localhost||scheduled_job||tvgd72bons)
2026-10-03 12:32:06,751 Successfully completed frappe.utils.background_jobs.execute_job(event=None, is_async=True, job_name='frappe.core.doctype.scheduled_job_type.scheduled_job_type.run_scheduled_jo..., kwargs={'job_type': 'frappe.email.queue.flush', 'scheduled_job_type': 'tvgd72bons'..., method='frappe.core.doctype.scheduled_job_type.scheduled_job_type.run_scheduled_jo..., site='books.localhost', user='Administrator') job in 0:00:00.536880s on worker f1af22a7e72047aba15e1fa2779045e2
2026-10-03 12:32:06,751 workspaces-Desk-books-bench:default: Job OK (books.localhost||scheduled_job||tvgd72bons)
2026-10-03 12:32:06,751 Result is kept for 600 seconds
2026-10-03 12:32:06,765 workspaces-Desk-books-bench:default: frappe.utils.background_jobs.execute_job(event=None, is_async=True, job_name='frappe.core.doctype.scheduled_job_type.scheduled_job_type.run_scheduled_jo..., kwargs={'job_type': 'frappe.deferred_insert.save_to_db', 'scheduled_job_type': 'tv..., method='frappe.core.doctype.scheduled_job_type.scheduled_job_type.run_scheduled_jo..., site='books.localhost', user='Administrator') (books.localhost||scheduled_job||tvfo3fqaj8)
2026-10-03 12:32:07,585 Successfully completed frappe.utils.background_jobs.execute_job(event=None, is_async=True, job_name='frappe.core.doctype.scheduled_job_type.scheduled_job_type.run_scheduled_jo..., kwargs={'job_type': 'frappe.deferred_insert.save_to_db', 'scheduled_job_type': 'tv..., method='frappe.core.doctype.scheduled_job_type.scheduled_job_type.run_scheduled_jo..., site='books.localhost', user='Administrator') job in 0:00:00.812205s on worker f1af22a7e72047aba15e1fa2779045e2
2026-10-03 12:32:07,587 workspaces-Desk-books-bench:default: Job OK (books.localhost||scheduled_job||tvfo3fqaj8)
2026-10-03 12:32:07,588 Result is kept for 600 seconds
2026-10-03 12:32:07,607 workspaces-Desk-books-bench:default: frappe.utils.background_jobs.execute_job(event=None, is_async=True, job_name='frappe.core.doctype.scheduled_job_type.scheduled_job_type.run_scheduled_jo..., kwargs={'job_type': 'frappe.automation.doctype.reminder.reminder.send_reminders', ..., method='frappe.core.doctype.scheduled_job_type.scheduled_job_type.run_scheduled_jo..., site='books.localhost', user='Administrator') (books.localhost||scheduled_job||tvftau2n63)
2026-10-03 12:32:08,932 Successfully completed frappe.utils.background_jobs.execute_job(event=None, is_async=True, job_name='frappe.core.doctype.scheduled_job_type.scheduled_job_type.run_scheduled_jo..., kwargs={'job_type': 'frappe.automation.doctype.reminder.reminder.send_reminders', ..., method='frappe.core.doctype.scheduled_job_type.scheduled_job_type.run_scheduled_jo..., site='books.localhost', user='Administrator') job in 0:00:01.296435s on worker f1af22a7e72047aba15e1fa2779045e2
2026-10-03 12:32:08,932 workspaces-Desk-books-bench:default: Job OK (books.localhost||scheduled_job||tvftau2n63)
2026-10-03 12:32:08,932 Result is kept for 600 seconds
2026-10-03 12:32:08,942 workspaces-Desk-books-bench:default: frappe.utils.background_jobs.execute_job(event=None, is_async=True, job_name='frappe.core.doctype.scheduled_job_type.scheduled_job_type.run_scheduled_jo..., kwargs={'job_type': 'frappe.automation_engine.drainer.drain_due', 'scheduled_job_t..., method='frappe.core.doctype.scheduled_job_type.scheduled_job_type.run_scheduled_jo..., site='books.localhost', user='Administrator') (books.localhost||scheduled_job||tvft3lmo5a)
2026-10-03 12:32:09,600 Successfully completed frappe.utils.background_jobs.execute_job(event=None, is_async=True, job_name='frappe.core.doctype.scheduled_job_type.scheduled_job_type.run_scheduled_jo..., kwargs={'job_type': 'frappe.automation_engine.drainer.drain_due', 'scheduled_job_t..., method='frappe.core.doctype.scheduled_job_type.scheduled_job_type.run_scheduled_jo..., site='books.localhost', user='Administrator') job in 0:00:00.650217s on worker f1af22a7e72047aba15e1fa2779045e2
2026-10-03 12:32:09,601 workspaces-Desk-books-bench:default: Job OK (books.localhost||scheduled_job||tvft3lmo5a)
2026-10-03 12:32:09,601 Result is kept for 600 seconds
2026-10-03 12:32:09,611 workspaces-Desk-books-bench:default: frappe.utils.background_jobs.execute_job(event=None, is_async=True, job_name='frappe.core.doctype.scheduled_job_type.scheduled_job_type.run_scheduled_jo..., kwargs={'job_type': 'frappe.email.doctype.email_account.email_account.notify_unrep..., method='frappe.core.doctype.scheduled_job_type.scheduled_job_type.run_scheduled_jo..., site='books.localhost', user='Administrator') (books.localhost||scheduled_job||tvf744dvmr)
2026-10-03 12:32:10,122 Successfully completed frappe.utils.background_jobs.execute_job(event=None, is_async=True, job_name='frappe.core.doctype.scheduled_job_type.scheduled_job_type.run_scheduled_jo..., kwargs={'job_type': 'frappe.email.doctype.email_account.email_account.notify_unrep..., method='frappe.core.doctype.scheduled_job_type.scheduled_job_type.run_scheduled_jo..., site='books.localhost', user='Administrator') job in 0:00:00.504039s on worker f1af22a7e72047aba15e1fa2779045e2
2026-10-03 12:32:10,123 workspaces-Desk-books-bench:default: Job OK (books.localhost||scheduled_job||tvf744dvmr)
2026-10-03 12:32:10,123 Result is kept for 600 seconds
2026-10-03 12:32:10,134 workspaces-Desk-books-bench:default: frappe.utils.background_jobs.execute_job(event=None, is_async=True, job_name='frappe.core.doctype.scheduled_job_type.scheduled_job_type.run_scheduled_jo..., kwargs={'job_type': 'frappe.utils.global_search.sync_global_search', 'scheduled_jo..., method='frappe.core.doctype.scheduled_job_type.scheduled_job_type.run_scheduled_jo..., site='books.localhost', user='Administrator') (books.localhost||scheduled_job||tvfvi05ulh)
2026-10-03 12:32:10,626 Successfully completed frappe.utils.background_jobs.execute_job(event=None, is_async=True, job_name='frappe.core.doctype.scheduled_job_type.scheduled_job_type.run_scheduled_jo..., kwargs={'job_type': 'frappe.utils.global_search.sync_global_search', 'scheduled_jo..., method='frappe.core.doctype.scheduled_job_type.scheduled_job_type.run_scheduled_jo..., site='books.localhost', user='Administrator') job in 0:00:00.484569s on worker f1af22a7e72047aba15e1fa2779045e2
2026-10-03 12:32:10,626 workspaces-Desk-books-bench:default: Job OK (books.localhost||scheduled_job||tvfvi05ulh)
2026-10-03 12:32:10,626 Result is kept for 600 seconds
2026-10-03 12:36:00,818 workspaces-Desk-books-bench:default: frappe.utils.background_jobs.execute_job(event=None, is_async=True, job_name='frappe.core.doctype.scheduled_job_type.scheduled_job_type.run_scheduled_jo..., kwargs={'job_type': 'frappe.search.sqlite_search.index_docs_in_queue', 'scheduled_..., method='frappe.core.doctype.scheduled_job_type.scheduled_job_type.run_scheduled_jo..., site='books.localhost', user='Administrator') (books.localhost||scheduled_job||tvfskgtqqi)
2026-10-03 12:36:01,361 Successfully completed frappe.utils.background_jobs.execute_job(event=None, is_async=True, job_name='frappe.core.doctype.scheduled_job_type.scheduled_job_type.run_scheduled_jo..., kwargs={'job_type': 'frappe.search.sqlite_search.index_docs_in_queue', 'scheduled_..., method='frappe.core.doctype.scheduled_job_type.scheduled_job_type.run_scheduled_jo..., site='books.localhost', user='Administrator') job in 0:00:00.530204s on worker f1af22a7e72047aba15e1fa2779045e2
2026-10-03 12:36:01,362 workspaces-Desk-books-bench:default: Job OK (books.localhost||scheduled_job||tvfskgtqqi)
2026-10-03 12:36:01,362 Result is kept for 600 seconds
2026-10-03 12:36:01,372 workspaces-Desk-books-bench:default: frappe.utils.background_jobs.execute_job(event=None, is_async=True, job_name='frappe.core.doctype.scheduled_job_type.scheduled_job_type.run_scheduled_jo..., kwargs={'job_type': 'frappe.monitor.flush', 'scheduled_job_type': 'tvg3grmu87'}, method='frappe.core.doctype.scheduled_job_type.scheduled_job_type.run_scheduled_jo..., site='books.localhost', user='Administrator') (books.localhost||scheduled_job||tvg3grmu87)
2026-10-03 12:36:02,146 Successfully completed frappe.utils.background_jobs.execute_job(event=None, is_async=True, job_name='frappe.core.doctype.scheduled_job_type.scheduled_job_type.run_scheduled_jo..., kwargs={'job_type': 'frappe.monitor.flush', 'scheduled_job_type': 'tvg3grmu87'}, method='frappe.core.doctype.scheduled_job_type.scheduled_job_type.run_scheduled_jo..., site='books.localhost', user='Administrator') job in 0:00:00.765060s on worker f1af22a7e72047aba15e1fa2779045e2
2026-10-03 12:36:02,147 workspaces-Desk-books-bench:default: Job OK (books.localhost||scheduled_job||tvg3grmu87)
2026-10-03 12:36:02,147 Result is kept for 600 seconds
2026-10-03 12:36:02,159 workspaces-Desk-books-bench:default: frappe.utils.background_jobs.execute_job(event=None, is_async=True, job_name='frappe.core.doctype.scheduled_job_type.scheduled_job_type.run_scheduled_jo..., kwargs={'job_type': 'frappe.email.doctype.notification.notification.trigger_offset..., method='frappe.core.doctype.scheduled_job_type.scheduled_job_type.run_scheduled_jo..., site='books.localhost', user='Administrator') (books.localhost||scheduled_job||tvfkfghgup)
2026-10-03 12:36:02,724 Successfully completed frappe.utils.background_jobs.execute_job(event=None, is_async=True, job_name='frappe.core.doctype.scheduled_job_type.scheduled_job_type.run_scheduled_jo..., kwargs={'job_type': 'frappe.email.doctype.notification.notification.trigger_offset..., method='frappe.core.doctype.scheduled_job_type.scheduled_job_type.run_scheduled_jo..., site='books.localhost', user='Administrator') job in 0:00:00.555094s on worker f1af22a7e72047aba15e1fa2779045e2
2026-10-03 12:36:02,725 workspaces-Desk-books-bench:default: Job OK (books.localhost||scheduled_job||tvfkfghgup)
2026-10-03 12:36:02,726 Result is kept for 600 seconds
2026-10-03 12:36:02,735 workspaces-Desk-books-bench:default: frappe.utils.background_jobs.execute_job(event=None, is_async=True, job_name='frappe.core.doctype.scheduled_job_type.scheduled_job_type.run_scheduled_jo..., kwargs={'job_type': 'frappe.email.queue.flush', 'scheduled_job_type': 'tvgd72bons'..., method='frappe.core.doctype.scheduled_job_type.scheduled_job_type.run_scheduled_jo..., site='books.localhost', user='Administrator') (books.localhost||scheduled_job||tvgd72bons)
2026-10-03 12:36:03,241 Successfully completed frappe.utils.background_jobs.execute_job(event=None, is_async=True, job_name='frappe.core.doctype.scheduled_job_type.scheduled_job_type.run_scheduled_jo..., kwargs={'job_type': 'frappe.email.queue.flush', 'scheduled_job_type': 'tvgd72bons'..., method='frappe.core.doctype.scheduled_job_type.scheduled_job_type.run_scheduled_jo..., site='books.localhost', user='Administrator') job in 0:00:00.497922s on worker f1af22a7e72047aba15e1fa2779045e2
2026-10-03 12:36:03,242 workspaces-Desk-books-bench:default: Job OK (books.localhost||scheduled_job||tvgd72bons)
2026-10-03 12:36:03,242 Result is kept for 600 seconds
2026-10-03 12:36:03,253 workspaces-Desk-books-bench:default: frappe.utils.background_jobs.execute_job(event=None, is_async=True, job_name='frappe.core.doctype.scheduled_job_type.scheduled_job_type.run_scheduled_jo..., kwargs={'job_type': 'frappe.automation_engine.scheduler.process_cron', 'scheduled_..., method='frappe.core.doctype.scheduled_job_type.scheduled_job_type.run_scheduled_jo..., site='books.localhost', user='Administrator') (books.localhost||scheduled_job||tvfork1f3p)
2026-10-03 12:36:03,796 Successfully completed frappe.utils.background_jobs.execute_job(event=None, is_async=True, job_name='frappe.core.doctype.scheduled_job_type.scheduled_job_type.run_scheduled_jo..., kwargs={'job_type': 'frappe.automation_engine.scheduler.process_cron', 'scheduled_..., method='frappe.core.doctype.scheduled_job_type.scheduled_job_type.run_scheduled_jo..., site='books.localhost', user='Administrator') job in 0:00:00.532992s on worker f1af22a7e72047aba15e1fa2779045e2
2026-10-03 12:36:03,797 workspaces-Desk-books-bench:default: Job OK (books.localhost||scheduled_job||tvfork1f3p)
2026-10-03 12:36:03,797 Result is kept for 600 seconds
2026-10-03 12:36:03,807 workspaces-Desk-books-bench:default: frappe.utils.background_jobs.execute_job(event=None, is_async=True, job_name='frappe.core.doctype.scheduled_job_type.scheduled_job_type.run_scheduled_jo..., kwargs={'job_type': 'frappe.email.queue.retry_sending_emails', 'scheduled_job_type..., method='frappe.core.doctype.scheduled_job_type.scheduled_job_type.run_scheduled_jo..., site='books.localhost', user='Administrator') (books.localhost||scheduled_job||tvgunpisoh)
2026-10-03 12:36:04,363 Successfully completed frappe.utils.background_jobs.execute_job(event=None, is_async=True, job_name='frappe.core.doctype.scheduled_job_type.scheduled_job_type.run_scheduled_jo..., kwargs={'job_type': 'frappe.email.queue.retry_sending_emails', 'scheduled_job_type..., method='frappe.core.doctype.scheduled_job_type.scheduled_job_type.run_scheduled_jo..., site='books.localhost', user='Administrator') job in 0:00:00.548268s on worker f1af22a7e72047aba15e1fa2779045e2
2026-10-03 12:36:04,363 workspaces-Desk-books-bench:default: Job OK (books.localhost||scheduled_job||tvgunpisoh)
2026-10-03 12:36:04,363 Result is kept for 600 seconds
2026-10-03 12:36:04,375 workspaces-Desk-books-bench:default: frappe.utils.background_jobs.execute_job(event=None, is_async=True, job_name='frappe.core.doctype.scheduled_job_type.scheduled_job_type.run_scheduled_jo..., kwargs={'job_type': 'frappe.integrations.doctype.webhook.webhook.retry_failed_webh..., method='frappe.core.doctype.scheduled_job_type.scheduled_job_type.run_scheduled_jo..., site='books.localhost', user='Administrator') (books.localhost||scheduled_job||tvfn6bf8cs)
2026-10-03 12:36:04,942 Successfully completed frappe.utils.background_jobs.execute_job(event=None, is_async=True, job_name='frappe.core.doctype.scheduled_job_type.scheduled_job_type.run_scheduled_jo..., kwargs={'job_type': 'frappe.integrations.doctype.webhook.webhook.retry_failed_webh..., method='frappe.core.doctype.scheduled_job_type.scheduled_job_type.run_scheduled_jo..., site='books.localhost', user='Administrator') job in 0:00:00.558029s on worker f1af22a7e72047aba15e1fa2779045e2
2026-10-03 12:36:04,943 workspaces-Desk-books-bench:default: Job OK (books.localhost||scheduled_job||tvfn6bf8cs)
2026-10-03 12:36:04,943 Result is kept for 600 seconds
2026-10-03 12:36:04,955 workspaces-Desk-books-bench:default: frappe.utils.background_jobs.execute_job(event=None, is_async=True, job_name='frappe.core.doctype.scheduled_job_type.scheduled_job_type.run_scheduled_jo..., kwargs={'job_type': 'frappe.automation_engine.drainer.drain_due', 'scheduled_job_t..., method='frappe.core.doctype.scheduled_job_type.scheduled_job_type.run_scheduled_jo..., site='books.localhost', user='Administrator') (books.localhost||scheduled_job||tvft3lmo5a)
2026-10-03 12:36:05,914 Successfully completed frappe.utils.background_jobs.execute_job(event=None, is_async=True, job_name='frappe.core.doctype.scheduled_job_type.scheduled_job_type.run_scheduled_jo..., kwargs={'job_type': 'frappe.automation_engine.drainer.drain_due', 'scheduled_job_t..., method='frappe.core.doctype.scheduled_job_type.scheduled_job_type.run_scheduled_jo..., site='books.localhost', user='Administrator') job in 0:00:00.927762s on worker f1af22a7e72047aba15e1fa2779045e2
2026-10-03 12:36:05,918 workspaces-Desk-books-bench:default: Job OK (books.localhost||scheduled_job||tvft3lmo5a)
2026-10-03 12:36:05,919 Result is kept for 600 seconds
2026-10-03 12:36:05,972 workspaces-Desk-books-bench:default: frappe.utils.background_jobs.execute_job(event=None, is_async=True, job_name='frappe.core.doctype.scheduled_job_type.scheduled_job_type.run_scheduled_jo..., kwargs={'job_type': 'frappe.integrations.doctype.google_calendar.google_calendar.s..., method='frappe.core.doctype.scheduled_job_type.scheduled_job_type.run_scheduled_jo..., site='books.localhost', user='Administrator') (books.localhost||scheduled_job||tvgsq68nbr)
2026-10-03 12:36:06,662 Successfully completed frappe.utils.background_jobs.execute_job(event=None, is_async=True, job_name='frappe.core.doctype.scheduled_job_type.scheduled_job_type.run_scheduled_jo..., kwargs={'job_type': 'frappe.integrations.doctype.google_calendar.google_calendar.s..., method='frappe.core.doctype.scheduled_job_type.scheduled_job_type.run_scheduled_jo..., site='books.localhost', user='Administrator') job in 0:00:00.667388s on worker f1af22a7e72047aba15e1fa2779045e2
2026-10-03 12:36:06,662 workspaces-Desk-books-bench:default: Job OK (books.localhost||scheduled_job||tvgsq68nbr)
2026-10-03 12:36:06,662 Result is kept for 600 seconds
2026-10-03 12:40:00,862 workspaces-Desk-books-bench:default: frappe.utils.background_jobs.execute_job(event=None, is_async=True, job_name='frappe.core.doctype.scheduled_job_type.scheduled_job_type.run_scheduled_jo..., kwargs={'job_type': 'frappe.integrations.doctype.webhook.webhook.retry_failed_webh..., method='frappe.core.doctype.scheduled_job_type.scheduled_job_type.run_scheduled_jo..., site='books.localhost', user='Administrator') (books.localhost||scheduled_job||tvfn6bf8cs)
2026-10-03 12:40:01,448 Successfully completed frappe.utils.background_jobs.execute_job(event=None, is_async=True, job_name='frappe.core.doctype.scheduled_job_type.scheduled_job_type.run_scheduled_jo..., kwargs={'job_type': 'frappe.integrations.doctype.webhook.webhook.retry_failed_webh..., method='frappe.core.doctype.scheduled_job_type.scheduled_job_type.run_scheduled_jo..., site='books.localhost', user='Administrator') job in 0:00:00.572732s on worker f1af22a7e72047aba15e1fa2779045e2
2026-10-03 12:40:01,448 workspaces-Desk-books-bench:default: Job OK (books.localhost||scheduled_job||tvfn6bf8cs)
2026-10-03 12:40:01,449 Result is kept for 600 seconds
2026-10-03 12:40:01,460 Worker f1af22a7e72047aba15e1fa2779045e2: cleaning registries for queue: workspaces-Desk-books-bench:short
2026-10-03 12:40:01,462 Worker f1af22a7e72047aba15e1fa2779045e2: cleaning registries for queue: workspaces-Desk-books-bench:default
2026-10-03 12:40:01,464 Worker f1af22a7e72047aba15e1fa2779045e2: cleaning registries for queue: workspaces-Desk-books-bench:long
2026-10-03 12:40:01,466 workspaces-Desk-books-bench:default: frappe.utils.background_jobs.execute_job(event=None, is_async=True, job_name='frappe.core.doctype.scheduled_job_type.scheduled_job_type.run_scheduled_jo..., kwargs={'job_type': 'frappe.integrations.doctype.google_calendar.google_calendar.s..., method='frappe.core.doctype.scheduled_job_type.scheduled_job_type.run_scheduled_jo..., site='books.localhost', user='Administrator') (books.localhost||scheduled_job||tvgsq68nbr)
2026-10-03 12:40:02,239 Successfully completed frappe.utils.background_jobs.execute_job(event=None, is_async=True, job_name='frappe.core.doctype.scheduled_job_type.scheduled_job_type.run_scheduled_jo..., kwargs={'job_type': 'frappe.integrations.doctype.google_calendar.google_calendar.s..., method='frappe.core.doctype.scheduled_job_type.scheduled_job_type.run_scheduled_jo..., site='books.localhost', user='Administrator') job in 0:00:00.764482s on worker f1af22a7e72047aba15e1fa2779045e2
2026-10-03 12:40:02,241 workspaces-Desk-books-bench:default: Job OK (books.localhost||scheduled_job||tvgsq68nbr)
2026-10-03 12:40:02,242 Result is kept for 600 seconds
2026-10-03 12:40:02,258 workspaces-Desk-books-bench:default: frappe.utils.background_jobs.execute_job(event=None, is_async=True, job_name='frappe.core.doctype.scheduled_job_type.scheduled_job_type.run_scheduled_jo..., kwargs={'job_type': 'frappe.email.doctype.email_account.email_account.pull', 'sche..., method='frappe.core.doctype.scheduled_job_type.scheduled_job_type.run_scheduled_jo..., site='books.localhost', user='Administrator') (books.localhost||scheduled_job||tvf6eii5c1)
2026-10-03 12:40:03,407 Successfully completed frappe.utils.background_jobs.execute_job(event=None, is_async=True, job_name='frappe.core.doctype.scheduled_job_type.scheduled_job_type.run_scheduled_jo..., kwargs={'job_type': 'frappe.email.doctype.email_account.email_account.pull', 'sche..., method='frappe.core.doctype.scheduled_job_type.scheduled_job_type.run_scheduled_jo..., site='books.localhost', user='Administrator') job in 0:00:01.139587s on worker f1af22a7e72047aba15e1fa2779045e2
2026-10-03 12:40:03,408 workspaces-Desk-books-bench:default: Job OK (books.localhost||scheduled_job||tvf6eii5c1)
2026-10-03 12:40:03,408 Result is kept for 600 seconds
2026-10-03 12:40:03,419 workspaces-Desk-books-bench:default: frappe.utils.background_jobs.execute_job(event=None, is_async=True, job_name='frappe.core.doctype.scheduled_job_type.scheduled_job_type.run_scheduled_jo..., kwargs={'job_type': 'frappe.email.queue.retry_sending_emails', 'scheduled_job_type..., method='frappe.core.doctype.scheduled_job_type.scheduled_job_type.run_scheduled_jo..., site='books.localhost', user='Administrator') (books.localhost||scheduled_job||tvgunpisoh)
2026-10-03 12:40:04,008 Successfully completed frappe.utils.background_jobs.execute_job(event=None, is_async=True, job_name='frappe.core.doctype.scheduled_job_type.scheduled_job_type.run_scheduled_jo..., kwargs={'job_type': 'frappe.email.queue.retry_sending_emails', 'scheduled_job_type..., method='frappe.core.doctype.scheduled_job_type.scheduled_job_type.run_scheduled_jo..., site='books.localhost', user='Administrator') job in 0:00:00.581887s on worker f1af22a7e72047aba15e1fa2779045e2
2026-10-03 12:40:04,009 workspaces-Desk-books-bench:default: Job OK (books.localhost||scheduled_job||tvgunpisoh)
2026-10-03 12:40:04,010 Result is kept for 600 seconds
2026-10-03 12:40:04,019 workspaces-Desk-books-bench:default: frappe.utils.background_jobs.execute_job(event=None, is_async=True, job_name='frappe.core.doctype.scheduled_job_type.scheduled_job_type.run_scheduled_jo..., kwargs={'job_type': 'frappe.email.queue.flush', 'scheduled_job_type': 'tvgd72bons'..., method='frappe.core.doctype.scheduled_job_type.scheduled_job_type.run_scheduled_jo..., site='books.localhost', user='Administrator') (books.localhost||scheduled_job||tvgd72bons)
2026-10-03 12:40:04,558 Successfully completed frappe.utils.background_jobs.execute_job(event=None, is_async=True, job_name='frappe.core.doctype.scheduled_job_type.scheduled_job_type.run_scheduled_jo..., kwargs={'job_type': 'frappe.email.queue.flush', 'scheduled_job_type': 'tvgd72bons'..., method='frappe.core.doctype.scheduled_job_type.scheduled_job_type.run_scheduled_jo..., site='books.localhost', user='Administrator') job in 0:00:00.529208s on worker f1af22a7e72047aba15e1fa2779045e2
2026-10-03 12:40:04,558 workspaces-Desk-books-bench:default: Job OK (books.localhost||scheduled_job||tvgd72bons)
2026-10-03 12:40:04,558 Result is kept for 600 seconds
2026-10-03 12:40:04,567 workspaces-Desk-books-bench:default: frappe.utils.background_jobs.execute_job(event=None, is_async=True, job_name='frappe.core.doctype.scheduled_job_type.scheduled_job_type.run_scheduled_jo..., kwargs={'job_type': 'frappe.search.sqlite_search.index_docs_in_queue', 'scheduled_..., method='frappe.core.doctype.scheduled_job_type.scheduled_job_type.run_scheduled_jo..., site='books.localhost', user='Administrator') (books.localhost||scheduled_job||tvfskgtqqi)
2026-10-03 12:40:05,106 Successfully completed frappe.utils.background_jobs.execute_job(event=None, is_async=True, job_name='frappe.core.doctype.scheduled_job_type.scheduled_job_type.run_scheduled_jo..., kwargs={'job_type': 'frappe.search.sqlite_search.index_docs_in_queue', 'scheduled_..., method='frappe.core.doctype.scheduled_job_type.scheduled_job_type.run_scheduled_jo..., site='books.localhost', user='Administrator') job in 0:00:00.531717s on worker f1af22a7e72047aba15e1fa2779045e2
2026-10-03 12:40:05,107 workspaces-Desk-books-bench:default: Job OK (books.localhost||scheduled_job||tvfskgtqqi)
2026-10-03 12:40:05,107 Result is kept for 600 seconds
2026-10-03 12:40:05,117 workspaces-Desk-books-bench:default: frappe.utils.background_jobs.execute_job(event=None, is_async=True, job_name='frappe.core.doctype.scheduled_job_type.scheduled_job_type.run_scheduled_jo..., kwargs={'job_type': 'frappe.email.doctype.notification.notification.trigger_offset..., method='frappe.core.doctype.scheduled_job_type.scheduled_job_type.run_scheduled_jo..., site='books.localhost', user='Administrator') (books.localhost||scheduled_job||tvfkfghgup)
2026-10-03 12:40:05,604 Successfully completed frappe.utils.background_jobs.execute_job(event=None, is_async=True, job_name='frappe.core.doctype.scheduled_job_type.scheduled_job_type.run_scheduled_jo..., kwargs={'job_type': 'frappe.email.doctype.notification.notification.trigger_offset..., method='frappe.core.doctype.scheduled_job_type.scheduled_job_type.run_scheduled_jo..., site='books.localhost', user='Administrator') job in 0:00:00.479969s on worker f1af22a7e72047aba15e1fa2779045e2
2026-10-03 12:40:05,604 workspaces-Desk-books-bench:default: Job OK (books.localhost||scheduled_job||tvfkfghgup)
2026-10-03 12:40:05,604 Result is kept for 600 seconds
2026-10-03 12:40:05,614 workspaces-Desk-books-bench:default: frappe.utils.background_jobs.execute_job(event=None, is_async=True, job_name='frappe.core.doctype.scheduled_job_type.scheduled_job_type.run_scheduled_jo..., kwargs={'job_type': 'frappe.automation_engine.scheduler.process_cron', 'scheduled_..., method='frappe.core.doctype.scheduled_job_type.scheduled_job_type.run_scheduled_jo..., site='books.localhost', user='Administrator') (books.localhost||scheduled_job||tvfork1f3p)
2026-10-03 12:40:06,095 Successfully completed frappe.utils.background_jobs.execute_job(event=None, is_async=True, job_name='frappe.core.doctype.scheduled_job_type.scheduled_job_type.run_scheduled_jo..., kwargs={'job_type': 'frappe.automation_engine.scheduler.process_cron', 'scheduled_..., method='frappe.core.doctype.scheduled_job_type.scheduled_job_type.run_scheduled_jo..., site='books.localhost', user='Administrator') job in 0:00:00.471340s on worker f1af22a7e72047aba15e1fa2779045e2
2026-10-03 12:40:06,095 workspaces-Desk-books-bench:default: Job OK (books.localhost||scheduled_job||tvfork1f3p)
2026-10-03 12:40:06,095 Result is kept for 600 seconds
2026-10-03 12:40:06,107 workspaces-Desk-books-bench:default: frappe.utils.background_jobs.execute_job(event=None, is_async=True, job_name='frappe.core.doctype.scheduled_job_type.scheduled_job_type.run_scheduled_jo..., kwargs={'job_type': 'frappe.automation_engine.drainer.drain_due', 'scheduled_job_t..., method='frappe.core.doctype.scheduled_job_type.scheduled_job_type.run_scheduled_jo..., site='books.localhost', user='Administrator') (books.localhost||scheduled_job||tvft3lmo5a)
2026-10-03 12:40:06,647 Successfully completed frappe.utils.background_jobs.execute_job(event=None, is_async=True, job_name='frappe.core.doctype.scheduled_job_type.scheduled_job_type.run_scheduled_jo..., kwargs={'job_type': 'frappe.automation_engine.drainer.drain_due', 'scheduled_job_t..., method='frappe.core.doctype.scheduled_job_type.scheduled_job_type.run_scheduled_jo..., site='books.localhost', user='Administrator') job in 0:00:00.531832s on worker f1af22a7e72047aba15e1fa2779045e2
2026-10-03 12:40:06,647 workspaces-Desk-books-bench:default: Job OK (books.localhost||scheduled_job||tvft3lmo5a)
2026-10-03 12:40:06,647 Result is kept for 600 seconds
2026-10-03 12:40:06,656 workspaces-Desk-books-bench:default: frappe.utils.background_jobs.execute_job(event=None, is_async=True, job_name='frappe.core.doctype.scheduled_job_type.scheduled_job_type.run_scheduled_jo..., kwargs={'job_type': 'frappe.monitor.flush', 'scheduled_job_type': 'tvg3grmu87'}, method='frappe.core.doctype.scheduled_job_type.scheduled_job_type.run_scheduled_jo..., site='books.localhost', user='Administrator') (books.localhost||scheduled_job||tvg3grmu87)
2026-10-03 12:40:07,367 Successfully completed frappe.utils.background_jobs.execute_job(event=None, is_async=True, job_name='frappe.core.doctype.scheduled_job_type.scheduled_job_type.run_scheduled_jo..., kwargs={'job_type': 'frappe.monitor.flush', 'scheduled_job_type': 'tvg3grmu87'}, method='frappe.core.doctype.scheduled_job_type.scheduled_job_type.run_scheduled_jo..., site='books.localhost', user='Administrator') job in 0:00:00.703890s on worker f1af22a7e72047aba15e1fa2779045e2
2026-10-03 12:40:07,368 workspaces-Desk-books-bench:default: Job OK (books.localhost||scheduled_job||tvg3grmu87)
2026-10-03 12:40:07,369 Result is kept for 600 seconds
2026-10-03 12:44:00,905 workspaces-Desk-books-bench:default: frappe.utils.background_jobs.execute_job(event=None, is_async=True, job_name='frappe.core.doctype.scheduled_job_type.scheduled_job_type.run_scheduled_jo..., kwargs={'job_type': 'frappe.email.queue.retry_sending_emails', 'scheduled_job_type..., method='frappe.core.doctype.scheduled_job_type.scheduled_job_type.run_scheduled_jo..., site='books.localhost', user='Administrator') (books.localhost||scheduled_job||tvgunpisoh)
2026-10-03 12:44:01,465 Successfully completed frappe.utils.background_jobs.execute_job(event=None, is_async=True, job_name='frappe.core.doctype.scheduled_job_type.scheduled_job_type.run_scheduled_jo..., kwargs={'job_type': 'frappe.email.queue.retry_sending_emails', 'scheduled_job_type..., method='frappe.core.doctype.scheduled_job_type.scheduled_job_type.run_scheduled_jo..., site='books.localhost', user='Administrator') job in 0:00:00.548279s on worker f1af22a7e72047aba15e1fa2779045e2
2026-10-03 12:44:01,465 workspaces-Desk-books-bench:default: Job OK (books.localhost||scheduled_job||tvgunpisoh)
2026-10-03 12:44:01,466 Result is kept for 600 seconds
2026-10-03 12:44:01,475 workspaces-Desk-books-bench:default: frappe.utils.background_jobs.execute_job(event=None, is_async=True, job_name='frappe.core.doctype.scheduled_job_type.scheduled_job_type.run_scheduled_jo..., kwargs={'job_type': 'frappe.integrations.doctype.google_calendar.google_calendar.s..., method='frappe.core.doctype.scheduled_job_type.scheduled_job_type.run_scheduled_jo..., site='books.localhost', user='Administrator') (books.localhost||scheduled_job||tvgsq68nbr)
2026-10-03 12:44:01,954 Successfully completed frappe.utils.background_jobs.execute_job(event=None, is_async=True, job_name='frappe.core.doctype.scheduled_job_type.scheduled_job_type.run_scheduled_jo..., kwargs={'job_type': 'frappe.integrations.doctype.google_calendar.google_calendar.s..., method='frappe.core.doctype.scheduled_job_type.scheduled_job_type.run_scheduled_jo..., site='books.localhost', user='Administrator') job in 0:00:00.471630s on worker f1af22a7e72047aba15e1fa2779045e2
2026-10-03 12:44:01,954 workspaces-Desk-books-bench:default: Job OK (books.localhost||scheduled_job||tvgsq68nbr)
2026-10-03 12:44:01,955 Result is kept for 600 seconds
2026-10-03 12:44:01,964 workspaces-Desk-books-bench:default: frappe.utils.background_jobs.execute_job(event=None, is_async=True, job_name='frappe.core.doctype.scheduled_job_type.scheduled_job_type.run_scheduled_jo..., kwargs={'job_type': 'frappe.email.queue.flush', 'scheduled_job_type': 'tvgd72bons'..., method='frappe.core.doctype.scheduled_job_type.scheduled_job_type.run_scheduled_jo..., site='books.localhost', user='Administrator') (books.localhost||scheduled_job||tvgd72bons)
2026-10-03 12:44:02,474 Successfully completed frappe.utils.background_jobs.execute_job(event=None, is_async=True, job_name='frappe.core.doctype.scheduled_job_type.scheduled_job_type.run_scheduled_jo..., kwargs={'job_type': 'frappe.email.queue.flush', 'scheduled_job_type': 'tvgd72bons'..., method='frappe.core.doctype.scheduled_job_type.scheduled_job_type.run_scheduled_jo..., site='books.localhost', user='Administrator') job in 0:00:00.498842s on worker f1af22a7e72047aba15e1fa2779045e2
2026-10-03 12:44:02,475 workspaces-Desk-books-bench:default: Job OK (books.localhost||scheduled_job||tvgd72bons)
2026-10-03 12:44:02,475 Result is kept for 600 seconds
2026-10-03 12:44:02,490 workspaces-Desk-books-bench:default: frappe.utils.background_jobs.execute_job(event=None, is_async=True, job_name='frappe.core.doctype.scheduled_job_type.scheduled_job_type.run_scheduled_jo..., kwargs={'job_type': 'frappe.monitor.flush', 'scheduled_job_type': 'tvg3grmu87'}, method='frappe.core.doctype.scheduled_job_type.scheduled_job_type.run_scheduled_jo..., site='books.localhost', user='Administrator') (books.localhost||scheduled_job||tvg3grmu87)
2026-10-03 12:44:03,188 Successfully completed frappe.utils.background_jobs.execute_job(event=None, is_async=True, job_name='frappe.core.doctype.scheduled_job_type.scheduled_job_type.run_scheduled_jo..., kwargs={'job_type': 'frappe.monitor.flush', 'scheduled_job_type': 'tvg3grmu87'}, method='frappe.core.doctype.scheduled_job_type.scheduled_job_type.run_scheduled_jo..., site='books.localhost', user='Administrator') job in 0:00:00.684503s on worker f1af22a7e72047aba15e1fa2779045e2
2026-10-03 12:44:03,188 workspaces-Desk-books-bench:default: Job OK (books.localhost||scheduled_job||tvg3grmu87)
2026-10-03 12:44:03,189 Result is kept for 600 seconds
2026-10-03 12:48:00,935 workspaces-Desk-books-bench:default: frappe.utils.background_jobs.execute_job(event=None, is_async=True, job_name='frappe.core.doctype.scheduled_job_type.scheduled_job_type.run_scheduled_jo..., kwargs={'job_type': 'frappe.utils.global_search.sync_global_search', 'scheduled_jo..., method='frappe.core.doctype.scheduled_job_type.scheduled_job_type.run_scheduled_jo..., site='books.localhost', user='Administrator') (books.localhost||scheduled_job||tvfvi05ulh)
2026-10-03 12:48:01,528 Successfully completed frappe.utils.background_jobs.execute_job(event=None, is_async=True, job_name='frappe.core.doctype.scheduled_job_type.scheduled_job_type.run_scheduled_jo..., kwargs={'job_type': 'frappe.utils.global_search.sync_global_search', 'scheduled_jo..., method='frappe.core.doctype.scheduled_job_type.scheduled_job_type.run_scheduled_jo..., site='books.localhost', user='Administrator') job in 0:00:00.581372s on worker f1af22a7e72047aba15e1fa2779045e2
2026-10-03 12:48:01,529 workspaces-Desk-books-bench:default: Job OK (books.localhost||scheduled_job||tvfvi05ulh)
2026-10-03 12:48:01,530 Result is kept for 600 seconds
2026-10-03 12:48:01,541 workspaces-Desk-books-bench:default: frappe.utils.background_jobs.execute_job(event=None, is_async=True, job_name='frappe.core.doctype.scheduled_job_type.scheduled_job_type.run_scheduled_jo..., kwargs={'job_type': 'frappe.search.sqlite_search.index_docs_in_queue', 'scheduled_..., method='frappe.core.doctype.scheduled_job_type.scheduled_job_type.run_scheduled_jo..., site='books.localhost', user='Administrator') (books.localhost||scheduled_job||tvfskgtqqi)
2026-10-03 12:48:02,053 Successfully completed frappe.utils.background_jobs.execute_job(event=None, is_async=True, job_name='frappe.core.doctype.scheduled_job_type.scheduled_job_type.run_scheduled_jo..., kwargs={'job_type': 'frappe.search.sqlite_search.index_docs_in_queue', 'scheduled_..., method='frappe.core.doctype.scheduled_job_type.scheduled_job_type.run_scheduled_jo..., site='books.localhost', user='Administrator') job in 0:00:00.503318s on worker f1af22a7e72047aba15e1fa2779045e2
2026-10-03 12:48:02,053 workspaces-Desk-books-bench:default: Job OK (books.localhost||scheduled_job||tvfskgtqqi)
2026-10-03 12:48:02,054 Result is kept for 600 seconds
2026-10-03 12:48:02,063 workspaces-Desk-books-bench:default: frappe.utils.background_jobs.execute_job(event=None, is_async=True, job_name='frappe.core.doctype.scheduled_job_type.scheduled_job_type.run_scheduled_jo..., kwargs={'job_type': 'frappe.email.queue.flush', 'scheduled_job_type': 'tvgd72bons'..., method='frappe.core.doctype.scheduled_job_type.scheduled_job_type.run_scheduled_jo..., site='books.localhost', user='Administrator') (books.localhost||scheduled_job||tvgd72bons)
2026-10-03 12:48:02,543 Successfully completed frappe.utils.background_jobs.execute_job(event=None, is_async=True, job_name='frappe.core.doctype.scheduled_job_type.scheduled_job_type.run_scheduled_jo..., kwargs={'job_type': 'frappe.email.queue.flush', 'scheduled_job_type': 'tvgd72bons'..., method='frappe.core.doctype.scheduled_job_type.scheduled_job_type.run_scheduled_jo..., site='books.localhost', user='Administrator') job in 0:00:00.472686s on worker f1af22a7e72047aba15e1fa2779045e2
2026-10-03 12:48:02,543 workspaces-Desk-books-bench:default: Job OK (books.localhost||scheduled_job||tvgd72bons)
2026-10-03 12:48:02,543 Result is kept for 600 seconds
2026-10-03 12:48:02,553 workspaces-Desk-books-bench:default: frappe.utils.background_jobs.execute_job(event=None, is_async=True, job_name='frappe.core.doctype.scheduled_job_type.scheduled_job_type.run_scheduled_jo..., kwargs={'job_type': 'frappe.automation_engine.scheduler.process_cron', 'scheduled_..., method='frappe.core.doctype.scheduled_job_type.scheduled_job_type.run_scheduled_jo..., site='books.localhost', user='Administrator') (books.localhost||scheduled_job||tvfork1f3p)
2026-10-03 12:48:03,040 Successfully completed frappe.utils.background_jobs.execute_job(event=None, is_async=True, job_name='frappe.core.doctype.scheduled_job_type.scheduled_job_type.run_scheduled_jo..., kwargs={'job_type': 'frappe.automation_engine.scheduler.process_cron', 'scheduled_..., method='frappe.core.doctype.scheduled_job_type.scheduled_job_type.run_scheduled_jo..., site='books.localhost', user='Administrator') job in 0:00:00.479847s on worker f1af22a7e72047aba15e1fa2779045e2
2026-10-03 12:48:03,040 workspaces-Desk-books-bench:default: Job OK (books.localhost||scheduled_job||tvfork1f3p)
2026-10-03 12:48:03,040 Result is kept for 600 seconds
2026-10-03 12:48:03,054 workspaces-Desk-books-bench:default: frappe.utils.background_jobs.execute_job(event=None, is_async=True, job_name='frappe.core.doctype.scheduled_job_type.scheduled_job_type.run_scheduled_jo..., kwargs={'job_type': 'frappe.utils.telemetry.pulse.client.send_queued_events', 'sch..., method='frappe.core.doctype.scheduled_job_type.scheduled_job_type.run_scheduled_jo..., site='books.localhost', user='Administrator') (books.localhost||scheduled_job||tvfdg2svpd)
2026-10-03 12:48:03,601 Successfully completed frappe.utils.background_jobs.execute_job(event=None, is_async=True, job_name='frappe.core.doctype.scheduled_job_type.scheduled_job_type.run_scheduled_jo..., kwargs={'job_type': 'frappe.utils.telemetry.pulse.client.send_queued_events', 'sch..., method='frappe.core.doctype.scheduled_job_type.scheduled_job_type.run_scheduled_jo..., site='books.localhost', user='Administrator') job in 0:00:00.537826s on worker f1af22a7e72047aba15e1fa2779045e2
2026-10-03 12:48:03,602 workspaces-Desk-books-bench:default: Job OK (books.localhost||scheduled_job||tvfdg2svpd)
2026-10-03 12:48:03,602 Result is kept for 600 seconds
2026-10-03 12:48:03,612 workspaces-Desk-books-bench:default: frappe.utils.background_jobs.execute_job(event=None, is_async=True, job_name='frappe.core.doctype.scheduled_job_type.scheduled_job_type.run_scheduled_jo..., kwargs={'job_type': 'frappe.deferred_insert.save_to_db', 'scheduled_job_type': 'tv..., method='frappe.core.doctype.scheduled_job_type.scheduled_job_type.run_scheduled_jo..., site='books.localhost', user='Administrator') (books.localhost||scheduled_job||tvfo3fqaj8)
2026-10-03 12:48:04,063 Successfully completed frappe.utils.background_jobs.execute_job(event=None, is_async=True, job_name='frappe.core.doctype.scheduled_job_type.scheduled_job_type.run_scheduled_jo..., kwargs={'job_type': 'frappe.deferred_insert.save_to_db', 'scheduled_job_type': 'tv..., method='frappe.core.doctype.scheduled_job_type.scheduled_job_type.run_scheduled_jo..., site='books.localhost', user='Administrator') job in 0:00:00.442721s on worker f1af22a7e72047aba15e1fa2779045e2
2026-10-03 12:48:04,064 workspaces-Desk-books-bench:default: Job OK (books.localhost||scheduled_job||tvfo3fqaj8)
2026-10-03 12:48:04,064 Result is kept for 600 seconds
2026-10-03 12:48:04,074 workspaces-Desk-books-bench:default: frappe.utils.background_jobs.execute_job(event=None, is_async=True, job_name='frappe.core.doctype.scheduled_job_type.scheduled_job_type.run_scheduled_jo..., kwargs={'job_type': 'frappe.automation_engine.drainer.drain_due', 'scheduled_job_t..., method='frappe.core.doctype.scheduled_job_type.scheduled_job_type.run_scheduled_jo..., site='books.localhost', user='Administrator') (books.localhost||scheduled_job||tvft3lmo5a)
2026-10-03 12:48:04,588 Successfully completed frappe.utils.background_jobs.execute_job(event=None, is_async=True, job_name='frappe.core.doctype.scheduled_job_type.scheduled_job_type.run_scheduled_jo..., kwargs={'job_type': 'frappe.automation_engine.drainer.drain_due', 'scheduled_job_t..., method='frappe.core.doctype.scheduled_job_type.scheduled_job_type.run_scheduled_jo..., site='books.localhost', user='Administrator') job in 0:00:00.506896s on worker f1af22a7e72047aba15e1fa2779045e2
2026-10-03 12:48:04,589 workspaces-Desk-books-bench:default: Job OK (books.localhost||scheduled_job||tvft3lmo5a)
2026-10-03 12:48:04,589 Result is kept for 600 seconds
2026-10-03 12:48:04,602 workspaces-Desk-books-bench:default: frappe.utils.background_jobs.execute_job(event=None, is_async=True, job_name='frappe.core.doctype.scheduled_job_type.scheduled_job_type.run_scheduled_jo..., kwargs={'job_type': 'frappe.automation.doctype.reminder.reminder.send_reminders', ..., method='frappe.core.doctype.scheduled_job_type.scheduled_job_type.run_scheduled_jo..., site='books.localhost', user='Administrator') (books.localhost||scheduled_job||tvftau2n63)
2026-10-03 12:48:05,057 Successfully completed frappe.utils.background_jobs.execute_job(event=None, is_async=True, job_name='frappe.core.doctype.scheduled_job_type.scheduled_job_type.run_scheduled_jo..., kwargs={'job_type': 'frappe.automation.doctype.reminder.reminder.send_reminders', ..., method='frappe.core.doctype.scheduled_job_type.scheduled_job_type.run_scheduled_jo..., site='books.localhost', user='Administrator') job in 0:00:00.447425s on worker f1af22a7e72047aba15e1fa2779045e2
2026-10-03 12:48:05,057 workspaces-Desk-books-bench:default: Job OK (books.localhost||scheduled_job||tvftau2n63)
2026-10-03 12:48:05,057 Result is kept for 600 seconds
2026-10-03 12:48:05,067 workspaces-Desk-books-bench:default: frappe.utils.background_jobs.execute_job(event=None, is_async=True, job_name='frappe.core.doctype.scheduled_job_type.scheduled_job_type.run_scheduled_jo..., kwargs={'job_type': 'frappe.integrations.doctype.google_calendar.google_calendar.s..., method='frappe.core.doctype.scheduled_job_type.scheduled_job_type.run_scheduled_jo..., site='books.localhost', user='Administrator') (books.localhost||scheduled_job||tvgsq68nbr)
2026-10-03 12:48:05,532 Successfully completed frappe.utils.background_jobs.execute_job(event=None, is_async=True, job_name='frappe.core.doctype.scheduled_job_type.scheduled_job_type.run_scheduled_jo..., kwargs={'job_type': 'frappe.integrations.doctype.google_calendar.google_calendar.s..., method='frappe.core.doctype.scheduled_job_type.scheduled_job_type.run_scheduled_jo..., site='books.localhost', user='Administrator') job in 0:00:00.458144s on worker f1af22a7e72047aba15e1fa2779045e2
2026-10-03 12:48:05,532 workspaces-Desk-books-bench:default: Job OK (books.localhost||scheduled_job||tvgsq68nbr)
2026-10-03 12:48:05,532 Result is kept for 600 seconds
2026-10-03 12:48:05,542 workspaces-Desk-books-bench:default: frappe.utils.background_jobs.execute_job(event=None, is_async=True, job_name='frappe.core.doctype.scheduled_job_type.scheduled_job_type.run_scheduled_jo..., kwargs={'job_type': 'frappe.email.queue.retry_sending_emails', 'scheduled_job_type..., method='frappe.core.doctype.scheduled_job_type.scheduled_job_type.run_scheduled_jo..., site='books.localhost', user='Administrator') (books.localhost||scheduled_job||tvgunpisoh)
2026-10-03 12:48:06,076 Successfully completed frappe.utils.background_jobs.execute_job(event=None, is_async=True, job_name='frappe.core.doctype.scheduled_job_type.scheduled_job_type.run_scheduled_jo..., kwargs={'job_type': 'frappe.email.queue.retry_sending_emails', 'scheduled_job_type..., method='frappe.core.doctype.scheduled_job_type.scheduled_job_type.run_scheduled_jo..., site='books.localhost', user='Administrator') job in 0:00:00.523866s on worker f1af22a7e72047aba15e1fa2779045e2
2026-10-03 12:48:06,076 workspaces-Desk-books-bench:default: Job OK (books.localhost||scheduled_job||tvgunpisoh)
2026-10-03 12:48:06,076 Result is kept for 600 seconds
2026-10-03 12:48:06,086 workspaces-Desk-books-bench:default: frappe.utils.background_jobs.execute_job(event=None, is_async=True, job_name='frappe.core.doctype.scheduled_job_type.scheduled_job_type.run_scheduled_jo..., kwargs={'job_type': 'frappe.monitor.flush', 'scheduled_job_type': 'tvg3grmu87'}, method='frappe.core.doctype.scheduled_job_type.scheduled_job_type.run_scheduled_jo..., site='books.localhost', user='Administrator') (books.localhost||scheduled_job||tvg3grmu87)
2026-10-03 12:48:06,624 Successfully completed frappe.utils.background_jobs.execute_job(event=None, is_async=True, job_name='frappe.core.doctype.scheduled_job_type.scheduled_job_type.run_scheduled_jo..., kwargs={'job_type': 'frappe.monitor.flush', 'scheduled_job_type': 'tvg3grmu87'}, method='frappe.core.doctype.scheduled_job_type.scheduled_job_type.run_scheduled_jo..., site='books.localhost', user='Administrator') job in 0:00:00.531576s on worker f1af22a7e72047aba15e1fa2779045e2
2026-10-03 12:48:06,625 workspaces-Desk-books-bench:default: Job OK (books.localhost||scheduled_job||tvg3grmu87)
2026-10-03 12:48:06,625 Result is kept for 600 seconds
2026-10-03 12:48:06,635 workspaces-Desk-books-bench:default: frappe.utils.background_jobs.execute_job(event=None, is_async=True, job_name='frappe.core.doctype.scheduled_job_type.scheduled_job_type.run_scheduled_jo..., kwargs={'job_type': 'frappe.integrations.doctype.webhook.webhook.retry_failed_webh..., method='frappe.core.doctype.scheduled_job_type.scheduled_job_type.run_scheduled_jo..., site='books.localhost', user='Administrator') (books.localhost||scheduled_job||tvfn6bf8cs)
2026-10-03 12:48:07,137 Successfully completed frappe.utils.background_jobs.execute_job(event=None, is_async=True, job_name='frappe.core.doctype.scheduled_job_type.scheduled_job_type.run_scheduled_jo..., kwargs={'job_type': 'frappe.integrations.doctype.webhook.webhook.retry_failed_webh..., method='frappe.core.doctype.scheduled_job_type.scheduled_job_type.run_scheduled_jo..., site='books.localhost', user='Administrator') job in 0:00:00.492897s on worker f1af22a7e72047aba15e1fa2779045e2
2026-10-03 12:48:07,137 workspaces-Desk-books-bench:default: Job OK (books.localhost||scheduled_job||tvfn6bf8cs)
2026-10-03 12:48:07,137 Result is kept for 600 seconds
2026-10-03 12:48:07,151 workspaces-Desk-books-bench:default: frappe.utils.background_jobs.execute_job(event=None, is_async=True, job_name='frappe.core.doctype.scheduled_job_type.scheduled_job_type.run_scheduled_jo..., kwargs={'job_type': 'frappe.model.utils.link_count.update_link_count', 'scheduled_..., method='frappe.core.doctype.scheduled_job_type.scheduled_job_type.run_scheduled_jo..., site='books.localhost', user='Administrator') (books.localhost||scheduled_job||tvfuvg3m27)
2026-10-03 12:48:07,778 Successfully completed frappe.utils.background_jobs.execute_job(event=None, is_async=True, job_name='frappe.core.doctype.scheduled_job_type.scheduled_job_type.run_scheduled_jo..., kwargs={'job_type': 'frappe.model.utils.link_count.update_link_count', 'scheduled_..., method='frappe.core.doctype.scheduled_job_type.scheduled_job_type.run_scheduled_jo..., site='books.localhost', user='Administrator') job in 0:00:00.616845s on worker f1af22a7e72047aba15e1fa2779045e2
2026-10-03 12:48:07,778 workspaces-Desk-books-bench:default: Job OK (books.localhost||scheduled_job||tvfuvg3m27)
2026-10-03 12:48:07,779 Result is kept for 600 seconds
2026-10-03 12:48:07,789 workspaces-Desk-books-bench:default: frappe.utils.background_jobs.execute_job(event=None, is_async=True, job_name='frappe.core.doctype.scheduled_job_type.scheduled_job_type.run_scheduled_jo..., kwargs={'job_type': 'frappe.email.doctype.email_account.email_account.notify_unrep..., method='frappe.core.doctype.scheduled_job_type.scheduled_job_type.run_scheduled_jo..., site='books.localhost', user='Administrator') (books.localhost||scheduled_job||tvf744dvmr)
2026-10-03 12:48:08,258 Successfully completed frappe.utils.background_jobs.execute_job(event=None, is_async=True, job_name='frappe.core.doctype.scheduled_job_type.scheduled_job_type.run_scheduled_jo..., kwargs={'job_type': 'frappe.email.doctype.email_account.email_account.notify_unrep..., method='frappe.core.doctype.scheduled_job_type.scheduled_job_type.run_scheduled_jo..., site='books.localhost', user='Administrator') job in 0:00:00.461943s on worker f1af22a7e72047aba15e1fa2779045e2
2026-10-03 12:48:08,259 workspaces-Desk-books-bench:default: Job OK (books.localhost||scheduled_job||tvf744dvmr)
2026-10-03 12:48:08,259 Result is kept for 600 seconds
2026-10-03 12:48:08,269 workspaces-Desk-books-bench:default: frappe.utils.background_jobs.execute_job(event=None, is_async=True, job_name='frappe.core.doctype.scheduled_job_type.scheduled_job_type.run_scheduled_jo..., kwargs={'job_type': 'frappe.email.doctype.notification.notification.trigger_offset..., method='frappe.core.doctype.scheduled_job_type.scheduled_job_type.run_scheduled_jo..., site='books.localhost', user='Administrator') (books.localhost||scheduled_job||tvfkfghgup)
2026-10-03 12:48:08,796 Successfully completed frappe.utils.background_jobs.execute_job(event=None, is_async=True, job_name='frappe.core.doctype.scheduled_job_type.scheduled_job_type.run_scheduled_jo..., kwargs={'job_type': 'frappe.email.doctype.notification.notification.trigger_offset..., method='frappe.core.doctype.scheduled_job_type.scheduled_job_type.run_scheduled_jo..., site='books.localhost', user='Administrator') job in 0:00:00.520066s on worker f1af22a7e72047aba15e1fa2779045e2
2026-10-03 12:48:08,797 workspaces-Desk-books-bench:default: Job OK (books.localhost||scheduled_job||tvfkfghgup)
2026-10-03 12:48:08,797 Result is kept for 600 seconds
2026-10-03 12:52:00,977 workspaces-Desk-books-bench:default: frappe.utils.background_jobs.execute_job(event=None, is_async=True, job_name='frappe.core.doctype.scheduled_job_type.scheduled_job_type.run_scheduled_jo..., kwargs={'job_type': 'frappe.email.doctype.notification.notification.trigger_offset..., method='frappe.core.doctype.scheduled_job_type.scheduled_job_type.run_scheduled_jo..., site='books.localhost', user='Administrator') (books.localhost||scheduled_job||tvfkfghgup)
2026-10-03 12:52:01,531 Successfully completed frappe.utils.background_jobs.execute_job(event=None, is_async=True, job_name='frappe.core.doctype.scheduled_job_type.scheduled_job_type.run_scheduled_jo..., kwargs={'job_type': 'frappe.email.doctype.notification.notification.trigger_offset..., method='frappe.core.doctype.scheduled_job_type.scheduled_job_type.run_scheduled_jo..., site='books.localhost', user='Administrator') job in 0:00:00.540880s on worker f1af22a7e72047aba15e1fa2779045e2
2026-10-03 12:52:01,531 workspaces-Desk-books-bench:default: Job OK (books.localhost||scheduled_job||tvfkfghgup)
2026-10-03 12:52:01,532 Result is kept for 600 seconds
2026-10-03 12:52:01,541 Worker f1af22a7e72047aba15e1fa2779045e2: cleaning registries for queue: workspaces-Desk-books-bench:short
2026-10-03 12:52:01,543 Worker f1af22a7e72047aba15e1fa2779045e2: cleaning registries for queue: workspaces-Desk-books-bench:default
2026-10-03 12:52:01,545 Worker f1af22a7e72047aba15e1fa2779045e2: cleaning registries for queue: workspaces-Desk-books-bench:long
2026-10-03 12:52:01,547 workspaces-Desk-books-bench:default: frappe.utils.background_jobs.execute_job(event=None, is_async=True, job_name='frappe.core.doctype.scheduled_job_type.scheduled_job_type.run_scheduled_jo..., kwargs={'job_type': 'frappe.integrations.doctype.google_calendar.google_calendar.s..., method='frappe.core.doctype.scheduled_job_type.scheduled_job_type.run_scheduled_jo..., site='books.localhost', user='Administrator') (books.localhost||scheduled_job||tvgsq68nbr)
2026-10-03 12:52:02,163 Successfully completed frappe.utils.background_jobs.execute_job(event=None, is_async=True, job_name='frappe.core.doctype.scheduled_job_type.scheduled_job_type.run_scheduled_jo..., kwargs={'job_type': 'frappe.integrations.doctype.google_calendar.google_calendar.s..., method='frappe.core.doctype.scheduled_job_type.scheduled_job_type.run_scheduled_jo..., site='books.localhost', user='Administrator') job in 0:00:00.608503s on worker f1af22a7e72047aba15e1fa2779045e2
2026-10-03 12:52:02,163 workspaces-Desk-books-bench:default: Job OK (books.localhost||scheduled_job||tvgsq68nbr)
2026-10-03 12:52:02,163 Result is kept for 600 seconds
2026-10-03 12:52:02,175 workspaces-Desk-books-bench:default: frappe.utils.background_jobs.execute_job(event=None, is_async=True, job_name='frappe.core.doctype.scheduled_job_type.scheduled_job_type.run_scheduled_jo..., kwargs={'job_type': 'frappe.email.queue.flush', 'scheduled_job_type': 'tvgd72bons'..., method='frappe.core.doctype.scheduled_job_type.scheduled_job_type.run_scheduled_jo..., site='books.localhost', user='Administrator') (books.localhost||scheduled_job||tvgd72bons)
2026-10-03 12:52:02,661 Successfully completed frappe.utils.background_jobs.execute_job(event=None, is_async=True, job_name='frappe.core.doctype.scheduled_job_type.scheduled_job_type.run_scheduled_jo..., kwargs={'job_type': 'frappe.email.queue.flush', 'scheduled_job_type': 'tvgd72bons'..., method='frappe.core.doctype.scheduled_job_type.scheduled_job_type.run_scheduled_jo..., site='books.localhost', user='Administrator') job in 0:00:00.476397s on worker f1af22a7e72047aba15e1fa2779045e2
2026-10-03 12:52:02,662 workspaces-Desk-books-bench:default: Job OK (books.localhost||scheduled_job||tvgd72bons)
2026-10-03 12:52:02,662 Result is kept for 600 seconds
2026-10-03 12:52:02,672 workspaces-Desk-books-bench:default: frappe.utils.background_jobs.execute_job(event=None, is_async=True, job_name='frappe.core.doctype.scheduled_job_type.scheduled_job_type.run_scheduled_jo..., kwargs={'job_type': 'frappe.email.doctype.email_account.email_account.pull', 'sche..., method='frappe.core.doctype.scheduled_job_type.scheduled_job_type.run_scheduled_jo..., site='books.localhost', user='Administrator') (books.localhost||scheduled_job||tvf6eii5c1)
2026-10-03 12:52:03,178 Successfully completed frappe.utils.background_jobs.execute_job(event=None, is_async=True, job_name='frappe.core.doctype.scheduled_job_type.scheduled_job_type.run_scheduled_jo..., kwargs={'job_type': 'frappe.email.doctype.email_account.email_account.pull', 'sche..., method='frappe.core.doctype.scheduled_job_type.scheduled_job_type.run_scheduled_jo..., site='books.localhost', user='Administrator') job in 0:00:00.498971s on worker f1af22a7e72047aba15e1fa2779045e2
2026-10-03 12:52:03,179 workspaces-Desk-books-bench:default: Job OK (books.localhost||scheduled_job||tvf6eii5c1)
2026-10-03 12:52:03,179 Result is kept for 600 seconds
2026-10-03 12:52:03,190 workspaces-Desk-books-bench:default: frappe.utils.background_jobs.execute_job(event=None, is_async=True, job_name='frappe.core.doctype.scheduled_job_type.scheduled_job_type.run_scheduled_jo..., kwargs={'job_type': 'frappe.email.queue.retry_sending_emails', 'scheduled_job_type..., method='frappe.core.doctype.scheduled_job_type.scheduled_job_type.run_scheduled_jo..., site='books.localhost', user='Administrator') (books.localhost||scheduled_job||tvgunpisoh)
2026-10-03 12:52:03,835 Successfully completed frappe.utils.background_jobs.execute_job(event=None, is_async=True, job_name='frappe.core.doctype.scheduled_job_type.scheduled_job_type.run_scheduled_jo..., kwargs={'job_type': 'frappe.email.queue.retry_sending_emails', 'scheduled_job_type..., method='frappe.core.doctype.scheduled_job_type.scheduled_job_type.run_scheduled_jo..., site='books.localhost', user='Administrator') job in 0:00:00.638008s on worker f1af22a7e72047aba15e1fa2779045e2
2026-10-03 12:52:03,835 workspaces-Desk-books-bench:default: Job OK (books.localhost||scheduled_job||tvgunpisoh)
2026-10-03 12:52:03,835 Result is kept for 600 seconds
2026-10-03 12:52:03,846 workspaces-Desk-books-bench:default: frappe.utils.background_jobs.execute_job(event=None, is_async=True, job_name='frappe.core.doctype.scheduled_job_type.scheduled_job_type.run_scheduled_jo..., kwargs={'job_type': 'frappe.automation_engine.drainer.drain_due', 'scheduled_job_t..., method='frappe.core.doctype.scheduled_job_type.scheduled_job_type.run_scheduled_jo..., site='books.localhost', user='Administrator') (books.localhost||scheduled_job||tvft3lmo5a)
2026-10-03 12:52:04,431 Successfully completed frappe.utils.background_jobs.execute_job(event=None, is_async=True, job_name='frappe.core.doctype.scheduled_job_type.scheduled_job_type.run_scheduled_jo..., kwargs={'job_type': 'frappe.automation_engine.drainer.drain_due', 'scheduled_job_t..., method='frappe.core.doctype.scheduled_job_type.scheduled_job_type.run_scheduled_jo..., site='books.localhost', user='Administrator') job in 0:00:00.578312s on worker f1af22a7e72047aba15e1fa2779045e2
2026-10-03 12:52:04,432 workspaces-Desk-books-bench:default: Job OK (books.localhost||scheduled_job||tvft3lmo5a)
2026-10-03 12:52:04,432 Result is kept for 600 seconds
2026-10-03 12:52:04,443 workspaces-Desk-books-bench:default: frappe.utils.background_jobs.execute_job(event=None, is_async=True, job_name='frappe.core.doctype.scheduled_job_type.scheduled_job_type.run_scheduled_jo..., kwargs={'job_type': 'frappe.automation_engine.scheduler.process_cron', 'scheduled_..., method='frappe.core.doctype.scheduled_job_type.scheduled_job_type.run_scheduled_jo..., site='books.localhost', user='Administrator') (books.localhost||scheduled_job||tvfork1f3p)
2026-10-03 12:52:04,908 Successfully completed frappe.utils.background_jobs.execute_job(event=None, is_async=True, job_name='frappe.core.doctype.scheduled_job_type.scheduled_job_type.run_scheduled_jo..., kwargs={'job_type': 'frappe.automation_engine.scheduler.process_cron', 'scheduled_..., method='frappe.core.doctype.scheduled_job_type.scheduled_job_type.run_scheduled_jo..., site='books.localhost', user='Administrator') job in 0:00:00.457627s on worker f1af22a7e72047aba15e1fa2779045e2
2026-10-03 12:52:04,908 workspaces-Desk-books-bench:default: Job OK (books.localhost||scheduled_job||tvfork1f3p)
2026-10-03 12:52:04,909 Result is kept for 600 seconds
2026-10-03 12:52:04,918 workspaces-Desk-books-bench:default: frappe.utils.background_jobs.execute_job(event=None, is_async=True, job_name='frappe.core.doctype.scheduled_job_type.scheduled_job_type.run_scheduled_jo..., kwargs={'job_type': 'frappe.integrations.doctype.webhook.webhook.retry_failed_webh..., method='frappe.core.doctype.scheduled_job_type.scheduled_job_type.run_scheduled_jo..., site='books.localhost', user='Administrator') (books.localhost||scheduled_job||tvfn6bf8cs)
2026-10-03 12:52:05,447 Successfully completed frappe.utils.background_jobs.execute_job(event=None, is_async=True, job_name='frappe.core.doctype.scheduled_job_type.scheduled_job_type.run_scheduled_jo..., kwargs={'job_type': 'frappe.integrations.doctype.webhook.webhook.retry_failed_webh..., method='frappe.core.doctype.scheduled_job_type.scheduled_job_type.run_scheduled_jo..., site='books.localhost', user='Administrator') job in 0:00:00.521449s on worker f1af22a7e72047aba15e1fa2779045e2
2026-10-03 12:52:05,447 workspaces-Desk-books-bench:default: Job OK (books.localhost||scheduled_job||tvfn6bf8cs)
2026-10-03 12:52:05,447 Result is kept for 600 seconds
2026-10-03 12:52:05,458 workspaces-Desk-books-bench:default: frappe.utils.background_jobs.execute_job(event=None, is_async=True, job_name='frappe.core.doctype.scheduled_job_type.scheduled_job_type.run_scheduled_jo..., kwargs={'job_type': 'frappe.monitor.flush', 'scheduled_job_type': 'tvg3grmu87'}, method='frappe.core.doctype.scheduled_job_type.scheduled_job_type.run_scheduled_jo..., site='books.localhost', user='Administrator') (books.localhost||scheduled_job||tvg3grmu87)
2026-10-03 12:52:05,906 Successfully completed frappe.utils.background_jobs.execute_job(event=None, is_async=True, job_name='frappe.core.doctype.scheduled_job_type.scheduled_job_type.run_scheduled_jo..., kwargs={'job_type': 'frappe.monitor.flush', 'scheduled_job_type': 'tvg3grmu87'}, method='frappe.core.doctype.scheduled_job_type.scheduled_job_type.run_scheduled_jo..., site='books.localhost', user='Administrator') job in 0:00:00.441177s on worker f1af22a7e72047aba15e1fa2779045e2
2026-10-03 12:52:05,906 workspaces-Desk-books-bench:default: Job OK (books.localhost||scheduled_job||tvg3grmu87)
2026-10-03 12:52:05,906 Result is kept for 600 seconds
2026-10-03 12:52:05,916 workspaces-Desk-books-bench:default: frappe.utils.background_jobs.execute_job(event=None, is_async=True, job_name='frappe.core.doctype.scheduled_job_type.scheduled_job_type.run_scheduled_jo..., kwargs={'job_type': 'frappe.search.sqlite_search.index_docs_in_queue', 'scheduled_..., method='frappe.core.doctype.scheduled_job_type.scheduled_job_type.run_scheduled_jo..., site='books.localhost', user='Administrator') (books.localhost||scheduled_job||tvfskgtqqi)
2026-10-03 12:52:06,392 Successfully completed frappe.utils.background_jobs.execute_job(event=None, is_async=True, job_name='frappe.core.doctype.scheduled_job_type.scheduled_job_type.run_scheduled_jo..., kwargs={'job_type': 'frappe.search.sqlite_search.index_docs_in_queue', 'scheduled_..., method='frappe.core.doctype.scheduled_job_type.scheduled_job_type.run_scheduled_jo..., site='books.localhost', user='Administrator') job in 0:00:00.466671s on worker f1af22a7e72047aba15e1fa2779045e2
2026-10-03 12:52:06,392 workspaces-Desk-books-bench:default: Job OK (books.localhost||scheduled_job||tvfskgtqqi)
2026-10-03 12:52:06,393 Result is kept for 600 seconds
2026-10-03 12:56:01,014 workspaces-Desk-books-bench:default: frappe.utils.background_jobs.execute_job(event=None, is_async=True, job_name='frappe.core.doctype.scheduled_job_type.scheduled_job_type.run_scheduled_jo..., kwargs={'job_type': 'frappe.monitor.flush', 'scheduled_job_type': 'tvg3grmu87'}, method='frappe.core.doctype.scheduled_job_type.scheduled_job_type.run_scheduled_jo..., site='books.localhost', user='Administrator') (books.localhost||scheduled_job||tvg3grmu87)
2026-10-03 12:56:01,514 Successfully completed frappe.utils.background_jobs.execute_job(event=None, is_async=True, job_name='frappe.core.doctype.scheduled_job_type.scheduled_job_type.run_scheduled_jo..., kwargs={'job_type': 'frappe.monitor.flush', 'scheduled_job_type': 'tvg3grmu87'}, method='frappe.core.doctype.scheduled_job_type.scheduled_job_type.run_scheduled_jo..., site='books.localhost', user='Administrator') job in 0:00:00.487986s on worker f1af22a7e72047aba15e1fa2779045e2
2026-10-03 12:56:01,515 workspaces-Desk-books-bench:default: Job OK (books.localhost||scheduled_job||tvg3grmu87)
2026-10-03 12:56:01,515 Result is kept for 600 seconds
2026-10-03 12:56:01,525 workspaces-Desk-books-bench:default: frappe.utils.background_jobs.execute_job(event=None, is_async=True, job_name='frappe.core.doctype.scheduled_job_type.scheduled_job_type.run_scheduled_jo..., kwargs={'job_type': 'frappe.email.queue.flush', 'scheduled_job_type': 'tvgd72bons'..., method='frappe.core.doctype.scheduled_job_type.scheduled_job_type.run_scheduled_jo..., site='books.localhost', user='Administrator') (books.localhost||scheduled_job||tvgd72bons)
2026-10-03 12:56:02,095 Successfully completed frappe.utils.background_jobs.execute_job(event=None, is_async=True, job_name='frappe.core.doctype.scheduled_job_type.scheduled_job_type.run_scheduled_jo..., kwargs={'job_type': 'frappe.email.queue.flush', 'scheduled_job_type': 'tvgd72bons'..., method='frappe.core.doctype.scheduled_job_type.scheduled_job_type.run_scheduled_jo..., site='books.localhost', user='Administrator') job in 0:00:00.561783s on worker f1af22a7e72047aba15e1fa2779045e2
2026-10-03 12:56:02,095 workspaces-Desk-books-bench:default: Job OK (books.localhost||scheduled_job||tvgd72bons)
2026-10-03 12:56:02,095 Result is kept for 600 seconds
2026-10-03 12:56:02,105 workspaces-Desk-books-bench:default: frappe.utils.background_jobs.execute_job(event=None, is_async=True, job_name='frappe.core.doctype.scheduled_job_type.scheduled_job_type.run_scheduled_jo..., kwargs={'job_type': 'frappe.email.doctype.notification.notification.trigger_offset..., method='frappe.core.doctype.scheduled_job_type.scheduled_job_type.run_scheduled_jo..., site='books.localhost', user='Administrator') (books.localhost||scheduled_job||tvfkfghgup)
2026-10-03 12:56:02,635 Successfully completed frappe.utils.background_jobs.execute_job(event=None, is_async=True, job_name='frappe.core.doctype.scheduled_job_type.scheduled_job_type.run_scheduled_jo..., kwargs={'job_type': 'frappe.email.doctype.notification.notification.trigger_offset..., method='frappe.core.doctype.scheduled_job_type.scheduled_job_type.run_scheduled_jo..., site='books.localhost', user='Administrator') job in 0:00:00.522186s on worker f1af22a7e72047aba15e1fa2779045e2
2026-10-03 12:56:02,636 workspaces-Desk-books-bench:default: Job OK (books.localhost||scheduled_job||tvfkfghgup)
2026-10-03 12:56:02,636 Result is kept for 600 seconds
2026-10-03 12:56:02,646 workspaces-Desk-books-bench:default: frappe.utils.background_jobs.execute_job(event=None, is_async=True, job_name='frappe.core.doctype.scheduled_job_type.scheduled_job_type.run_scheduled_jo..., kwargs={'job_type': 'frappe.integrations.doctype.webhook.webhook.retry_failed_webh..., method='frappe.core.doctype.scheduled_job_type.scheduled_job_type.run_scheduled_jo..., site='books.localhost', user='Administrator') (books.localhost||scheduled_job||tvfn6bf8cs)
2026-10-03 12:56:03,117 Successfully completed frappe.utils.background_jobs.execute_job(event=None, is_async=True, job_name='frappe.core.doctype.scheduled_job_type.scheduled_job_type.run_scheduled_jo..., kwargs={'job_type': 'frappe.integrations.doctype.webhook.webhook.retry_failed_webh..., method='frappe.core.doctype.scheduled_job_type.scheduled_job_type.run_scheduled_jo..., site='books.localhost', user='Administrator') job in 0:00:00.463315s on worker f1af22a7e72047aba15e1fa2779045e2
2026-10-03 12:56:03,118 workspaces-Desk-books-bench:default: Job OK (books.localhost||scheduled_job||tvfn6bf8cs)
2026-10-03 12:56:03,118 Result is kept for 600 seconds
2026-10-03 12:56:03,128 workspaces-Desk-books-bench:default: frappe.utils.background_jobs.execute_job(event=None, is_async=True, job_name='frappe.core.doctype.scheduled_job_type.scheduled_job_type.run_scheduled_jo..., kwargs={'job_type': 'frappe.automation_engine.scheduler.process_cron', 'scheduled_..., method='frappe.core.doctype.scheduled_job_type.scheduled_job_type.run_scheduled_jo..., site='books.localhost', user='Administrator') (books.localhost||scheduled_job||tvfork1f3p)
2026-10-03 12:56:03,617 Successfully completed frappe.utils.background_jobs.execute_job(event=None, is_async=True, job_name='frappe.core.doctype.scheduled_job_type.scheduled_job_type.run_scheduled_jo..., kwargs={'job_type': 'frappe.automation_engine.scheduler.process_cron', 'scheduled_..., method='frappe.core.doctype.scheduled_job_type.scheduled_job_type.run_scheduled_jo..., site='books.localhost', user='Administrator') job in 0:00:00.481745s on worker f1af22a7e72047aba15e1fa2779045e2
2026-10-03 12:56:03,617 workspaces-Desk-books-bench:default: Job OK (books.localhost||scheduled_job||tvfork1f3p)
2026-10-03 12:56:03,618 Result is kept for 600 seconds
2026-10-03 12:56:03,628 workspaces-Desk-books-bench:default: frappe.utils.background_jobs.execute_job(event=None, is_async=True, job_name='frappe.core.doctype.scheduled_job_type.scheduled_job_type.run_scheduled_jo..., kwargs={'job_type': 'frappe.email.queue.retry_sending_emails', 'scheduled_job_type..., method='frappe.core.doctype.scheduled_job_type.scheduled_job_type.run_scheduled_jo..., site='books.localhost', user='Administrator') (books.localhost||scheduled_job||tvgunpisoh)
2026-10-03 12:56:04,239 Successfully completed frappe.utils.background_jobs.execute_job(event=None, is_async=True, job_name='frappe.core.doctype.scheduled_job_type.scheduled_job_type.run_scheduled_jo..., kwargs={'job_type': 'frappe.email.queue.retry_sending_emails', 'scheduled_job_type..., method='frappe.core.doctype.scheduled_job_type.scheduled_job_type.run_scheduled_jo..., site='books.localhost', user='Administrator') job in 0:00:00.603227s on worker f1af22a7e72047aba15e1fa2779045e2
2026-10-03 12:56:04,240 workspaces-Desk-books-bench:default: Job OK (books.localhost||scheduled_job||tvgunpisoh)
2026-10-03 12:56:04,240 Result is kept for 600 seconds
2026-10-03 12:56:04,251 workspaces-Desk-books-bench:default: frappe.utils.background_jobs.execute_job(event=None, is_async=True, job_name='frappe.core.doctype.scheduled_job_type.scheduled_job_type.run_scheduled_jo..., kwargs={'job_type': 'frappe.automation_engine.drainer.drain_due', 'scheduled_job_t..., method='frappe.core.doctype.scheduled_job_type.scheduled_job_type.run_scheduled_jo..., site='books.localhost', user='Administrator') (books.localhost||scheduled_job||tvft3lmo5a)
2026-10-03 12:56:04,767 Successfully completed frappe.utils.background_jobs.execute_job(event=None, is_async=True, job_name='frappe.core.doctype.scheduled_job_type.scheduled_job_type.run_scheduled_jo..., kwargs={'job_type': 'frappe.automation_engine.drainer.drain_due', 'scheduled_job_t..., method='frappe.core.doctype.scheduled_job_type.scheduled_job_type.run_scheduled_jo..., site='books.localhost', user='Administrator') job in 0:00:00.503871s on worker f1af22a7e72047aba15e1fa2779045e2
2026-10-03 12:56:04,767 workspaces-Desk-books-bench:default: Job OK (books.localhost||scheduled_job||tvft3lmo5a)
2026-10-03 12:56:04,767 Result is kept for 600 seconds
2026-10-03 12:56:04,777 workspaces-Desk-books-bench:default: frappe.utils.background_jobs.execute_job(event=None, is_async=True, job_name='frappe.core.doctype.scheduled_job_type.scheduled_job_type.run_scheduled_jo..., kwargs={'job_type': 'frappe.integrations.doctype.google_calendar.google_calendar.s..., method='frappe.core.doctype.scheduled_job_type.scheduled_job_type.run_scheduled_jo..., site='books.localhost', user='Administrator') (books.localhost||scheduled_job||tvgsq68nbr)
2026-10-03 12:56:05,240 Successfully completed frappe.utils.background_jobs.execute_job(event=None, is_async=True, job_name='frappe.core.doctype.scheduled_job_type.scheduled_job_type.run_scheduled_jo..., kwargs={'job_type': 'frappe.integrations.doctype.google_calendar.google_calendar.s..., method='frappe.core.doctype.scheduled_job_type.scheduled_job_type.run_scheduled_jo..., site='books.localhost', user='Administrator') job in 0:00:00.456058s on worker f1af22a7e72047aba15e1fa2779045e2
2026-10-03 12:56:05,241 workspaces-Desk-books-bench:default: Job OK (books.localhost||scheduled_job||tvgsq68nbr)
2026-10-03 12:56:05,241 Result is kept for 600 seconds
2026-10-03 12:56:05,252 workspaces-Desk-books-bench:default: frappe.utils.background_jobs.execute_job(event=None, is_async=True, job_name='frappe.core.doctype.scheduled_job_type.scheduled_job_type.run_scheduled_jo..., kwargs={'job_type': 'frappe.search.sqlite_search.index_docs_in_queue', 'scheduled_..., method='frappe.core.doctype.scheduled_job_type.scheduled_job_type.run_scheduled_jo..., site='books.localhost', user='Administrator') (books.localhost||scheduled_job||tvfskgtqqi)
2026-10-03 12:56:05,752 Successfully completed frappe.utils.background_jobs.execute_job(event=None, is_async=True, job_name='frappe.core.doctype.scheduled_job_type.scheduled_job_type.run_scheduled_jo..., kwargs={'job_type': 'frappe.search.sqlite_search.index_docs_in_queue', 'scheduled_..., method='frappe.core.doctype.scheduled_job_type.scheduled_job_type.run_scheduled_jo..., site='books.localhost', user='Administrator') job in 0:00:00.490368s on worker f1af22a7e72047aba15e1fa2779045e2
2026-10-03 12:56:05,752 workspaces-Desk-books-bench:default: Job OK (books.localhost||scheduled_job||tvfskgtqqi)
2026-10-03 12:56:05,753 Result is kept for 600 seconds
2026-10-03 13:00:00,052 workspaces-Desk-books-bench:default: frappe.utils.background_jobs.execute_job(event=None, is_async=True, job_name='frappe.core.doctype.scheduled_job_type.scheduled_job_type.run_scheduled_jo..., kwargs={'job_type': 'frappe.email.queue.retry_sending_emails', 'scheduled_job_type..., method='frappe.core.doctype.scheduled_job_type.scheduled_job_type.run_scheduled_jo..., site='books.localhost', user='Administrator') (books.localhost||scheduled_job||tvgunpisoh)
2026-10-03 13:00:00,611 Successfully completed frappe.utils.background_jobs.execute_job(event=None, is_async=True, job_name='frappe.core.doctype.scheduled_job_type.scheduled_job_type.run_scheduled_jo..., kwargs={'job_type': 'frappe.email.queue.retry_sending_emails', 'scheduled_job_type..., method='frappe.core.doctype.scheduled_job_type.scheduled_job_type.run_scheduled_jo..., site='books.localhost', user='Administrator') job in 0:00:00.547330s on worker f1af22a7e72047aba15e1fa2779045e2
2026-10-03 13:00:00,611 workspaces-Desk-books-bench:default: Job OK (books.localhost||scheduled_job||tvgunpisoh)
2026-10-03 13:00:00,611 Result is kept for 600 seconds
2026-10-03 13:00:00,621 workspaces-Desk-books-bench:default: frappe.utils.background_jobs.execute_job(event=None, is_async=True, job_name='frappe.core.doctype.scheduled_job_type.scheduled_job_type.run_scheduled_jo..., kwargs={'job_type': 'frappe.deferred_insert.save_to_db', 'scheduled_job_type': 'tv..., method='frappe.core.doctype.scheduled_job_type.scheduled_job_type.run_scheduled_jo..., site='books.localhost', user='Administrator') (books.localhost||scheduled_job||tvfo3fqaj8)
2026-10-03 13:00:01,224 Successfully completed frappe.utils.background_jobs.execute_job(event=None, is_async=True, job_name='frappe.core.doctype.scheduled_job_type.scheduled_job_type.run_scheduled_jo..., kwargs={'job_type': 'frappe.deferred_insert.save_to_db', 'scheduled_job_type': 'tv..., method='frappe.core.doctype.scheduled_job_type.scheduled_job_type.run_scheduled_jo..., site='books.localhost', user='Administrator') job in 0:00:00.596477s on worker f1af22a7e72047aba15e1fa2779045e2
2026-10-03 13:00:01,225 workspaces-Desk-books-bench:default: Job OK (books.localhost||scheduled_job||tvfo3fqaj8)
2026-10-03 13:00:01,225 Result is kept for 600 seconds
2026-10-03 13:00:01,235 workspaces-Desk-books-bench:default: frappe.utils.background_jobs.execute_job(event=None, is_async=True, job_name='frappe.core.doctype.scheduled_job_type.scheduled_job_type.run_scheduled_jo..., kwargs={'job_type': 'frappe.monitor.flush', 'scheduled_job_type': 'tvg3grmu87'}, method='frappe.core.doctype.scheduled_job_type.scheduled_job_type.run_scheduled_jo..., site='books.localhost', user='Administrator') (books.localhost||scheduled_job||tvg3grmu87)
2026-10-03 13:00:01,778 Successfully completed frappe.utils.background_jobs.execute_job(event=None, is_async=True, job_name='frappe.core.doctype.scheduled_job_type.scheduled_job_type.run_scheduled_jo..., kwargs={'job_type': 'frappe.monitor.flush', 'scheduled_job_type': 'tvg3grmu87'}, method='frappe.core.doctype.scheduled_job_type.scheduled_job_type.run_scheduled_jo..., site='books.localhost', user='Administrator') job in 0:00:00.536149s on worker f1af22a7e72047aba15e1fa2779045e2
2026-10-03 13:00:01,779 workspaces-Desk-books-bench:default: Job OK (books.localhost||scheduled_job||tvg3grmu87)
2026-10-03 13:00:01,780 Result is kept for 600 seconds
2026-10-03 13:00:01,790 workspaces-Desk-books-bench:default: frappe.utils.background_jobs.execute_job(event=None, is_async=True, job_name='frappe.core.doctype.scheduled_job_type.scheduled_job_type.run_scheduled_jo..., kwargs={'job_type': 'frappe.automation_engine.scheduler.process_date_based', 'sche..., method='frappe.core.doctype.scheduled_job_type.scheduled_job_type.run_scheduled_jo..., site='books.localhost', user='Administrator') (books.localhost||scheduled_job||tvgjpnjvhs)
2026-10-03 13:00:02,328 Successfully completed frappe.utils.background_jobs.execute_job(event=None, is_async=True, job_name='frappe.core.doctype.scheduled_job_type.scheduled_job_type.run_scheduled_jo..., kwargs={'job_type': 'frappe.automation_engine.scheduler.process_date_based', 'sche..., method='frappe.core.doctype.scheduled_job_type.scheduled_job_type.run_scheduled_jo..., site='books.localhost', user='Administrator') job in 0:00:00.531142s on worker f1af22a7e72047aba15e1fa2779045e2
2026-10-03 13:00:02,329 workspaces-Desk-books-bench:default: Job OK (books.localhost||scheduled_job||tvgjpnjvhs)
2026-10-03 13:00:02,329 Result is kept for 600 seconds
2026-10-03 13:00:02,339 workspaces-Desk-books-bench:default: frappe.utils.background_jobs.execute_job(event=None, is_async=True, job_name='frappe.core.doctype.scheduled_job_type.scheduled_job_type.run_scheduled_jo..., kwargs={'job_type': 'frappe.integrations.doctype.google_calendar.google_calendar.s..., method='frappe.core.doctype.scheduled_job_type.scheduled_job_type.run_scheduled_jo..., site='books.localhost', user='Administrator') (books.localhost||scheduled_job||tvgsq68nbr)
2026-10-03 13:00:03,017 Successfully completed frappe.utils.background_jobs.execute_job(event=None, is_async=True, job_name='frappe.core.doctype.scheduled_job_type.scheduled_job_type.run_scheduled_jo..., kwargs={'job_type': 'frappe.integrations.doctype.google_calendar.google_calendar.s..., method='frappe.core.doctype.scheduled_job_type.scheduled_job_type.run_scheduled_jo..., site='books.localhost', user='Administrator') job in 0:00:00.667789s on worker f1af22a7e72047aba15e1fa2779045e2
2026-10-03 13:00:03,017 workspaces-Desk-books-bench:default: Job OK (books.localhost||scheduled_job||tvgsq68nbr)
2026-10-03 13:00:03,017 Result is kept for 600 seconds
2026-10-03 13:00:03,028 workspaces-Desk-books-bench:default: frappe.utils.background_jobs.execute_job(event=None, is_async=True, job_name='frappe.core.doctype.scheduled_job_type.scheduled_job_type.run_scheduled_jo..., kwargs={'job_type': 'frappe.search.sqlite_search.index_docs_in_queue', 'scheduled_..., method='frappe.core.doctype.scheduled_job_type.scheduled_job_type.run_scheduled_jo..., site='books.localhost', user='Administrator') (books.localhost||scheduled_job||tvfskgtqqi)
2026-10-03 13:00:03,547 Successfully completed frappe.utils.background_jobs.execute_job(event=None, is_async=True, job_name='frappe.core.doctype.scheduled_job_type.scheduled_job_type.run_scheduled_jo..., kwargs={'job_type': 'frappe.search.sqlite_search.index_docs_in_queue', 'scheduled_..., method='frappe.core.doctype.scheduled_job_type.scheduled_job_type.run_scheduled_jo..., site='books.localhost', user='Administrator') job in 0:00:00.510840s on worker f1af22a7e72047aba15e1fa2779045e2
2026-10-03 13:00:03,547 workspaces-Desk-books-bench:default: Job OK (books.localhost||scheduled_job||tvfskgtqqi)
2026-10-03 13:00:03,548 Result is kept for 600 seconds
2026-10-03 13:00:03,558 workspaces-Desk-books-bench:default: frappe.utils.background_jobs.execute_job(event=None, is_async=True, job_name='frappe.core.doctype.scheduled_job_type.scheduled_job_type.run_scheduled_jo..., kwargs={'job_type': 'frappe.integrations.doctype.webhook.webhook.retry_failed_webh..., method='frappe.core.doctype.scheduled_job_type.scheduled_job_type.run_scheduled_jo..., site='books.localhost', user='Administrator') (books.localhost||scheduled_job||tvfn6bf8cs)
2026-10-03 13:00:04,018 Successfully completed frappe.utils.background_jobs.execute_job(event=None, is_async=True, job_name='frappe.core.doctype.scheduled_job_type.scheduled_job_type.run_scheduled_jo..., kwargs={'job_type': 'frappe.integrations.doctype.webhook.webhook.retry_failed_webh..., method='frappe.core.doctype.scheduled_job_type.scheduled_job_type.run_scheduled_jo..., site='books.localhost', user='Administrator') job in 0:00:00.453315s on worker f1af22a7e72047aba15e1fa2779045e2
2026-10-03 13:00:04,019 workspaces-Desk-books-bench:default: Job OK (books.localhost||scheduled_job||tvfn6bf8cs)
2026-10-03 13:00:04,020 Result is kept for 600 seconds
2026-10-03 13:00:04,033 workspaces-Desk-books-bench:default: frappe.utils.background_jobs.execute_job(event=None, is_async=True, job_name='frappe.core.doctype.scheduled_job_type.scheduled_job_type.run_scheduled_jo..., kwargs={'job_type': 'frappe.email.doctype.notification.notification.trigger_offset..., method='frappe.core.doctype.scheduled_job_type.scheduled_job_type.run_scheduled_jo..., site='books.localhost', user='Administrator') (books.localhost||scheduled_job||tvfkfghgup)
2026-10-03 13:00:04,546 Successfully completed frappe.utils.background_jobs.execute_job(event=None, is_async=True, job_name='frappe.core.doctype.scheduled_job_type.scheduled_job_type.run_scheduled_jo..., kwargs={'job_type': 'frappe.email.doctype.notification.notification.trigger_offset..., method='frappe.core.doctype.scheduled_job_type.scheduled_job_type.run_scheduled_jo..., site='books.localhost', user='Administrator') job in 0:00:00.500147s on worker f1af22a7e72047aba15e1fa2779045e2
2026-10-03 13:00:04,546 workspaces-Desk-books-bench:default: Job OK (books.localhost||scheduled_job||tvfkfghgup)
2026-10-03 13:00:04,547 Result is kept for 600 seconds
2026-10-03 13:00:04,556 workspaces-Desk-books-bench:default: frappe.utils.background_jobs.execute_job(event=None, is_async=True, job_name='frappe.core.doctype.scheduled_job_type.scheduled_job_type.run_scheduled_jo..., kwargs={'job_type': 'frappe.automation_engine.scheduler.process_cron', 'scheduled_..., method='frappe.core.doctype.scheduled_job_type.scheduled_job_type.run_scheduled_jo..., site='books.localhost', user='Administrator') (books.localhost||scheduled_job||tvfork1f3p)
2026-10-03 13:00:05,018 Successfully completed frappe.utils.background_jobs.execute_job(event=None, is_async=True, job_name='frappe.core.doctype.scheduled_job_type.scheduled_job_type.run_scheduled_jo..., kwargs={'job_type': 'frappe.automation_engine.scheduler.process_cron', 'scheduled_..., method='frappe.core.doctype.scheduled_job_type.scheduled_job_type.run_scheduled_jo..., site='books.localhost', user='Administrator') job in 0:00:00.452110s on worker f1af22a7e72047aba15e1fa2779045e2
2026-10-03 13:00:05,018 workspaces-Desk-books-bench:default: Job OK (books.localhost||scheduled_job||tvfork1f3p)
2026-10-03 13:00:05,018 Result is kept for 600 seconds
2026-10-03 13:00:05,027 workspaces-Desk-books-bench:default: frappe.utils.background_jobs.execute_job(event=None, is_async=True, job_name='frappe.core.doctype.scheduled_job_type.scheduled_job_type.run_scheduled_jo..., kwargs={'job_type': 'frappe.email.queue.flush', 'scheduled_job_type': 'tvgd72bons'..., method='frappe.core.doctype.scheduled_job_type.scheduled_job_type.run_scheduled_jo..., site='books.localhost', user='Administrator') (books.localhost||scheduled_job||tvgd72bons)
2026-10-03 13:00:05,558 Successfully completed frappe.utils.background_jobs.execute_job(event=None, is_async=True, job_name='frappe.core.doctype.scheduled_job_type.scheduled_job_type.run_scheduled_jo..., kwargs={'job_type': 'frappe.email.queue.flush', 'scheduled_job_type': 'tvgd72bons'..., method='frappe.core.doctype.scheduled_job_type.scheduled_job_type.run_scheduled_jo..., site='books.localhost', user='Administrator') job in 0:00:00.523593s on worker f1af22a7e72047aba15e1fa2779045e2
2026-10-03 13:00:05,559 workspaces-Desk-books-bench:default: Job OK (books.localhost||scheduled_job||tvgd72bons)
2026-10-03 13:00:05,559 Result is kept for 600 seconds
2026-10-03 13:00:05,569 workspaces-Desk-books-bench:default: frappe.utils.background_jobs.execute_job(event=None, is_async=True, job_name='frappe.core.doctype.scheduled_job_type.scheduled_job_type.run_scheduled_jo..., kwargs={'job_type': 'frappe.email.doctype.email_account.email_account.notify_unrep..., method='frappe.core.doctype.scheduled_job_type.scheduled_job_type.run_scheduled_jo..., site='books.localhost', user='Administrator') (books.localhost||scheduled_job||tvf744dvmr)
2026-10-03 13:00:06,040 Successfully completed frappe.utils.background_jobs.execute_job(event=None, is_async=True, job_name='frappe.core.doctype.scheduled_job_type.scheduled_job_type.run_scheduled_jo..., kwargs={'job_type': 'frappe.email.doctype.email_account.email_account.notify_unrep..., method='frappe.core.doctype.scheduled_job_type.scheduled_job_type.run_scheduled_jo..., site='books.localhost', user='Administrator') job in 0:00:00.463599s on worker f1af22a7e72047aba15e1fa2779045e2
2026-10-03 13:00:06,040 workspaces-Desk-books-bench:default: Job OK (books.localhost||scheduled_job||tvf744dvmr)
2026-10-03 13:00:06,041 Result is kept for 600 seconds
2026-10-03 13:00:06,050 workspaces-Desk-books-bench:default: frappe.utils.background_jobs.execute_job(event=None, is_async=True, job_name='frappe.core.doctype.scheduled_job_type.scheduled_job_type.run_scheduled_jo..., kwargs={'job_type': 'frappe.model.utils.link_count.update_link_count', 'scheduled_..., method='frappe.core.doctype.scheduled_job_type.scheduled_job_type.run_scheduled_jo..., site='books.localhost', user='Administrator') (books.localhost||scheduled_job||tvfuvg3m27)
2026-10-03 13:00:06,512 Successfully completed frappe.utils.background_jobs.execute_job(event=None, is_async=True, job_name='frappe.core.doctype.scheduled_job_type.scheduled_job_type.run_scheduled_jo..., kwargs={'job_type': 'frappe.model.utils.link_count.update_link_count', 'scheduled_..., method='frappe.core.doctype.scheduled_job_type.scheduled_job_type.run_scheduled_jo..., site='books.localhost', user='Administrator') job in 0:00:00.453863s on worker f1af22a7e72047aba15e1fa2779045e2
2026-10-03 13:00:06,513 workspaces-Desk-books-bench:default: Job OK (books.localhost||scheduled_job||tvfuvg3m27)
2026-10-03 13:00:06,513 Result is kept for 600 seconds
2026-10-03 13:00:06,522 workspaces-Desk-books-bench:default: frappe.utils.background_jobs.execute_job(event=None, is_async=True, job_name='frappe.core.doctype.scheduled_job_type.scheduled_job_type.run_scheduled_jo..., kwargs={'job_type': 'frappe.email.doctype.email_account.email_account.pull', 'sche..., method='frappe.core.doctype.scheduled_job_type.scheduled_job_type.run_scheduled_jo..., site='books.localhost', user='Administrator') (books.localhost||scheduled_job||tvf6eii5c1)
2026-10-03 13:00:07,060 Successfully completed frappe.utils.background_jobs.execute_job(event=None, is_async=True, job_name='frappe.core.doctype.scheduled_job_type.scheduled_job_type.run_scheduled_jo..., kwargs={'job_type': 'frappe.email.doctype.email_account.email_account.pull', 'sche..., method='frappe.core.doctype.scheduled_job_type.scheduled_job_type.run_scheduled_jo..., site='books.localhost', user='Administrator') job in 0:00:00.528808s on worker f1af22a7e72047aba15e1fa2779045e2
2026-10-03 13:00:07,060 workspaces-Desk-books-bench:default: Job OK (books.localhost||scheduled_job||tvf6eii5c1)
2026-10-03 13:00:07,060 Result is kept for 600 seconds
2026-10-03 13:00:07,070 workspaces-Desk-books-bench:default: frappe.utils.background_jobs.execute_job(event=None, is_async=True, job_name='frappe.core.doctype.scheduled_job_type.scheduled_job_type.run_scheduled_jo..., kwargs={'job_type': 'frappe.search.sqlite_search.build_index_if_not_exists', 'sche..., method='frappe.core.doctype.scheduled_job_type.scheduled_job_type.run_scheduled_jo..., site='books.localhost', user='Administrator') (books.localhost||scheduled_job||tvg4vfgpfo)
2026-10-03 13:00:07,533 Successfully completed frappe.utils.background_jobs.execute_job(event=None, is_async=True, job_name='frappe.core.doctype.scheduled_job_type.scheduled_job_type.run_scheduled_jo..., kwargs={'job_type': 'frappe.search.sqlite_search.build_index_if_not_exists', 'sche..., method='frappe.core.doctype.scheduled_job_type.scheduled_job_type.run_scheduled_jo..., site='books.localhost', user='Administrator') job in 0:00:00.455280s on worker f1af22a7e72047aba15e1fa2779045e2
2026-10-03 13:00:07,533 workspaces-Desk-books-bench:default: Job OK (books.localhost||scheduled_job||tvg4vfgpfo)
2026-10-03 13:00:07,534 Result is kept for 600 seconds
2026-10-03 13:00:07,543 workspaces-Desk-books-bench:default: frappe.utils.background_jobs.execute_job(event=None, is_async=True, job_name='frappe.core.doctype.scheduled_job_type.scheduled_job_type.run_scheduled_jo..., kwargs={'job_type': 'frappe.utils.telemetry.pulse.client.send_queued_events', 'sch..., method='frappe.core.doctype.scheduled_job_type.scheduled_job_type.run_scheduled_jo..., site='books.localhost', user='Administrator') (books.localhost||scheduled_job||tvfdg2svpd)
2026-10-03 13:00:08,130 Successfully completed frappe.utils.background_jobs.execute_job(event=None, is_async=True, job_name='frappe.core.doctype.scheduled_job_type.scheduled_job_type.run_scheduled_jo..., kwargs={'job_type': 'frappe.utils.telemetry.pulse.client.send_queued_events', 'sch..., method='frappe.core.doctype.scheduled_job_type.scheduled_job_type.run_scheduled_jo..., site='books.localhost', user='Administrator') job in 0:00:00.572713s on worker f1af22a7e72047aba15e1fa2779045e2
2026-10-03 13:00:08,132 workspaces-Desk-books-bench:default: Job OK (books.localhost||scheduled_job||tvfdg2svpd)
2026-10-03 13:00:08,133 Result is kept for 600 seconds
2026-10-03 13:00:08,145 workspaces-Desk-books-bench:default: frappe.utils.background_jobs.execute_job(event=None, is_async=True, job_name='frappe.core.doctype.scheduled_job_type.scheduled_job_type.run_scheduled_jo..., kwargs={'job_type': 'frappe.automation_engine.drainer.drain_due', 'scheduled_job_t..., method='frappe.core.doctype.scheduled_job_type.scheduled_job_type.run_scheduled_jo..., site='books.localhost', user='Administrator') (books.localhost||scheduled_job||tvft3lmo5a)
2026-10-03 13:00:08,646 Successfully completed frappe.utils.background_jobs.execute_job(event=None, is_async=True, job_name='frappe.core.doctype.scheduled_job_type.scheduled_job_type.run_scheduled_jo..., kwargs={'job_type': 'frappe.automation_engine.drainer.drain_due', 'scheduled_job_t..., method='frappe.core.doctype.scheduled_job_type.scheduled_job_type.run_scheduled_jo..., site='books.localhost', user='Administrator') job in 0:00:00.489273s on worker f1af22a7e72047aba15e1fa2779045e2
2026-10-03 13:00:08,647 workspaces-Desk-books-bench:default: Job OK (books.localhost||scheduled_job||tvft3lmo5a)
2026-10-03 13:00:08,647 Result is kept for 600 seconds
2026-10-03 13:00:08,659 workspaces-Desk-books-bench:default: frappe.utils.background_jobs.execute_job(event=None, is_async=True, job_name='frappe.core.doctype.scheduled_job_type.scheduled_job_type.run_scheduled_jo..., kwargs={'job_type': 'frappe.utils.global_search.sync_global_search', 'scheduled_jo..., method='frappe.core.doctype.scheduled_job_type.scheduled_job_type.run_scheduled_jo..., site='books.localhost', user='Administrator') (books.localhost||scheduled_job||tvfvi05ulh)
2026-10-03 13:00:09,180 Successfully completed frappe.utils.background_jobs.execute_job(event=None, is_async=True, job_name='frappe.core.doctype.scheduled_job_type.scheduled_job_type.run_scheduled_jo..., kwargs={'job_type': 'frappe.utils.global_search.sync_global_search', 'scheduled_jo..., method='frappe.core.doctype.scheduled_job_type.scheduled_job_type.run_scheduled_jo..., site='books.localhost', user='Administrator') job in 0:00:00.513119s on worker f1af22a7e72047aba15e1fa2779045e2
2026-10-03 13:00:09,180 workspaces-Desk-books-bench:default: Job OK (books.localhost||scheduled_job||tvfvi05ulh)
2026-10-03 13:00:09,181 Result is kept for 600 seconds
2026-10-03 13:00:09,190 workspaces-Desk-books-bench:default: frappe.utils.background_jobs.execute_job(event=None, is_async=True, job_name='frappe.core.doctype.scheduled_job_type.scheduled_job_type.run_scheduled_jo..., kwargs={'job_type': 'frappe.automation.doctype.reminder.reminder.send_reminders', ..., method='frappe.core.doctype.scheduled_job_type.scheduled_job_type.run_scheduled_jo..., site='books.localhost', user='Administrator') (books.localhost||scheduled_job||tvftau2n63)
2026-10-03 13:00:09,641 Successfully completed frappe.utils.background_jobs.execute_job(event=None, is_async=True, job_name='frappe.core.doctype.scheduled_job_type.scheduled_job_type.run_scheduled_jo..., kwargs={'job_type': 'frappe.automation.doctype.reminder.reminder.send_reminders', ..., method='frappe.core.doctype.scheduled_job_type.scheduled_job_type.run_scheduled_jo..., site='books.localhost', user='Administrator') job in 0:00:00.443590s on worker f1af22a7e72047aba15e1fa2779045e2
2026-10-03 13:00:09,641 workspaces-Desk-books-bench:default: Job OK (books.localhost||scheduled_job||tvftau2n63)
2026-10-03 13:00:09,641 Result is kept for 600 seconds
2026-10-03 13:00:09,650 workspaces-Desk-books-bench:long: frappe.utils.background_jobs.execute_job(event=None, is_async=True, job_name='frappe.core.doctype.scheduled_job_type.scheduled_job_type.run_scheduled_jo..., kwargs={'job_type': 'frappe.desk.form.document_follow.send_hourly_updates', 'sched..., method='frappe.core.doctype.scheduled_job_type.scheduled_job_type.run_scheduled_jo..., site='books.localhost', user='Administrator') (books.localhost||scheduled_job||tvgrsllvqc)
2026-10-03 13:00:10,142 Successfully completed frappe.utils.background_jobs.execute_job(event=None, is_async=True, job_name='frappe.core.doctype.scheduled_job_type.scheduled_job_type.run_scheduled_jo..., kwargs={'job_type': 'frappe.desk.form.document_follow.send_hourly_updates', 'sched..., method='frappe.core.doctype.scheduled_job_type.scheduled_job_type.run_scheduled_jo..., site='books.localhost', user='Administrator') job in 0:00:00.482969s on worker f1af22a7e72047aba15e1fa2779045e2
2026-10-03 13:00:10,143 workspaces-Desk-books-bench:long: Job OK (books.localhost||scheduled_job||tvgrsllvqc)
2026-10-03 13:00:10,143 Result is kept for 600 seconds
2026-10-03 13:00:10,154 workspaces-Desk-books-bench:long: frappe.utils.background_jobs.execute_job(event=None, is_async=True, job_name='frappe.core.doctype.scheduled_job_type.scheduled_job_type.run_scheduled_jo..., kwargs={'job_type': 'frappe.core.doctype.prepared_report.prepared_report.expire_st..., method='frappe.core.doctype.scheduled_job_type.scheduled_job_type.run_scheduled_jo..., site='books.localhost', user='Administrator') (books.localhost||scheduled_job||tvg8jplthl)
2026-10-03 13:00:10,653 Successfully completed frappe.utils.background_jobs.execute_job(event=None, is_async=True, job_name='frappe.core.doctype.scheduled_job_type.scheduled_job_type.run_scheduled_jo..., kwargs={'job_type': 'frappe.core.doctype.prepared_report.prepared_report.expire_st..., method='frappe.core.doctype.scheduled_job_type.scheduled_job_type.run_scheduled_jo..., site='books.localhost', user='Administrator') job in 0:00:00.489525s on worker f1af22a7e72047aba15e1fa2779045e2
2026-10-03 13:00:10,653 workspaces-Desk-books-bench:long: Job OK (books.localhost||scheduled_job||tvg8jplthl)
2026-10-03 13:00:10,653 Result is kept for 600 seconds
2026-10-03 13:00:10,666 workspaces-Desk-books-bench:long: frappe.utils.background_jobs.execute_job(event=None, is_async=True, job_name='frappe.core.doctype.scheduled_job_type.scheduled_job_type.run_scheduled_jo..., kwargs={'job_type': 'frappe.desk.utils.delete_old_exported_report_files', 'schedul..., method='frappe.core.doctype.scheduled_job_type.scheduled_job_type.run_scheduled_jo..., site='books.localhost', user='Administrator') (books.localhost||scheduled_job||tvgepb5rts)
2026-10-03 13:00:11,295 Successfully completed frappe.utils.background_jobs.execute_job(event=None, is_async=True, job_name='frappe.core.doctype.scheduled_job_type.scheduled_job_type.run_scheduled_jo..., kwargs={'job_type': 'frappe.desk.utils.delete_old_exported_report_files', 'schedul..., method='frappe.core.doctype.scheduled_job_type.scheduled_job_type.run_scheduled_jo..., site='books.localhost', user='Administrator') job in 0:00:00.616752s on worker f1af22a7e72047aba15e1fa2779045e2
2026-10-03 13:00:11,296 workspaces-Desk-books-bench:long: Job OK (books.localhost||scheduled_job||tvgepb5rts)
2026-10-03 13:00:11,296 Result is kept for 600 seconds
2026-10-03 13:00:11,315 workspaces-Desk-books-bench:long: frappe.utils.background_jobs.execute_job(event=None, is_async=True, job_name='frappe.core.doctype.scheduled_job_type.scheduled_job_type.run_scheduled_jo..., kwargs={'job_type': 'frappe.website.doctype.web_page.web_page.check_publish_status..., method='frappe.core.doctype.scheduled_job_type.scheduled_job_type.run_scheduled_jo..., site='books.localhost', user='Administrator') (books.localhost||scheduled_job||tvgdoar14l)
2026-10-03 13:00:11,906 Successfully completed frappe.utils.background_jobs.execute_job(event=None, is_async=True, job_name='frappe.core.doctype.scheduled_job_type.scheduled_job_type.run_scheduled_jo..., kwargs={'job_type': 'frappe.website.doctype.web_page.web_page.check_publish_status..., method='frappe.core.doctype.scheduled_job_type.scheduled_job_type.run_scheduled_jo..., site='books.localhost', user='Administrator') job in 0:00:00.580932s on worker f1af22a7e72047aba15e1fa2779045e2
2026-10-03 13:00:11,907 workspaces-Desk-books-bench:long: Job OK (books.localhost||scheduled_job||tvgdoar14l)
2026-10-03 13:00:11,907 Result is kept for 600 seconds
2026-10-03 13:00:11,917 workspaces-Desk-books-bench:long: frappe.utils.background_jobs.execute_job(event=None, is_async=True, job_name='frappe.core.doctype.scheduled_job_type.scheduled_job_type.run_scheduled_jo..., kwargs={'job_type': 'frappe.model.utils.user_settings.sync_user_settings', 'schedu..., method='frappe.core.doctype.scheduled_job_type.scheduled_job_type.run_scheduled_jo..., site='books.localhost', user='Administrator') (books.localhost||scheduled_job||tvgofd67up)
2026-10-03 13:00:12,417 Successfully completed frappe.utils.background_jobs.execute_job(event=None, is_async=True, job_name='frappe.core.doctype.scheduled_job_type.scheduled_job_type.run_scheduled_jo..., kwargs={'job_type': 'frappe.model.utils.user_settings.sync_user_settings', 'schedu..., method='frappe.core.doctype.scheduled_job_type.scheduled_job_type.run_scheduled_jo..., site='books.localhost', user='Administrator') job in 0:00:00.492978s on worker f1af22a7e72047aba15e1fa2779045e2
2026-10-03 13:00:12,418 workspaces-Desk-books-bench:long: Job OK (books.localhost||scheduled_job||tvgofd67up)
2026-10-03 13:00:12,418 Result is kept for 600 seconds
2026-10-03 13:00:12,427 workspaces-Desk-books-bench:long: frappe.utils.background_jobs.execute_job(event=None, is_async=True, job_name='frappe.core.doctype.scheduled_job_type.scheduled_job_type.run_scheduled_jo..., kwargs={'job_type': 'frappe.oauth.delete_oauth2_data', 'scheduled_job_type': 'tvgo..., method='frappe.core.doctype.scheduled_job_type.scheduled_job_type.run_scheduled_jo..., site='books.localhost', user='Administrator') (books.localhost||scheduled_job||tvgoktusp8)
2026-10-03 13:00:13,009 Successfully completed frappe.utils.background_jobs.execute_job(event=None, is_async=True, job_name='frappe.core.doctype.scheduled_job_type.scheduled_job_type.run_scheduled_jo..., kwargs={'job_type': 'frappe.oauth.delete_oauth2_data', 'scheduled_job_type': 'tvgo..., method='frappe.core.doctype.scheduled_job_type.scheduled_job_type.run_scheduled_jo..., site='books.localhost', user='Administrator') job in 0:00:00.574643s on worker f1af22a7e72047aba15e1fa2779045e2
2026-10-03 13:00:13,009 workspaces-Desk-books-bench:long: Job OK (books.localhost||scheduled_job||tvgoktusp8)
2026-10-03 13:00:13,009 Result is kept for 600 seconds
2026-10-03 13:00:13,020 workspaces-Desk-books-bench:long: frappe.utils.background_jobs.execute_job(event=None, is_async=True, job_name='frappe.core.doctype.scheduled_job_type.scheduled_job_type.run_scheduled_jo..., kwargs={'job_type': 'frappe.twofactor.delete_all_barcodes_for_users', 'scheduled_j..., method='frappe.core.doctype.scheduled_job_type.scheduled_job_type.run_scheduled_jo..., site='books.localhost', user='Administrator') (books.localhost||scheduled_job||tvgv7rqa4s)
2026-10-03 13:00:13,563 Successfully completed frappe.utils.background_jobs.execute_job(event=None, is_async=True, job_name='frappe.core.doctype.scheduled_job_type.scheduled_job_type.run_scheduled_jo..., kwargs={'job_type': 'frappe.twofactor.delete_all_barcodes_for_users', 'scheduled_j..., method='frappe.core.doctype.scheduled_job_type.scheduled_job_type.run_scheduled_jo..., site='books.localhost', user='Administrator') job in 0:00:00.534502s on worker f1af22a7e72047aba15e1fa2779045e2
2026-10-03 13:00:13,564 workspaces-Desk-books-bench:long: Job OK (books.localhost||scheduled_job||tvgv7rqa4s)
2026-10-03 13:00:13,564 Result is kept for 600 seconds
2026-10-03 13:00:13,573 workspaces-Desk-books-bench:long: frappe.utils.background_jobs.execute_job(event=None, is_async=True, job_name='frappe.core.doctype.scheduled_job_type.scheduled_job_type.run_scheduled_jo..., kwargs={'job_type': 'frappe.desk.page.backups.backups.delete_downloadable_backups'..., method='frappe.core.doctype.scheduled_job_type.scheduled_job_type.run_scheduled_jo..., site='books.localhost', user='Administrator') (books.localhost||scheduled_job||tvglsv9vc9)
2026-10-03 13:00:14,087 Successfully completed frappe.utils.background_jobs.execute_job(event=None, is_async=True, job_name='frappe.core.doctype.scheduled_job_type.scheduled_job_type.run_scheduled_jo..., kwargs={'job_type': 'frappe.desk.page.backups.backups.delete_downloadable_backups'..., method='frappe.core.doctype.scheduled_job_type.scheduled_job_type.run_scheduled_jo..., site='books.localhost', user='Administrator') job in 0:00:00.506736s on worker f1af22a7e72047aba15e1fa2779045e2
2026-10-03 13:00:14,087 workspaces-Desk-books-bench:long: Job OK (books.localhost||scheduled_job||tvglsv9vc9)
2026-10-03 13:00:14,087 Result is kept for 600 seconds
2026-10-03 13:00:14,099 workspaces-Desk-books-bench:long: frappe.utils.background_jobs.execute_job(event=None, is_async=True, job_name='frappe.core.doctype.scheduled_job_type.scheduled_job_type.run_scheduled_jo..., kwargs={'job_type': 'frappe.website.doctype.personal_data_deletion_request.persona..., method='frappe.core.doctype.scheduled_job_type.scheduled_job_type.run_scheduled_jo..., site='books.localhost', user='Administrator') (books.localhost||scheduled_job||tvgmdocdkk)
2026-10-03 13:00:14,736 Successfully completed frappe.utils.background_jobs.execute_job(event=None, is_async=True, job_name='frappe.core.doctype.scheduled_job_type.scheduled_job_type.run_scheduled_jo..., kwargs={'job_type': 'frappe.website.doctype.personal_data_deletion_request.persona..., method='frappe.core.doctype.scheduled_job_type.scheduled_job_type.run_scheduled_jo..., site='books.localhost', user='Administrator') job in 0:00:00.630401s on worker f1af22a7e72047aba15e1fa2779045e2
2026-10-03 13:00:14,737 workspaces-Desk-books-bench:long: Job OK (books.localhost||scheduled_job||tvgmdocdkk)
2026-10-03 13:00:14,738 Result is kept for 600 seconds
2026-10-03 13:04:00,137 workspaces-Desk-books-bench:default: frappe.utils.background_jobs.execute_job(event=None, is_async=True, job_name='frappe.core.doctype.scheduled_job_type.scheduled_job_type.run_scheduled_jo..., kwargs={'job_type': 'frappe.integrations.doctype.google_calendar.google_calendar.s..., method='frappe.core.doctype.scheduled_job_type.scheduled_job_type.run_scheduled_jo..., site='books.localhost', user='Administrator') (books.localhost||scheduled_job||tvgsq68nbr)
2026-10-03 13:04:00,717 Successfully completed frappe.utils.background_jobs.execute_job(event=None, is_async=True, job_name='frappe.core.doctype.scheduled_job_type.scheduled_job_type.run_scheduled_jo..., kwargs={'job_type': 'frappe.integrations.doctype.google_calendar.google_calendar.s..., method='frappe.core.doctype.scheduled_job_type.scheduled_job_type.run_scheduled_jo..., site='books.localhost', user='Administrator') job in 0:00:00.566958s on worker f1af22a7e72047aba15e1fa2779045e2
2026-10-03 13:04:00,717 workspaces-Desk-books-bench:default: Job OK (books.localhost||scheduled_job||tvgsq68nbr)
2026-10-03 13:04:00,718 Result is kept for 600 seconds
2026-10-03 13:04:00,727 Worker f1af22a7e72047aba15e1fa2779045e2: cleaning registries for queue: workspaces-Desk-books-bench:short
2026-10-03 13:04:00,729 Worker f1af22a7e72047aba15e1fa2779045e2: cleaning registries for queue: workspaces-Desk-books-bench:default
2026-10-03 13:04:00,731 Worker f1af22a7e72047aba15e1fa2779045e2: cleaning registries for queue: workspaces-Desk-books-bench:long
2026-10-03 13:04:00,733 workspaces-Desk-books-bench:default: frappe.utils.background_jobs.execute_job(event=None, is_async=True, job_name='frappe.core.doctype.scheduled_job_type.scheduled_job_type.run_scheduled_jo..., kwargs={'job_type': 'frappe.email.queue.retry_sending_emails', 'scheduled_job_type..., method='frappe.core.doctype.scheduled_job_type.scheduled_job_type.run_scheduled_jo..., site='books.localhost', user='Administrator') (books.localhost||scheduled_job||tvgunpisoh)
2026-10-03 13:04:01,250 Successfully completed frappe.utils.background_jobs.execute_job(event=None, is_async=True, job_name='frappe.core.doctype.scheduled_job_type.scheduled_job_type.run_scheduled_jo..., kwargs={'job_type': 'frappe.email.queue.retry_sending_emails', 'scheduled_job_type..., method='frappe.core.doctype.scheduled_job_type.scheduled_job_type.run_scheduled_jo..., site='books.localhost', user='Administrator') job in 0:00:00.509982s on worker f1af22a7e72047aba15e1fa2779045e2
2026-10-03 13:04:01,251 workspaces-Desk-books-bench:default: Job OK (books.localhost||scheduled_job||tvgunpisoh)
2026-10-03 13:04:01,251 Result is kept for 600 seconds
2026-10-03 13:04:01,265 workspaces-Desk-books-bench:default: frappe.utils.background_jobs.execute_job(event=None, is_async=True, job_name='frappe.core.doctype.scheduled_job_type.scheduled_job_type.run_scheduled_jo..., kwargs={'job_type': 'frappe.email.queue.flush', 'scheduled_job_type': 'tvgd72bons'..., method='frappe.core.doctype.scheduled_job_type.scheduled_job_type.run_scheduled_jo..., site='books.localhost', user='Administrator') (books.localhost||scheduled_job||tvgd72bons)
2026-10-03 13:04:01,843 Successfully completed frappe.utils.background_jobs.execute_job(event=None, is_async=True, job_name='frappe.core.doctype.scheduled_job_type.scheduled_job_type.run_scheduled_jo..., kwargs={'job_type': 'frappe.email.queue.flush', 'scheduled_job_type': 'tvgd72bons'..., method='frappe.core.doctype.scheduled_job_type.scheduled_job_type.run_scheduled_jo..., site='books.localhost', user='Administrator') job in 0:00:00.566373s on worker f1af22a7e72047aba15e1fa2779045e2
2026-10-03 13:04:01,843 workspaces-Desk-books-bench:default: Job OK (books.localhost||scheduled_job||tvgd72bons)
2026-10-03 13:04:01,844 Result is kept for 600 seconds
2026-10-03 13:04:01,854 workspaces-Desk-books-bench:default: frappe.utils.background_jobs.execute_job(event=None, is_async=True, job_name='frappe.core.doctype.scheduled_job_type.scheduled_job_type.run_scheduled_jo..., kwargs={'job_type': 'frappe.monitor.flush', 'scheduled_job_type': 'tvg3grmu87'}, method='frappe.core.doctype.scheduled_job_type.scheduled_job_type.run_scheduled_jo..., site='books.localhost', user='Administrator') (books.localhost||scheduled_job||tvg3grmu87)
2026-10-03 13:04:02,313 Successfully completed frappe.utils.background_jobs.execute_job(event=None, is_async=True, job_name='frappe.core.doctype.scheduled_job_type.scheduled_job_type.run_scheduled_jo..., kwargs={'job_type': 'frappe.monitor.flush', 'scheduled_job_type': 'tvg3grmu87'}, method='frappe.core.doctype.scheduled_job_type.scheduled_job_type.run_scheduled_jo..., site='books.localhost', user='Administrator') job in 0:00:00.451416s on worker f1af22a7e72047aba15e1fa2779045e2
2026-10-03 13:04:02,313 workspaces-Desk-books-bench:default: Job OK (books.localhost||scheduled_job||tvg3grmu87)
2026-10-03 13:04:02,314 Result is kept for 600 seconds
2026-10-03 13:08:00,166 workspaces-Desk-books-bench:default: frappe.utils.background_jobs.execute_job(event=None, is_async=True, job_name='frappe.core.doctype.scheduled_job_type.scheduled_job_type.run_scheduled_jo..., kwargs={'job_type': 'frappe.automation_engine.scheduler.process_cron', 'scheduled_..., method='frappe.core.doctype.scheduled_job_type.scheduled_job_type.run_scheduled_jo..., site='books.localhost', user='Administrator') (books.localhost||scheduled_job||tvfork1f3p)
2026-10-03 13:08:00,837 Successfully completed frappe.utils.background_jobs.execute_job(event=None, is_async=True, job_name='frappe.core.doctype.scheduled_job_type.scheduled_job_type.run_scheduled_jo..., kwargs={'job_type': 'frappe.automation_engine.scheduler.process_cron', 'scheduled_..., method='frappe.core.doctype.scheduled_job_type.scheduled_job_type.run_scheduled_jo..., site='books.localhost', user='Administrator') job in 0:00:00.657219s on worker f1af22a7e72047aba15e1fa2779045e2
2026-10-03 13:08:00,838 workspaces-Desk-books-bench:default: Job OK (books.localhost||scheduled_job||tvfork1f3p)
2026-10-03 13:08:00,839 Result is kept for 600 seconds
2026-10-03 13:08:00,849 workspaces-Desk-books-bench:default: frappe.utils.background_jobs.execute_job(event=None, is_async=True, job_name='frappe.core.doctype.scheduled_job_type.scheduled_job_type.run_scheduled_jo..., kwargs={'job_type': 'frappe.email.queue.flush', 'scheduled_job_type': 'tvgd72bons'..., method='frappe.core.doctype.scheduled_job_type.scheduled_job_type.run_scheduled_jo..., site='books.localhost', user='Administrator') (books.localhost||scheduled_job||tvgd72bons)
2026-10-03 13:08:01,328 Successfully completed frappe.utils.background_jobs.execute_job(event=None, is_async=True, job_name='frappe.core.doctype.scheduled_job_type.scheduled_job_type.run_scheduled_jo..., kwargs={'job_type': 'frappe.email.queue.flush', 'scheduled_job_type': 'tvgd72bons'..., method='frappe.core.doctype.scheduled_job_type.scheduled_job_type.run_scheduled_jo..., site='books.localhost', user='Administrator') job in 0:00:00.471739s on worker f1af22a7e72047aba15e1fa2779045e2
2026-10-03 13:08:01,328 workspaces-Desk-books-bench:default: Job OK (books.localhost||scheduled_job||tvgd72bons)
2026-10-03 13:08:01,329 Result is kept for 600 seconds
2026-10-03 13:08:01,339 workspaces-Desk-books-bench:default: frappe.utils.background_jobs.execute_job(event=None, is_async=True, job_name='frappe.core.doctype.scheduled_job_type.scheduled_job_type.run_scheduled_jo..., kwargs={'job_type': 'frappe.integrations.doctype.webhook.webhook.retry_failed_webh..., method='frappe.core.doctype.scheduled_job_type.scheduled_job_type.run_scheduled_jo..., site='books.localhost', user='Administrator') (books.localhost||scheduled_job||tvfn6bf8cs)
2026-10-03 13:08:02,114 Successfully completed frappe.utils.background_jobs.execute_job(event=None, is_async=True, job_name='frappe.core.doctype.scheduled_job_type.scheduled_job_type.run_scheduled_jo..., kwargs={'job_type': 'frappe.integrations.doctype.webhook.webhook.retry_failed_webh..., method='frappe.core.doctype.scheduled_job_type.scheduled_job_type.run_scheduled_jo..., site='books.localhost', user='Administrator') job in 0:00:00.764370s on worker f1af22a7e72047aba15e1fa2779045e2
2026-10-03 13:08:02,116 workspaces-Desk-books-bench:default: Job OK (books.localhost||scheduled_job||tvfn6bf8cs)
2026-10-03 13:08:02,116 Result is kept for 600 seconds
2026-10-03 13:08:02,143 workspaces-Desk-books-bench:default: frappe.utils.background_jobs.execute_job(event=None, is_async=True, job_name='frappe.core.doctype.scheduled_job_type.scheduled_job_type.run_scheduled_jo..., kwargs={'job_type': 'frappe.integrations.doctype.google_calendar.google_calendar.s..., method='frappe.core.doctype.scheduled_job_type.scheduled_job_type.run_scheduled_jo..., site='books.localhost', user='Administrator') (books.localhost||scheduled_job||tvgsq68nbr)
2026-10-03 13:08:02,689 Successfully completed frappe.utils.background_jobs.execute_job(event=None, is_async=True, job_name='frappe.core.doctype.scheduled_job_type.scheduled_job_type.run_scheduled_jo..., kwargs={'job_type': 'frappe.integrations.doctype.google_calendar.google_calendar.s..., method='frappe.core.doctype.scheduled_job_type.scheduled_job_type.run_scheduled_jo..., site='books.localhost', user='Administrator') job in 0:00:00.531050s on worker f1af22a7e72047aba15e1fa2779045e2
2026-10-03 13:08:02,689 workspaces-Desk-books-bench:default: Job OK (books.localhost||scheduled_job||tvgsq68nbr)
2026-10-03 13:08:02,689 Result is kept for 600 seconds
2026-10-03 13:08:02,699 workspaces-Desk-books-bench:default: frappe.utils.background_jobs.execute_job(event=None, is_async=True, job_name='frappe.core.doctype.scheduled_job_type.scheduled_job_type.run_scheduled_jo..., kwargs={'job_type': 'frappe.search.sqlite_search.index_docs_in_queue', 'scheduled_..., method='frappe.core.doctype.scheduled_job_type.scheduled_job_type.run_scheduled_jo..., site='books.localhost', user='Administrator') (books.localhost||scheduled_job||tvfskgtqqi)
2026-10-03 13:08:03,165 Successfully completed frappe.utils.background_jobs.execute_job(event=None, is_async=True, job_name='frappe.core.doctype.scheduled_job_type.scheduled_job_type.run_scheduled_jo..., kwargs={'job_type': 'frappe.search.sqlite_search.index_docs_in_queue', 'scheduled_..., method='frappe.core.doctype.scheduled_job_type.scheduled_job_type.run_scheduled_jo..., site='books.localhost', user='Administrator') job in 0:00:00.458740s on worker f1af22a7e72047aba15e1fa2779045e2
2026-10-03 13:08:03,165 workspaces-Desk-books-bench:default: Job OK (books.localhost||scheduled_job||tvfskgtqqi)
2026-10-03 13:08:03,165 Result is kept for 600 seconds
2026-10-03 13:08:03,175 workspaces-Desk-books-bench:default: frappe.utils.background_jobs.execute_job(event=None, is_async=True, job_name='frappe.core.doctype.scheduled_job_type.scheduled_job_type.run_scheduled_jo..., kwargs={'job_type': 'frappe.monitor.flush', 'scheduled_job_type': 'tvg3grmu87'}, method='frappe.core.doctype.scheduled_job_type.scheduled_job_type.run_scheduled_jo..., site='books.localhost', user='Administrator') (books.localhost||scheduled_job||tvg3grmu87)
2026-10-03 13:08:03,635 Successfully completed frappe.utils.background_jobs.execute_job(event=None, is_async=True, job_name='frappe.core.doctype.scheduled_job_type.scheduled_job_type.run_scheduled_jo..., kwargs={'job_type': 'frappe.monitor.flush', 'scheduled_job_type': 'tvg3grmu87'}, method='frappe.core.doctype.scheduled_job_type.scheduled_job_type.run_scheduled_jo..., site='books.localhost', user='Administrator') job in 0:00:00.452166s on worker f1af22a7e72047aba15e1fa2779045e2
2026-10-03 13:08:03,635 workspaces-Desk-books-bench:default: Job OK (books.localhost||scheduled_job||tvg3grmu87)
2026-10-03 13:08:03,635 Result is kept for 600 seconds
2026-10-03 13:08:03,644 workspaces-Desk-books-bench:default: frappe.utils.background_jobs.execute_job(event=None, is_async=True, job_name='frappe.core.doctype.scheduled_job_type.scheduled_job_type.run_scheduled_jo..., kwargs={'job_type': 'frappe.email.queue.retry_sending_emails', 'scheduled_job_type..., method='frappe.core.doctype.scheduled_job_type.scheduled_job_type.run_scheduled_jo..., site='books.localhost', user='Administrator') (books.localhost||scheduled_job||tvgunpisoh)
2026-10-03 13:08:04,134 Successfully completed frappe.utils.background_jobs.execute_job(event=None, is_async=True, job_name='frappe.core.doctype.scheduled_job_type.scheduled_job_type.run_scheduled_jo..., kwargs={'job_type': 'frappe.email.queue.retry_sending_emails', 'scheduled_job_type..., method='frappe.core.doctype.scheduled_job_type.scheduled_job_type.run_scheduled_jo..., site='books.localhost', user='Administrator') job in 0:00:00.480726s on worker f1af22a7e72047aba15e1fa2779045e2
2026-10-03 13:08:04,134 workspaces-Desk-books-bench:default: Job OK (books.localhost||scheduled_job||tvgunpisoh)
2026-10-03 13:08:04,135 Result is kept for 600 seconds
2026-10-03 13:08:04,145 workspaces-Desk-books-bench:default: frappe.utils.background_jobs.execute_job(event=None, is_async=True, job_name='frappe.core.doctype.scheduled_job_type.scheduled_job_type.run_scheduled_jo..., kwargs={'job_type': 'frappe.automation_engine.drainer.drain_due', 'scheduled_job_t..., method='frappe.core.doctype.scheduled_job_type.scheduled_job_type.run_scheduled_jo..., site='books.localhost', user='Administrator') (books.localhost||scheduled_job||tvft3lmo5a)
2026-10-03 13:08:04,637 Successfully completed frappe.utils.background_jobs.execute_job(event=None, is_async=True, job_name='frappe.core.doctype.scheduled_job_type.scheduled_job_type.run_scheduled_jo..., kwargs={'job_type': 'frappe.automation_engine.drainer.drain_due', 'scheduled_job_t..., method='frappe.core.doctype.scheduled_job_type.scheduled_job_type.run_scheduled_jo..., site='books.localhost', user='Administrator') job in 0:00:00.483667s on worker f1af22a7e72047aba15e1fa2779045e2
2026-10-03 13:08:04,637 workspaces-Desk-books-bench:default: Job OK (books.localhost||scheduled_job||tvft3lmo5a)
2026-10-03 13:08:04,637 Result is kept for 600 seconds
2026-10-03 13:08:04,651 workspaces-Desk-books-bench:default: frappe.utils.background_jobs.execute_job(event=None, is_async=True, job_name='frappe.core.doctype.scheduled_job_type.scheduled_job_type.run_scheduled_jo..., kwargs={'job_type': 'frappe.email.doctype.notification.notification.trigger_offset..., method='frappe.core.doctype.scheduled_job_type.scheduled_job_type.run_scheduled_jo..., site='books.localhost', user='Administrator') (books.localhost||scheduled_job||tvfkfghgup)
2026-10-03 13:08:05,231 Successfully completed frappe.utils.background_jobs.execute_job(event=None, is_async=True, job_name='frappe.core.doctype.scheduled_job_type.scheduled_job_type.run_scheduled_jo..., kwargs={'job_type': 'frappe.email.doctype.notification.notification.trigger_offset..., method='frappe.core.doctype.scheduled_job_type.scheduled_job_type.run_scheduled_jo..., site='books.localhost', user='Administrator') job in 0:00:00.571125s on worker f1af22a7e72047aba15e1fa2779045e2
2026-10-03 13:08:05,232 workspaces-Desk-books-bench:default: Job OK (books.localhost||scheduled_job||tvfkfghgup)
2026-10-03 13:08:05,232 Result is kept for 600 seconds
2026-10-03 13:12:00,203 workspaces-Desk-books-bench:default: frappe.utils.background_jobs.execute_job(event=None, is_async=True, job_name='frappe.core.doctype.scheduled_job_type.scheduled_job_type.run_scheduled_jo..., kwargs={'job_type': 'frappe.monitor.flush', 'scheduled_job_type': 'tvg3grmu87'}, method='frappe.core.doctype.scheduled_job_type.scheduled_job_type.run_scheduled_jo..., site='books.localhost', user='Administrator') (books.localhost||scheduled_job||tvg3grmu87)
2026-10-03 13:12:00,692 Successfully completed frappe.utils.background_jobs.execute_job(event=None, is_async=True, job_name='frappe.core.doctype.scheduled_job_type.scheduled_job_type.run_scheduled_jo..., kwargs={'job_type': 'frappe.monitor.flush', 'scheduled_job_type': 'tvg3grmu87'}, method='frappe.core.doctype.scheduled_job_type.scheduled_job_type.run_scheduled_jo..., site='books.localhost', user='Administrator') job in 0:00:00.476625s on worker f1af22a7e72047aba15e1fa2779045e2
2026-10-03 13:12:00,692 workspaces-Desk-books-bench:default: Job OK (books.localhost||scheduled_job||tvg3grmu87)
2026-10-03 13:12:00,692 Result is kept for 600 seconds
2026-10-03 13:12:00,702 workspaces-Desk-books-bench:default: frappe.utils.background_jobs.execute_job(event=None, is_async=True, job_name='frappe.core.doctype.scheduled_job_type.scheduled_job_type.run_scheduled_jo..., kwargs={'job_type': 'frappe.integrations.doctype.google_calendar.google_calendar.s..., method='frappe.core.doctype.scheduled_job_type.scheduled_job_type.run_scheduled_jo..., site='books.localhost', user='Administrator') (books.localhost||scheduled_job||tvgsq68nbr)
2026-10-03 13:12:01,210 Successfully completed frappe.utils.background_jobs.execute_job(event=None, is_async=True, job_name='frappe.core.doctype.scheduled_job_type.scheduled_job_type.run_scheduled_jo..., kwargs={'job_type': 'frappe.integrations.doctype.google_calendar.google_calendar.s..., method='frappe.core.doctype.scheduled_job_type.scheduled_job_type.run_scheduled_jo..., site='books.localhost', user='Administrator') job in 0:00:00.501110s on worker f1af22a7e72047aba15e1fa2779045e2
2026-10-03 13:12:01,210 workspaces-Desk-books-bench:default: Job OK (books.localhost||scheduled_job||tvgsq68nbr)
2026-10-03 13:12:01,211 Result is kept for 600 seconds
2026-10-03 13:12:01,220 workspaces-Desk-books-bench:default: frappe.utils.background_jobs.execute_job(event=None, is_async=True, job_name='frappe.core.doctype.scheduled_job_type.scheduled_job_type.run_scheduled_jo..., kwargs={'job_type': 'frappe.automation_engine.drainer.drain_due', 'scheduled_job_t..., method='frappe.core.doctype.scheduled_job_type.scheduled_job_type.run_scheduled_jo..., site='books.localhost', user='Administrator') (books.localhost||scheduled_job||tvft3lmo5a)
2026-10-03 13:12:01,699 Successfully completed frappe.utils.background_jobs.execute_job(event=None, is_async=True, job_name='frappe.core.doctype.scheduled_job_type.scheduled_job_type.run_scheduled_jo..., kwargs={'job_type': 'frappe.automation_engine.drainer.drain_due', 'scheduled_job_t..., method='frappe.core.doctype.scheduled_job_type.scheduled_job_type.run_scheduled_jo..., site='books.localhost', user='Administrator') job in 0:00:00.471527s on worker f1af22a7e72047aba15e1fa2779045e2
2026-10-03 13:12:01,699 workspaces-Desk-books-bench:default: Job OK (books.localhost||scheduled_job||tvft3lmo5a)
2026-10-03 13:12:01,699 Result is kept for 600 seconds
2026-10-03 13:12:01,709 workspaces-Desk-books-bench:default: frappe.utils.background_jobs.execute_job(event=None, is_async=True, job_name='frappe.core.doctype.scheduled_job_type.scheduled_job_type.run_scheduled_jo..., kwargs={'job_type': 'frappe.integrations.doctype.webhook.webhook.retry_failed_webh..., method='frappe.core.doctype.scheduled_job_type.scheduled_job_type.run_scheduled_jo..., site='books.localhost', user='Administrator') (books.localhost||scheduled_job||tvfn6bf8cs)
2026-10-03 13:12:02,175 Successfully completed frappe.utils.background_jobs.execute_job(event=None, is_async=True, job_name='frappe.core.doctype.scheduled_job_type.scheduled_job_type.run_scheduled_jo..., kwargs={'job_type': 'frappe.integrations.doctype.webhook.webhook.retry_failed_webh..., method='frappe.core.doctype.scheduled_job_type.scheduled_job_type.run_scheduled_jo..., site='books.localhost', user='Administrator') job in 0:00:00.458723s on worker f1af22a7e72047aba15e1fa2779045e2
2026-10-03 13:12:02,176 workspaces-Desk-books-bench:default: Job OK (books.localhost||scheduled_job||tvfn6bf8cs)
2026-10-03 13:12:02,176 Result is kept for 600 seconds
2026-10-03 13:12:02,186 workspaces-Desk-books-bench:default: frappe.utils.background_jobs.execute_job(event=None, is_async=True, job_name='frappe.core.doctype.scheduled_job_type.scheduled_job_type.run_scheduled_jo..., kwargs={'job_type': 'frappe.search.sqlite_search.index_docs_in_queue', 'scheduled_..., method='frappe.core.doctype.scheduled_job_type.scheduled_job_type.run_scheduled_jo..., site='books.localhost', user='Administrator') (books.localhost||scheduled_job||tvfskgtqqi)
2026-10-03 13:12:02,654 Successfully completed frappe.utils.background_jobs.execute_job(event=None, is_async=True, job_name='frappe.core.doctype.scheduled_job_type.scheduled_job_type.run_scheduled_jo..., kwargs={'job_type': 'frappe.search.sqlite_search.index_docs_in_queue', 'scheduled_..., method='frappe.core.doctype.scheduled_job_type.scheduled_job_type.run_scheduled_jo..., site='books.localhost', user='Administrator') job in 0:00:00.461744s on worker f1af22a7e72047aba15e1fa2779045e2
2026-10-03 13:12:02,654 workspaces-Desk-books-bench:default: Job OK (books.localhost||scheduled_job||tvfskgtqqi)
2026-10-03 13:12:02,655 Result is kept for 600 seconds
2026-10-03 13:12:02,664 workspaces-Desk-books-bench:default: frappe.utils.background_jobs.execute_job(event=None, is_async=True, job_name='frappe.core.doctype.scheduled_job_type.scheduled_job_type.run_scheduled_jo..., kwargs={'job_type': 'frappe.email.queue.retry_sending_emails', 'scheduled_job_type..., method='frappe.core.doctype.scheduled_job_type.scheduled_job_type.run_scheduled_jo..., site='books.localhost', user='Administrator') (books.localhost||scheduled_job||tvgunpisoh)
2026-10-03 13:12:03,138 Successfully completed frappe.utils.background_jobs.execute_job(event=None, is_async=True, job_name='frappe.core.doctype.scheduled_job_type.scheduled_job_type.run_scheduled_jo..., kwargs={'job_type': 'frappe.email.queue.retry_sending_emails', 'scheduled_job_type..., method='frappe.core.doctype.scheduled_job_type.scheduled_job_type.run_scheduled_jo..., site='books.localhost', user='Administrator') job in 0:00:00.465920s on worker f1af22a7e72047aba15e1fa2779045e2
2026-10-03 13:12:03,139 workspaces-Desk-books-bench:default: Job OK (books.localhost||scheduled_job||tvgunpisoh)
2026-10-03 13:12:03,139 Result is kept for 600 seconds
2026-10-03 13:12:03,149 workspaces-Desk-books-bench:default: frappe.utils.background_jobs.execute_job(event=None, is_async=True, job_name='frappe.core.doctype.scheduled_job_type.scheduled_job_type.run_scheduled_jo..., kwargs={'job_type': 'frappe.automation_engine.scheduler.process_cron', 'scheduled_..., method='frappe.core.doctype.scheduled_job_type.scheduled_job_type.run_scheduled_jo..., site='books.localhost', user='Administrator') (books.localhost||scheduled_job||tvfork1f3p)
2026-10-03 13:12:03,680 Successfully completed frappe.utils.background_jobs.execute_job(event=None, is_async=True, job_name='frappe.core.doctype.scheduled_job_type.scheduled_job_type.run_scheduled_jo..., kwargs={'job_type': 'frappe.automation_engine.scheduler.process_cron', 'scheduled_..., method='frappe.core.doctype.scheduled_job_type.scheduled_job_type.run_scheduled_jo..., site='books.localhost', user='Administrator') job in 0:00:00.524128s on worker f1af22a7e72047aba15e1fa2779045e2
2026-10-03 13:12:03,681 workspaces-Desk-books-bench:default: Job OK (books.localhost||scheduled_job||tvfork1f3p)
2026-10-03 13:12:03,681 Result is kept for 600 seconds
2026-10-03 13:12:03,691 workspaces-Desk-books-bench:default: frappe.utils.background_jobs.execute_job(event=None, is_async=True, job_name='frappe.core.doctype.scheduled_job_type.scheduled_job_type.run_scheduled_jo..., kwargs={'job_type': 'frappe.email.doctype.notification.notification.trigger_offset..., method='frappe.core.doctype.scheduled_job_type.scheduled_job_type.run_scheduled_jo..., site='books.localhost', user='Administrator') (books.localhost||scheduled_job||tvfkfghgup)
2026-10-03 13:12:04,199 Successfully completed frappe.utils.background_jobs.execute_job(event=None, is_async=True, job_name='frappe.core.doctype.scheduled_job_type.scheduled_job_type.run_scheduled_jo..., kwargs={'job_type': 'frappe.email.doctype.notification.notification.trigger_offset..., method='frappe.core.doctype.scheduled_job_type.scheduled_job_type.run_scheduled_jo..., site='books.localhost', user='Administrator') job in 0:00:00.497144s on worker f1af22a7e72047aba15e1fa2779045e2
2026-10-03 13:12:04,200 workspaces-Desk-books-bench:default: Job OK (books.localhost||scheduled_job||tvfkfghgup)
2026-10-03 13:12:04,202 Result is kept for 600 seconds
2026-10-03 13:12:04,219 workspaces-Desk-books-bench:default: frappe.utils.background_jobs.execute_job(event=None, is_async=True, job_name='frappe.core.doctype.scheduled_job_type.scheduled_job_type.run_scheduled_jo..., kwargs={'job_type': 'frappe.email.queue.flush', 'scheduled_job_type': 'tvgd72bons'..., method='frappe.core.doctype.scheduled_job_type.scheduled_job_type.run_scheduled_jo..., site='books.localhost', user='Administrator') (books.localhost||scheduled_job||tvgd72bons)
2026-10-03 13:12:04,862 Successfully completed frappe.utils.background_jobs.execute_job(event=None, is_async=True, job_name='frappe.core.doctype.scheduled_job_type.scheduled_job_type.run_scheduled_jo..., kwargs={'job_type': 'frappe.email.queue.flush', 'scheduled_job_type': 'tvgd72bons'..., method='frappe.core.doctype.scheduled_job_type.scheduled_job_type.run_scheduled_jo..., site='books.localhost', user='Administrator') job in 0:00:00.629388s on worker f1af22a7e72047aba15e1fa2779045e2
2026-10-03 13:12:04,862 workspaces-Desk-books-bench:default: Job OK (books.localhost||scheduled_job||tvgd72bons)
2026-10-03 13:12:04,862 Result is kept for 600 seconds
2026-10-03 13:12:04,877 workspaces-Desk-books-bench:default: frappe.utils.background_jobs.execute_job(event=None, is_async=True, job_name='frappe.core.doctype.scheduled_job_type.scheduled_job_type.run_scheduled_jo..., kwargs={'job_type': 'frappe.email.doctype.email_account.email_account.pull', 'sche..., method='frappe.core.doctype.scheduled_job_type.scheduled_job_type.run_scheduled_jo..., site='books.localhost', user='Administrator') (books.localhost||scheduled_job||tvf6eii5c1)
2026-10-03 13:12:05,578 Successfully completed frappe.utils.background_jobs.execute_job(event=None, is_async=True, job_name='frappe.core.doctype.scheduled_job_type.scheduled_job_type.run_scheduled_jo..., kwargs={'job_type': 'frappe.email.doctype.email_account.email_account.pull', 'sche..., method='frappe.core.doctype.scheduled_job_type.scheduled_job_type.run_scheduled_jo..., site='books.localhost', user='Administrator') job in 0:00:00.692988s on worker f1af22a7e72047aba15e1fa2779045e2
2026-10-03 13:12:05,579 workspaces-Desk-books-bench:default: Job OK (books.localhost||scheduled_job||tvf6eii5c1)
2026-10-03 13:12:05,579 Result is kept for 600 seconds
2026-10-03 13:16:00,239 workspaces-Desk-books-bench:default: frappe.utils.background_jobs.execute_job(event=None, is_async=True, job_name='frappe.core.doctype.scheduled_job_type.scheduled_job_type.run_scheduled_jo..., kwargs={'job_type': 'frappe.email.doctype.notification.notification.trigger_offset..., method='frappe.core.doctype.scheduled_job_type.scheduled_job_type.run_scheduled_jo..., site='books.localhost', user='Administrator') (books.localhost||scheduled_job||tvfkfghgup)
2026-10-03 13:16:00,801 Successfully completed frappe.utils.background_jobs.execute_job(event=None, is_async=True, job_name='frappe.core.doctype.scheduled_job_type.scheduled_job_type.run_scheduled_jo..., kwargs={'job_type': 'frappe.email.doctype.notification.notification.trigger_offset..., method='frappe.core.doctype.scheduled_job_type.scheduled_job_type.run_scheduled_jo..., site='books.localhost', user='Administrator') job in 0:00:00.547886s on worker f1af22a7e72047aba15e1fa2779045e2
2026-10-03 13:16:00,802 workspaces-Desk-books-bench:default: Job OK (books.localhost||scheduled_job||tvfkfghgup)
2026-10-03 13:16:00,802 Result is kept for 600 seconds
2026-10-03 13:16:00,812 Worker f1af22a7e72047aba15e1fa2779045e2: cleaning registries for queue: workspaces-Desk-books-bench:short
2026-10-03 13:16:00,814 Worker f1af22a7e72047aba15e1fa2779045e2: cleaning registries for queue: workspaces-Desk-books-bench:default
2026-10-03 13:16:00,815 Worker f1af22a7e72047aba15e1fa2779045e2: cleaning registries for queue: workspaces-Desk-books-bench:long
2026-10-03 13:16:00,818 workspaces-Desk-books-bench:default: frappe.utils.background_jobs.execute_job(event=None, is_async=True, job_name='frappe.core.doctype.scheduled_job_type.scheduled_job_type.run_scheduled_jo..., kwargs={'job_type': 'frappe.automation_engine.drainer.drain_due', 'scheduled_job_t..., method='frappe.core.doctype.scheduled_job_type.scheduled_job_type.run_scheduled_jo..., site='books.localhost', user='Administrator') (books.localhost||scheduled_job||tvft3lmo5a)
2026-10-03 13:16:01,384 Successfully completed frappe.utils.background_jobs.execute_job(event=None, is_async=True, job_name='frappe.core.doctype.scheduled_job_type.scheduled_job_type.run_scheduled_jo..., kwargs={'job_type': 'frappe.automation_engine.drainer.drain_due', 'scheduled_job_t..., method='frappe.core.doctype.scheduled_job_type.scheduled_job_type.run_scheduled_jo..., site='books.localhost', user='Administrator') job in 0:00:00.559371s on worker f1af22a7e72047aba15e1fa2779045e2
2026-10-03 13:16:01,386 workspaces-Desk-books-bench:default: Job OK (books.localhost||scheduled_job||tvft3lmo5a)
2026-10-03 13:16:01,387 Result is kept for 600 seconds
2026-10-03 13:16:01,397 workspaces-Desk-books-bench:default: frappe.utils.background_jobs.execute_job(event=None, is_async=True, job_name='frappe.core.doctype.scheduled_job_type.scheduled_job_type.run_scheduled_jo..., kwargs={'job_type': 'frappe.monitor.flush', 'scheduled_job_type': 'tvg3grmu87'}, method='frappe.core.doctype.scheduled_job_type.scheduled_job_type.run_scheduled_jo..., site='books.localhost', user='Administrator') (books.localhost||scheduled_job||tvg3grmu87)
2026-10-03 13:16:01,938 Successfully completed frappe.utils.background_jobs.execute_job(event=None, is_async=True, job_name='frappe.core.doctype.scheduled_job_type.scheduled_job_type.run_scheduled_jo..., kwargs={'job_type': 'frappe.monitor.flush', 'scheduled_job_type': 'tvg3grmu87'}, method='frappe.core.doctype.scheduled_job_type.scheduled_job_type.run_scheduled_jo..., site='books.localhost', user='Administrator') job in 0:00:00.532961s on worker f1af22a7e72047aba15e1fa2779045e2
2026-10-03 13:16:01,939 workspaces-Desk-books-bench:default: Job OK (books.localhost||scheduled_job||tvg3grmu87)
2026-10-03 13:16:01,939 Result is kept for 600 seconds
2026-10-03 13:16:01,949 workspaces-Desk-books-bench:default: frappe.utils.background_jobs.execute_job(event=None, is_async=True, job_name='frappe.core.doctype.scheduled_job_type.scheduled_job_type.run_scheduled_jo..., kwargs={'job_type': 'frappe.integrations.doctype.google_calendar.google_calendar.s..., method='frappe.core.doctype.scheduled_job_type.scheduled_job_type.run_scheduled_jo..., site='books.localhost', user='Administrator') (books.localhost||scheduled_job||tvgsq68nbr)
2026-10-03 13:16:02,444 Successfully completed frappe.utils.background_jobs.execute_job(event=None, is_async=True, job_name='frappe.core.doctype.scheduled_job_type.scheduled_job_type.run_scheduled_jo..., kwargs={'job_type': 'frappe.integrations.doctype.google_calendar.google_calendar.s..., method='frappe.core.doctype.scheduled_job_type.scheduled_job_type.run_scheduled_jo..., site='books.localhost', user='Administrator') job in 0:00:00.487239s on worker f1af22a7e72047aba15e1fa2779045e2
2026-10-03 13:16:02,444 workspaces-Desk-books-bench:default: Job OK (books.localhost||scheduled_job||tvgsq68nbr)
2026-10-03 13:16:02,445 Result is kept for 600 seconds
2026-10-03 13:16:02,456 workspaces-Desk-books-bench:default: frappe.utils.background_jobs.execute_job(event=None, is_async=True, job_name='frappe.core.doctype.scheduled_job_type.scheduled_job_type.run_scheduled_jo..., kwargs={'job_type': 'frappe.integrations.doctype.webhook.webhook.retry_failed_webh..., method='frappe.core.doctype.scheduled_job_type.scheduled_job_type.run_scheduled_jo..., site='books.localhost', user='Administrator') (books.localhost||scheduled_job||tvfn6bf8cs)
2026-10-03 13:16:03,036 Successfully completed frappe.utils.background_jobs.execute_job(event=None, is_async=True, job_name='frappe.core.doctype.scheduled_job_type.scheduled_job_type.run_scheduled_jo..., kwargs={'job_type': 'frappe.integrations.doctype.webhook.webhook.retry_failed_webh..., method='frappe.core.doctype.scheduled_job_type.scheduled_job_type.run_scheduled_jo..., site='books.localhost', user='Administrator') job in 0:00:00.572568s on worker f1af22a7e72047aba15e1fa2779045e2
2026-10-03 13:16:03,037 workspaces-Desk-books-bench:default: Job OK (books.localhost||scheduled_job||tvfn6bf8cs)
2026-10-03 13:16:03,037 Result is kept for 600 seconds
2026-10-03 13:16:03,048 workspaces-Desk-books-bench:default: frappe.utils.background_jobs.execute_job(event=None, is_async=True, job_name='frappe.core.doctype.scheduled_job_type.scheduled_job_type.run_scheduled_jo..., kwargs={'job_type': 'frappe.email.queue.flush', 'scheduled_job_type': 'tvgd72bons'..., method='frappe.core.doctype.scheduled_job_type.scheduled_job_type.run_scheduled_jo..., site='books.localhost', user='Administrator') (books.localhost||scheduled_job||tvgd72bons)
2026-10-03 13:16:03,607 Successfully completed frappe.utils.background_jobs.execute_job(event=None, is_async=True, job_name='frappe.core.doctype.scheduled_job_type.scheduled_job_type.run_scheduled_jo..., kwargs={'job_type': 'frappe.email.queue.flush', 'scheduled_job_type': 'tvgd72bons'..., method='frappe.core.doctype.scheduled_job_type.scheduled_job_type.run_scheduled_jo..., site='books.localhost', user='Administrator') job in 0:00:00.552358s on worker f1af22a7e72047aba15e1fa2779045e2
2026-10-03 13:16:03,608 workspaces-Desk-books-bench:default: Job OK (books.localhost||scheduled_job||tvgd72bons)
2026-10-03 13:16:03,608 Result is kept for 600 seconds
2026-10-03 13:16:03,618 workspaces-Desk-books-bench:default: frappe.utils.background_jobs.execute_job(event=None, is_async=True, job_name='frappe.core.doctype.scheduled_job_type.scheduled_job_type.run_scheduled_jo..., kwargs={'job_type': 'frappe.search.sqlite_search.index_docs_in_queue', 'scheduled_..., method='frappe.core.doctype.scheduled_job_type.scheduled_job_type.run_scheduled_jo..., site='books.localhost', user='Administrator') (books.localhost||scheduled_job||tvfskgtqqi)
2026-10-03 13:16:04,093 Successfully completed frappe.utils.background_jobs.execute_job(event=None, is_async=True, job_name='frappe.core.doctype.scheduled_job_type.scheduled_job_type.run_scheduled_jo..., kwargs={'job_type': 'frappe.search.sqlite_search.index_docs_in_queue', 'scheduled_..., method='frappe.core.doctype.scheduled_job_type.scheduled_job_type.run_scheduled_jo..., site='books.localhost', user='Administrator') job in 0:00:00.466889s on worker f1af22a7e72047aba15e1fa2779045e2
2026-10-03 13:16:04,093 workspaces-Desk-books-bench:default: Job OK (books.localhost||scheduled_job||tvfskgtqqi)
2026-10-03 13:16:04,093 Result is kept for 600 seconds
2026-10-03 13:16:04,104 workspaces-Desk-books-bench:default: frappe.utils.background_jobs.execute_job(event=None, is_async=True, job_name='frappe.core.doctype.scheduled_job_type.scheduled_job_type.run_scheduled_jo..., kwargs={'job_type': 'frappe.utils.global_search.sync_global_search', 'scheduled_jo..., method='frappe.core.doctype.scheduled_job_type.scheduled_job_type.run_scheduled_jo..., site='books.localhost', user='Administrator') (books.localhost||scheduled_job||tvfvi05ulh)
2026-10-03 13:16:04,565 Successfully completed frappe.utils.background_jobs.execute_job(event=None, is_async=True, job_name='frappe.core.doctype.scheduled_job_type.scheduled_job_type.run_scheduled_jo..., kwargs={'job_type': 'frappe.utils.global_search.sync_global_search', 'scheduled_jo..., method='frappe.core.doctype.scheduled_job_type.scheduled_job_type.run_scheduled_jo..., site='books.localhost', user='Administrator') job in 0:00:00.452061s on worker f1af22a7e72047aba15e1fa2779045e2
2026-10-03 13:16:04,565 workspaces-Desk-books-bench:default: Job OK (books.localhost||scheduled_job||tvfvi05ulh)
2026-10-03 13:16:04,565 Result is kept for 600 seconds
2026-10-03 13:16:04,575 workspaces-Desk-books-bench:default: frappe.utils.background_jobs.execute_job(event=None, is_async=True, job_name='frappe.core.doctype.scheduled_job_type.scheduled_job_type.run_scheduled_jo..., kwargs={'job_type': 'frappe.model.utils.link_count.update_link_count', 'scheduled_..., method='frappe.core.doctype.scheduled_job_type.scheduled_job_type.run_scheduled_jo..., site='books.localhost', user='Administrator') (books.localhost||scheduled_job||tvfuvg3m27)
2026-10-03 13:16:05,041 Successfully completed frappe.utils.background_jobs.execute_job(event=None, is_async=True, job_name='frappe.core.doctype.scheduled_job_type.scheduled_job_type.run_scheduled_jo..., kwargs={'job_type': 'frappe.model.utils.link_count.update_link_count', 'scheduled_..., method='frappe.core.doctype.scheduled_job_type.scheduled_job_type.run_scheduled_jo..., site='books.localhost', user='Administrator') job in 0:00:00.459210s on worker f1af22a7e72047aba15e1fa2779045e2
2026-10-03 13:16:05,042 workspaces-Desk-books-bench:default: Job OK (books.localhost||scheduled_job||tvfuvg3m27)
2026-10-03 13:16:05,042 Result is kept for 600 seconds
2026-10-03 13:16:05,052 workspaces-Desk-books-bench:default: frappe.utils.background_jobs.execute_job(event=None, is_async=True, job_name='frappe.core.doctype.scheduled_job_type.scheduled_job_type.run_scheduled_jo..., kwargs={'job_type': 'frappe.automation.doctype.reminder.reminder.send_reminders', ..., method='frappe.core.doctype.scheduled_job_type.scheduled_job_type.run_scheduled_jo..., site='books.localhost', user='Administrator') (books.localhost||scheduled_job||tvftau2n63)
2026-10-03 13:16:05,634 Successfully completed frappe.utils.background_jobs.execute_job(event=None, is_async=True, job_name='frappe.core.doctype.scheduled_job_type.scheduled_job_type.run_scheduled_jo..., kwargs={'job_type': 'frappe.automation.doctype.reminder.reminder.send_reminders', ..., method='frappe.core.doctype.scheduled_job_type.scheduled_job_type.run_scheduled_jo..., site='books.localhost', user='Administrator') job in 0:00:00.574886s on worker f1af22a7e72047aba15e1fa2779045e2
2026-10-03 13:16:05,635 workspaces-Desk-books-bench:default: Job OK (books.localhost||scheduled_job||tvftau2n63)
2026-10-03 13:16:05,635 Result is kept for 600 seconds
2026-10-03 13:16:05,645 workspaces-Desk-books-bench:default: frappe.utils.background_jobs.execute_job(event=None, is_async=True, job_name='frappe.core.doctype.scheduled_job_type.scheduled_job_type.run_scheduled_jo..., kwargs={'job_type': 'frappe.utils.telemetry.pulse.client.send_queued_events', 'sch..., method='frappe.core.doctype.scheduled_job_type.scheduled_job_type.run_scheduled_jo..., site='books.localhost', user='Administrator') (books.localhost||scheduled_job||tvfdg2svpd)
2026-10-03 13:16:06,108 Successfully completed frappe.utils.background_jobs.execute_job(event=None, is_async=True, job_name='frappe.core.doctype.scheduled_job_type.scheduled_job_type.run_scheduled_jo..., kwargs={'job_type': 'frappe.utils.telemetry.pulse.client.send_queued_events', 'sch..., method='frappe.core.doctype.scheduled_job_type.scheduled_job_type.run_scheduled_jo..., site='books.localhost', user='Administrator') job in 0:00:00.454536s on worker f1af22a7e72047aba15e1fa2779045e2
2026-10-03 13:16:06,110 workspaces-Desk-books-bench:default: Job OK (books.localhost||scheduled_job||tvfdg2svpd)
2026-10-03 13:16:06,111 Result is kept for 600 seconds
2026-10-03 13:16:06,121 workspaces-Desk-books-bench:default: frappe.utils.background_jobs.execute_job(event=None, is_async=True, job_name='frappe.core.doctype.scheduled_job_type.scheduled_job_type.run_scheduled_jo..., kwargs={'job_type': 'frappe.deferred_insert.save_to_db', 'scheduled_job_type': 'tv..., method='frappe.core.doctype.scheduled_job_type.scheduled_job_type.run_scheduled_jo..., site='books.localhost', user='Administrator') (books.localhost||scheduled_job||tvfo3fqaj8)
2026-10-03 13:16:06,608 Successfully completed frappe.utils.background_jobs.execute_job(event=None, is_async=True, job_name='frappe.core.doctype.scheduled_job_type.scheduled_job_type.run_scheduled_jo..., kwargs={'job_type': 'frappe.deferred_insert.save_to_db', 'scheduled_job_type': 'tv..., method='frappe.core.doctype.scheduled_job_type.scheduled_job_type.run_scheduled_jo..., site='books.localhost', user='Administrator') job in 0:00:00.480298s on worker f1af22a7e72047aba15e1fa2779045e2
2026-10-03 13:16:06,609 workspaces-Desk-books-bench:default: Job OK (books.localhost||scheduled_job||tvfo3fqaj8)
2026-10-03 13:16:06,609 Result is kept for 600 seconds
2026-10-03 13:16:06,620 workspaces-Desk-books-bench:default: frappe.utils.background_jobs.execute_job(event=None, is_async=True, job_name='frappe.core.doctype.scheduled_job_type.scheduled_job_type.run_scheduled_jo..., kwargs={'job_type': 'frappe.automation_engine.scheduler.process_cron', 'scheduled_..., method='frappe.core.doctype.scheduled_job_type.scheduled_job_type.run_scheduled_jo..., site='books.localhost', user='Administrator') (books.localhost||scheduled_job||tvfork1f3p)
2026-10-03 13:16:07,165 Successfully completed frappe.utils.background_jobs.execute_job(event=None, is_async=True, job_name='frappe.core.doctype.scheduled_job_type.scheduled_job_type.run_scheduled_jo..., kwargs={'job_type': 'frappe.automation_engine.scheduler.process_cron', 'scheduled_..., method='frappe.core.doctype.scheduled_job_type.scheduled_job_type.run_scheduled_jo..., site='books.localhost', user='Administrator') job in 0:00:00.538262s on worker f1af22a7e72047aba15e1fa2779045e2
2026-10-03 13:16:07,166 workspaces-Desk-books-bench:default: Job OK (books.localhost||scheduled_job||tvfork1f3p)
2026-10-03 13:16:07,166 Result is kept for 600 seconds
2026-10-03 13:16:07,175 workspaces-Desk-books-bench:default: frappe.utils.background_jobs.execute_job(event=None, is_async=True, job_name='frappe.core.doctype.scheduled_job_type.scheduled_job_type.run_scheduled_jo..., kwargs={'job_type': 'frappe.email.queue.retry_sending_emails', 'scheduled_job_type..., method='frappe.core.doctype.scheduled_job_type.scheduled_job_type.run_scheduled_jo..., site='books.localhost', user='Administrator') (books.localhost||scheduled_job||tvgunpisoh)
2026-10-03 13:16:07,689 Successfully completed frappe.utils.background_jobs.execute_job(event=None, is_async=True, job_name='frappe.core.doctype.scheduled_job_type.scheduled_job_type.run_scheduled_jo..., kwargs={'job_type': 'frappe.email.queue.retry_sending_emails', 'scheduled_job_type..., method='frappe.core.doctype.scheduled_job_type.scheduled_job_type.run_scheduled_jo..., site='books.localhost', user='Administrator') job in 0:00:00.505158s on worker f1af22a7e72047aba15e1fa2779045e2
2026-10-03 13:16:07,690 workspaces-Desk-books-bench:default: Job OK (books.localhost||scheduled_job||tvgunpisoh)
2026-10-03 13:16:07,690 Result is kept for 600 seconds
2026-10-03 13:16:07,700 workspaces-Desk-books-bench:default: frappe.utils.background_jobs.execute_job(event=None, is_async=True, job_name='frappe.core.doctype.scheduled_job_type.scheduled_job_type.run_scheduled_jo..., kwargs={'job_type': 'frappe.email.doctype.email_account.email_account.notify_unrep..., method='frappe.core.doctype.scheduled_job_type.scheduled_job_type.run_scheduled_jo..., site='books.localhost', user='Administrator') (books.localhost||scheduled_job||tvf744dvmr)
2026-10-03 13:16:08,292 Successfully completed frappe.utils.background_jobs.execute_job(event=None, is_async=True, job_name='frappe.core.doctype.scheduled_job_type.scheduled_job_type.run_scheduled_jo..., kwargs={'job_type': 'frappe.email.doctype.email_account.email_account.notify_unrep..., method='frappe.core.doctype.scheduled_job_type.scheduled_job_type.run_scheduled_jo..., site='books.localhost', user='Administrator') job in 0:00:00.584955s on worker f1af22a7e72047aba15e1fa2779045e2
2026-10-03 13:16:08,293 workspaces-Desk-books-bench:default: Job OK (books.localhost||scheduled_job||tvf744dvmr)
2026-10-03 13:16:08,293 Result is kept for 600 seconds
2026-10-03 13:20:00,283 workspaces-Desk-books-bench:default: frappe.utils.background_jobs.execute_job(event=None, is_async=True, job_name='frappe.core.doctype.scheduled_job_type.scheduled_job_type.run_scheduled_jo..., kwargs={'job_type': 'frappe.email.queue.flush', 'scheduled_job_type': 'tvgd72bons'..., method='frappe.core.doctype.scheduled_job_type.scheduled_job_type.run_scheduled_jo..., site='books.localhost', user='Administrator') (books.localhost||scheduled_job||tvgd72bons)
2026-10-03 13:20:00,776 Successfully completed frappe.utils.background_jobs.execute_job(event=None, is_async=True, job_name='frappe.core.doctype.scheduled_job_type.scheduled_job_type.run_scheduled_jo..., kwargs={'job_type': 'frappe.email.queue.flush', 'scheduled_job_type': 'tvgd72bons'..., method='frappe.core.doctype.scheduled_job_type.scheduled_job_type.run_scheduled_jo..., site='books.localhost', user='Administrator') job in 0:00:00.481269s on worker f1af22a7e72047aba15e1fa2779045e2
2026-10-03 13:20:00,777 workspaces-Desk-books-bench:default: Job OK (books.localhost||scheduled_job||tvgd72bons)
2026-10-03 13:20:00,777 Result is kept for 600 seconds
2026-10-03 13:20:00,787 workspaces-Desk-books-bench:default: frappe.utils.background_jobs.execute_job(event=None, is_async=True, job_name='frappe.core.doctype.scheduled_job_type.scheduled_job_type.run_scheduled_jo..., kwargs={'job_type': 'frappe.automation_engine.drainer.drain_due', 'scheduled_job_t..., method='frappe.core.doctype.scheduled_job_type.scheduled_job_type.run_scheduled_jo..., site='books.localhost', user='Administrator') (books.localhost||scheduled_job||tvft3lmo5a)
2026-10-03 13:20:01,313 Successfully completed frappe.utils.background_jobs.execute_job(event=None, is_async=True, job_name='frappe.core.doctype.scheduled_job_type.scheduled_job_type.run_scheduled_jo..., kwargs={'job_type': 'frappe.automation_engine.drainer.drain_due', 'scheduled_job_t..., method='frappe.core.doctype.scheduled_job_type.scheduled_job_type.run_scheduled_jo..., site='books.localhost', user='Administrator') job in 0:00:00.518827s on worker f1af22a7e72047aba15e1fa2779045e2
2026-10-03 13:20:01,314 workspaces-Desk-books-bench:default: Job OK (books.localhost||scheduled_job||tvft3lmo5a)
2026-10-03 13:20:01,314 Result is kept for 600 seconds
2026-10-03 13:20:01,324 workspaces-Desk-books-bench:default: frappe.utils.background_jobs.execute_job(event=None, is_async=True, job_name='frappe.core.doctype.scheduled_job_type.scheduled_job_type.run_scheduled_jo..., kwargs={'job_type': 'frappe.search.sqlite_search.index_docs_in_queue', 'scheduled_..., method='frappe.core.doctype.scheduled_job_type.scheduled_job_type.run_scheduled_jo..., site='books.localhost', user='Administrator') (books.localhost||scheduled_job||tvfskgtqqi)
2026-10-03 13:20:01,786 Successfully completed frappe.utils.background_jobs.execute_job(event=None, is_async=True, job_name='frappe.core.doctype.scheduled_job_type.scheduled_job_type.run_scheduled_jo..., kwargs={'job_type': 'frappe.search.sqlite_search.index_docs_in_queue', 'scheduled_..., method='frappe.core.doctype.scheduled_job_type.scheduled_job_type.run_scheduled_jo..., site='books.localhost', user='Administrator') job in 0:00:00.455218s on worker f1af22a7e72047aba15e1fa2779045e2
2026-10-03 13:20:01,787 workspaces-Desk-books-bench:default: Job OK (books.localhost||scheduled_job||tvfskgtqqi)
2026-10-03 13:20:01,787 Result is kept for 600 seconds
2026-10-03 13:20:01,797 workspaces-Desk-books-bench:default: frappe.utils.background_jobs.execute_job(event=None, is_async=True, job_name='frappe.core.doctype.scheduled_job_type.scheduled_job_type.run_scheduled_jo..., kwargs={'job_type': 'frappe.email.queue.retry_sending_emails', 'scheduled_job_type..., method='frappe.core.doctype.scheduled_job_type.scheduled_job_type.run_scheduled_jo..., site='books.localhost', user='Administrator') (books.localhost||scheduled_job||tvgunpisoh)
2026-10-03 13:20:02,467 Successfully completed frappe.utils.background_jobs.execute_job(event=None, is_async=True, job_name='frappe.core.doctype.scheduled_job_type.scheduled_job_type.run_scheduled_jo..., kwargs={'job_type': 'frappe.email.queue.retry_sending_emails', 'scheduled_job_type..., method='frappe.core.doctype.scheduled_job_type.scheduled_job_type.run_scheduled_jo..., site='books.localhost', user='Administrator') job in 0:00:00.662752s on worker f1af22a7e72047aba15e1fa2779045e2
2026-10-03 13:20:02,468 workspaces-Desk-books-bench:default: Job OK (books.localhost||scheduled_job||tvgunpisoh)
2026-10-03 13:20:02,469 Result is kept for 600 seconds
2026-10-03 13:20:02,479 workspaces-Desk-books-bench:default: frappe.utils.background_jobs.execute_job(event=None, is_async=True, job_name='frappe.core.doctype.scheduled_job_type.scheduled_job_type.run_scheduled_jo..., kwargs={'job_type': 'frappe.email.doctype.notification.notification.trigger_offset..., method='frappe.core.doctype.scheduled_job_type.scheduled_job_type.run_scheduled_jo..., site='books.localhost', user='Administrator') (books.localhost||scheduled_job||tvfkfghgup)
2026-10-03 13:20:02,937 Successfully completed frappe.utils.background_jobs.execute_job(event=None, is_async=True, job_name='frappe.core.doctype.scheduled_job_type.scheduled_job_type.run_scheduled_jo..., kwargs={'job_type': 'frappe.email.doctype.notification.notification.trigger_offset..., method='frappe.core.doctype.scheduled_job_type.scheduled_job_type.run_scheduled_jo..., site='books.localhost', user='Administrator') job in 0:00:00.451040s on worker f1af22a7e72047aba15e1fa2779045e2
2026-10-03 13:20:02,938 workspaces-Desk-books-bench:default: Job OK (books.localhost||scheduled_job||tvfkfghgup)
2026-10-03 13:20:02,938 Result is kept for 600 seconds
2026-10-03 13:20:02,948 workspaces-Desk-books-bench:default: frappe.utils.background_jobs.execute_job(event=None, is_async=True, job_name='frappe.core.doctype.scheduled_job_type.scheduled_job_type.run_scheduled_jo..., kwargs={'job_type': 'frappe.automation_engine.scheduler.process_cron', 'scheduled_..., method='frappe.core.doctype.scheduled_job_type.scheduled_job_type.run_scheduled_jo..., site='books.localhost', user='Administrator') (books.localhost||scheduled_job||tvfork1f3p)
2026-10-03 13:20:03,445 Successfully completed frappe.utils.background_jobs.execute_job(event=None, is_async=True, job_name='frappe.core.doctype.scheduled_job_type.scheduled_job_type.run_scheduled_jo..., kwargs={'job_type': 'frappe.automation_engine.scheduler.process_cron', 'scheduled_..., method='frappe.core.doctype.scheduled_job_type.scheduled_job_type.run_scheduled_jo..., site='books.localhost', user='Administrator') job in 0:00:00.490871s on worker f1af22a7e72047aba15e1fa2779045e2
2026-10-03 13:20:03,446 workspaces-Desk-books-bench:default: Job OK (books.localhost||scheduled_job||tvfork1f3p)
2026-10-03 13:20:03,446 Result is kept for 600 seconds
2026-10-03 13:20:03,456 workspaces-Desk-books-bench:default: frappe.utils.background_jobs.execute_job(event=None, is_async=True, job_name='frappe.core.doctype.scheduled_job_type.scheduled_job_type.run_scheduled_jo..., kwargs={'job_type': 'frappe.integrations.doctype.webhook.webhook.retry_failed_webh..., method='frappe.core.doctype.scheduled_job_type.scheduled_job_type.run_scheduled_jo..., site='books.localhost', user='Administrator') (books.localhost||scheduled_job||tvfn6bf8cs)
2026-10-03 13:20:04,196 Successfully completed frappe.utils.background_jobs.execute_job(event=None, is_async=True, job_name='frappe.core.doctype.scheduled_job_type.scheduled_job_type.run_scheduled_jo..., kwargs={'job_type': 'frappe.integrations.doctype.webhook.webhook.retry_failed_webh..., method='frappe.core.doctype.scheduled_job_type.scheduled_job_type.run_scheduled_jo..., site='books.localhost', user='Administrator') job in 0:00:00.732805s on worker f1af22a7e72047aba15e1fa2779045e2
2026-10-03 13:20:04,197 workspaces-Desk-books-bench:default: Job OK (books.localhost||scheduled_job||tvfn6bf8cs)
2026-10-03 13:20:04,197 Result is kept for 600 seconds
2026-10-03 13:20:04,218 workspaces-Desk-books-bench:default: frappe.utils.background_jobs.execute_job(event=None, is_async=True, job_name='frappe.core.doctype.scheduled_job_type.scheduled_job_type.run_scheduled_jo..., kwargs={'job_type': 'frappe.integrations.doctype.google_calendar.google_calendar.s..., method='frappe.core.doctype.scheduled_job_type.scheduled_job_type.run_scheduled_jo..., site='books.localhost', user='Administrator') (books.localhost||scheduled_job||tvgsq68nbr)
2026-10-03 13:20:04,727 Successfully completed frappe.utils.background_jobs.execute_job(event=None, is_async=True, job_name='frappe.core.doctype.scheduled_job_type.scheduled_job_type.run_scheduled_jo..., kwargs={'job_type': 'frappe.integrations.doctype.google_calendar.google_calendar.s..., method='frappe.core.doctype.scheduled_job_type.scheduled_job_type.run_scheduled_jo..., site='books.localhost', user='Administrator') job in 0:00:00.494182s on worker f1af22a7e72047aba15e1fa2779045e2
2026-10-03 13:20:04,728 workspaces-Desk-books-bench:default: Job OK (books.localhost||scheduled_job||tvgsq68nbr)
2026-10-03 13:20:04,728 Result is kept for 600 seconds
2026-10-03 13:20:04,738 workspaces-Desk-books-bench:default: frappe.utils.background_jobs.execute_job(event=None, is_async=True, job_name='frappe.core.doctype.scheduled_job_type.scheduled_job_type.run_scheduled_jo..., kwargs={'job_type': 'frappe.monitor.flush', 'scheduled_job_type': 'tvg3grmu87'}, method='frappe.core.doctype.scheduled_job_type.scheduled_job_type.run_scheduled_jo..., site='books.localhost', user='Administrator') (books.localhost||scheduled_job||tvg3grmu87)
2026-10-03 13:20:05,190 Successfully completed frappe.utils.background_jobs.execute_job(event=None, is_async=True, job_name='frappe.core.doctype.scheduled_job_type.scheduled_job_type.run_scheduled_jo..., kwargs={'job_type': 'frappe.monitor.flush', 'scheduled_job_type': 'tvg3grmu87'}, method='frappe.core.doctype.scheduled_job_type.scheduled_job_type.run_scheduled_jo..., site='books.localhost', user='Administrator') job in 0:00:00.445691s on worker f1af22a7e72047aba15e1fa2779045e2
2026-10-03 13:20:05,191 workspaces-Desk-books-bench:default: Job OK (books.localhost||scheduled_job||tvg3grmu87)
2026-10-03 13:20:05,191 Result is kept for 600 seconds
2026-10-03 13:20:05,201 workspaces-Desk-books-bench:default: frappe.utils.background_jobs.execute_job(event=None, is_async=True, job_name='frappe.core.doctype.scheduled_job_type.scheduled_job_type.run_scheduled_jo..., kwargs={'job_type': 'frappe.email.doctype.email_account.email_account.pull', 'sche..., method='frappe.core.doctype.scheduled_job_type.scheduled_job_type.run_scheduled_jo..., site='books.localhost', user='Administrator') (books.localhost||scheduled_job||tvf6eii5c1)
2026-10-03 13:20:05,693 Successfully completed frappe.utils.background_jobs.execute_job(event=None, is_async=True, job_name='frappe.core.doctype.scheduled_job_type.scheduled_job_type.run_scheduled_jo..., kwargs={'job_type': 'frappe.email.doctype.email_account.email_account.pull', 'sche..., method='frappe.core.doctype.scheduled_job_type.scheduled_job_type.run_scheduled_jo..., site='books.localhost', user='Administrator') job in 0:00:00.482404s on worker f1af22a7e72047aba15e1fa2779045e2
2026-10-03 13:20:05,694 workspaces-Desk-books-bench:default: Job OK (books.localhost||scheduled_job||tvf6eii5c1)
2026-10-03 13:20:05,695 Result is kept for 600 seconds
2026-10-03 13:24:00,329 workspaces-Desk-books-bench:default: frappe.utils.background_jobs.execute_job(event=None, is_async=True, job_name='frappe.core.doctype.scheduled_job_type.scheduled_job_type.run_scheduled_jo..., kwargs={'job_type': 'frappe.email.queue.retry_sending_emails', 'scheduled_job_type..., method='frappe.core.doctype.scheduled_job_type.scheduled_job_type.run_scheduled_jo..., site='books.localhost', user='Administrator') (books.localhost||scheduled_job||tvgunpisoh)
2026-10-03 13:24:00,922 Successfully completed frappe.utils.background_jobs.execute_job(event=None, is_async=True, job_name='frappe.core.doctype.scheduled_job_type.scheduled_job_type.run_scheduled_jo..., kwargs={'job_type': 'frappe.email.queue.retry_sending_emails', 'scheduled_job_type..., method='frappe.core.doctype.scheduled_job_type.scheduled_job_type.run_scheduled_jo..., site='books.localhost', user='Administrator') job in 0:00:00.572129s on worker f1af22a7e72047aba15e1fa2779045e2
2026-10-03 13:24:00,924 workspaces-Desk-books-bench:default: Job OK (books.localhost||scheduled_job||tvgunpisoh)
2026-10-03 13:24:00,924 Result is kept for 600 seconds
2026-10-03 13:24:00,934 workspaces-Desk-books-bench:default: frappe.utils.background_jobs.execute_job(event=None, is_async=True, job_name='frappe.core.doctype.scheduled_job_type.scheduled_job_type.run_scheduled_jo..., kwargs={'job_type': 'frappe.integrations.doctype.google_calendar.google_calendar.s..., method='frappe.core.doctype.scheduled_job_type.scheduled_job_type.run_scheduled_jo..., site='books.localhost', user='Administrator') (books.localhost||scheduled_job||tvgsq68nbr)
2026-10-03 13:24:01,474 Successfully completed frappe.utils.background_jobs.execute_job(event=None, is_async=True, job_name='frappe.core.doctype.scheduled_job_type.scheduled_job_type.run_scheduled_jo..., kwargs={'job_type': 'frappe.integrations.doctype.google_calendar.google_calendar.s..., method='frappe.core.doctype.scheduled_job_type.scheduled_job_type.run_scheduled_jo..., site='books.localhost', user='Administrator') job in 0:00:00.532333s on worker f1af22a7e72047aba15e1fa2779045e2
2026-10-03 13:24:01,475 workspaces-Desk-books-bench:default: Job OK (books.localhost||scheduled_job||tvgsq68nbr)
2026-10-03 13:24:01,475 Result is kept for 600 seconds
2026-10-03 13:24:01,488 workspaces-Desk-books-bench:default: frappe.utils.background_jobs.execute_job(event=None, is_async=True, job_name='frappe.core.doctype.scheduled_job_type.scheduled_job_type.run_scheduled_jo..., kwargs={'job_type': 'frappe.monitor.flush', 'scheduled_job_type': 'tvg3grmu87'}, method='frappe.core.doctype.scheduled_job_type.scheduled_job_type.run_scheduled_jo..., site='books.localhost', user='Administrator') (books.localhost||scheduled_job||tvg3grmu87)
2026-10-03 13:24:01,968 Successfully completed frappe.utils.background_jobs.execute_job(event=None, is_async=True, job_name='frappe.core.doctype.scheduled_job_type.scheduled_job_type.run_scheduled_jo..., kwargs={'job_type': 'frappe.monitor.flush', 'scheduled_job_type': 'tvg3grmu87'}, method='frappe.core.doctype.scheduled_job_type.scheduled_job_type.run_scheduled_jo..., site='books.localhost', user='Administrator') job in 0:00:00.470830s on worker f1af22a7e72047aba15e1fa2779045e2
2026-10-03 13:24:01,969 workspaces-Desk-books-bench:default: Job OK (books.localhost||scheduled_job||tvg3grmu87)
2026-10-03 13:24:01,969 Result is kept for 600 seconds
2026-10-03 13:24:01,979 workspaces-Desk-books-bench:default: frappe.utils.background_jobs.execute_job(event=None, is_async=True, job_name='frappe.core.doctype.scheduled_job_type.scheduled_job_type.run_scheduled_jo..., kwargs={'job_type': 'frappe.email.queue.flush', 'scheduled_job_type': 'tvgd72bons'..., method='frappe.core.doctype.scheduled_job_type.scheduled_job_type.run_scheduled_jo..., site='books.localhost', user='Administrator') (books.localhost||scheduled_job||tvgd72bons)
2026-10-03 13:24:02,521 Successfully completed frappe.utils.background_jobs.execute_job(event=None, is_async=True, job_name='frappe.core.doctype.scheduled_job_type.scheduled_job_type.run_scheduled_jo..., kwargs={'job_type': 'frappe.email.queue.flush', 'scheduled_job_type': 'tvgd72bons'..., method='frappe.core.doctype.scheduled_job_type.scheduled_job_type.run_scheduled_jo..., site='books.localhost', user='Administrator') job in 0:00:00.534802s on worker f1af22a7e72047aba15e1fa2779045e2
2026-10-03 13:24:02,522 workspaces-Desk-books-bench:default: Job OK (books.localhost||scheduled_job||tvgd72bons)
2026-10-03 13:24:02,522 Result is kept for 600 seconds
2026-10-03 13:28:00,358 workspaces-Desk-books-bench:default: frappe.utils.background_jobs.execute_job(event=None, is_async=True, job_name='frappe.core.doctype.scheduled_job_type.scheduled_job_type.run_scheduled_jo..., kwargs={'job_type': 'frappe.integrations.doctype.google_calendar.google_calendar.s..., method='frappe.core.doctype.scheduled_job_type.scheduled_job_type.run_scheduled_jo..., site='books.localhost', user='Administrator') (books.localhost||scheduled_job||tvgsq68nbr)
2026-10-03 13:28:00,905 Successfully completed frappe.utils.background_jobs.execute_job(event=None, is_async=True, job_name='frappe.core.doctype.scheduled_job_type.scheduled_job_type.run_scheduled_jo..., kwargs={'job_type': 'frappe.integrations.doctype.google_calendar.google_calendar.s..., method='frappe.core.doctype.scheduled_job_type.scheduled_job_type.run_scheduled_jo..., site='books.localhost', user='Administrator') job in 0:00:00.534451s on worker f1af22a7e72047aba15e1fa2779045e2
2026-10-03 13:28:00,905 workspaces-Desk-books-bench:default: Job OK (books.localhost||scheduled_job||tvgsq68nbr)
2026-10-03 13:28:00,905 Result is kept for 600 seconds
2026-10-03 13:28:00,915 Worker f1af22a7e72047aba15e1fa2779045e2: cleaning registries for queue: workspaces-Desk-books-bench:short
2026-10-03 13:28:00,917 Worker f1af22a7e72047aba15e1fa2779045e2: cleaning registries for queue: workspaces-Desk-books-bench:default
2026-10-03 13:28:00,919 Worker f1af22a7e72047aba15e1fa2779045e2: cleaning registries for queue: workspaces-Desk-books-bench:long
2026-10-03 13:28:00,922 workspaces-Desk-books-bench:default: frappe.utils.background_jobs.execute_job(event=None, is_async=True, job_name='frappe.core.doctype.scheduled_job_type.scheduled_job_type.run_scheduled_jo..., kwargs={'job_type': 'frappe.integrations.doctype.webhook.webhook.retry_failed_webh..., method='frappe.core.doctype.scheduled_job_type.scheduled_job_type.run_scheduled_jo..., site='books.localhost', user='Administrator') (books.localhost||scheduled_job||tvfn6bf8cs)
2026-10-03 13:28:01,429 Successfully completed frappe.utils.background_jobs.execute_job(event=None, is_async=True, job_name='frappe.core.doctype.scheduled_job_type.scheduled_job_type.run_scheduled_jo..., kwargs={'job_type': 'frappe.integrations.doctype.webhook.webhook.retry_failed_webh..., method='frappe.core.doctype.scheduled_job_type.scheduled_job_type.run_scheduled_jo..., site='books.localhost', user='Administrator') job in 0:00:00.498939s on worker f1af22a7e72047aba15e1fa2779045e2
2026-10-03 13:28:01,430 workspaces-Desk-books-bench:default: Job OK (books.localhost||scheduled_job||tvfn6bf8cs)
2026-10-03 13:28:01,430 Result is kept for 600 seconds
2026-10-03 13:28:01,443 workspaces-Desk-books-bench:default: frappe.utils.background_jobs.execute_job(event=None, is_async=True, job_name='frappe.core.doctype.scheduled_job_type.scheduled_job_type.run_scheduled_jo..., kwargs={'job_type': 'frappe.monitor.flush', 'scheduled_job_type': 'tvg3grmu87'}, method='frappe.core.doctype.scheduled_job_type.scheduled_job_type.run_scheduled_jo..., site='books.localhost', user='Administrator') (books.localhost||scheduled_job||tvg3grmu87)
2026-10-03 13:28:01,904 Successfully completed frappe.utils.background_jobs.execute_job(event=None, is_async=True, job_name='frappe.core.doctype.scheduled_job_type.scheduled_job_type.run_scheduled_jo..., kwargs={'job_type': 'frappe.monitor.flush', 'scheduled_job_type': 'tvg3grmu87'}, method='frappe.core.doctype.scheduled_job_type.scheduled_job_type.run_scheduled_jo..., site='books.localhost', user='Administrator') job in 0:00:00.451855s on worker f1af22a7e72047aba15e1fa2779045e2
2026-10-03 13:28:01,905 workspaces-Desk-books-bench:default: Job OK (books.localhost||scheduled_job||tvg3grmu87)
2026-10-03 13:28:01,906 Result is kept for 600 seconds
2026-10-03 13:28:01,915 workspaces-Desk-books-bench:default: frappe.utils.background_jobs.execute_job(event=None, is_async=True, job_name='frappe.core.doctype.scheduled_job_type.scheduled_job_type.run_scheduled_jo..., kwargs={'job_type': 'frappe.automation_engine.scheduler.process_cron', 'scheduled_..., method='frappe.core.doctype.scheduled_job_type.scheduled_job_type.run_scheduled_jo..., site='books.localhost', user='Administrator') (books.localhost||scheduled_job||tvfork1f3p)
2026-10-03 13:28:02,392 Successfully completed frappe.utils.background_jobs.execute_job(event=None, is_async=True, job_name='frappe.core.doctype.scheduled_job_type.scheduled_job_type.run_scheduled_jo..., kwargs={'job_type': 'frappe.automation_engine.scheduler.process_cron', 'scheduled_..., method='frappe.core.doctype.scheduled_job_type.scheduled_job_type.run_scheduled_jo..., site='books.localhost', user='Administrator') job in 0:00:00.470193s on worker f1af22a7e72047aba15e1fa2779045e2
2026-10-03 13:28:02,392 workspaces-Desk-books-bench:default: Job OK (books.localhost||scheduled_job||tvfork1f3p)
2026-10-03 13:28:02,392 Result is kept for 600 seconds
2026-10-03 13:28:02,402 workspaces-Desk-books-bench:default: frappe.utils.background_jobs.execute_job(event=None, is_async=True, job_name='frappe.core.doctype.scheduled_job_type.scheduled_job_type.run_scheduled_jo..., kwargs={'job_type': 'frappe.email.queue.retry_sending_emails', 'scheduled_job_type..., method='frappe.core.doctype.scheduled_job_type.scheduled_job_type.run_scheduled_jo..., site='books.localhost', user='Administrator') (books.localhost||scheduled_job||tvgunpisoh)
2026-10-03 13:28:03,145 Successfully completed frappe.utils.background_jobs.execute_job(event=None, is_async=True, job_name='frappe.core.doctype.scheduled_job_type.scheduled_job_type.run_scheduled_jo..., kwargs={'job_type': 'frappe.email.queue.retry_sending_emails', 'scheduled_job_type..., method='frappe.core.doctype.scheduled_job_type.scheduled_job_type.run_scheduled_jo..., site='books.localhost', user='Administrator') job in 0:00:00.732396s on worker f1af22a7e72047aba15e1fa2779045e2
2026-10-03 13:28:03,145 workspaces-Desk-books-bench:default: Job OK (books.localhost||scheduled_job||tvgunpisoh)
2026-10-03 13:28:03,146 Result is kept for 600 seconds
2026-10-03 13:28:03,158 workspaces-Desk-books-bench:default: frappe.utils.background_jobs.execute_job(event=None, is_async=True, job_name='frappe.core.doctype.scheduled_job_type.scheduled_job_type.run_scheduled_jo..., kwargs={'job_type': 'frappe.email.queue.flush', 'scheduled_job_type': 'tvgd72bons'..., method='frappe.core.doctype.scheduled_job_type.scheduled_job_type.run_scheduled_jo..., site='books.localhost', user='Administrator') (books.localhost||scheduled_job||tvgd72bons)
2026-10-03 13:28:03,637 Successfully completed frappe.utils.background_jobs.execute_job(event=None, is_async=True, job_name='frappe.core.doctype.scheduled_job_type.scheduled_job_type.run_scheduled_jo..., kwargs={'job_type': 'frappe.email.queue.flush', 'scheduled_job_type': 'tvgd72bons'..., method='frappe.core.doctype.scheduled_job_type.scheduled_job_type.run_scheduled_jo..., site='books.localhost', user='Administrator') job in 0:00:00.471708s on worker f1af22a7e72047aba15e1fa2779045e2
2026-10-03 13:28:03,638 workspaces-Desk-books-bench:default: Job OK (books.localhost||scheduled_job||tvgd72bons)
2026-10-03 13:28:03,638 Result is kept for 600 seconds
2026-10-03 13:28:03,647 workspaces-Desk-books-bench:default: frappe.utils.background_jobs.execute_job(event=None, is_async=True, job_name='frappe.core.doctype.scheduled_job_type.scheduled_job_type.run_scheduled_jo..., kwargs={'job_type': 'frappe.search.sqlite_search.index_docs_in_queue', 'scheduled_..., method='frappe.core.doctype.scheduled_job_type.scheduled_job_type.run_scheduled_jo..., site='books.localhost', user='Administrator') (books.localhost||scheduled_job||tvfskgtqqi)
2026-10-03 13:28:04,150 Successfully completed frappe.utils.background_jobs.execute_job(event=None, is_async=True, job_name='frappe.core.doctype.scheduled_job_type.scheduled_job_type.run_scheduled_jo..., kwargs={'job_type': 'frappe.search.sqlite_search.index_docs_in_queue', 'scheduled_..., method='frappe.core.doctype.scheduled_job_type.scheduled_job_type.run_scheduled_jo..., site='books.localhost', user='Administrator') job in 0:00:00.496024s on worker f1af22a7e72047aba15e1fa2779045e2
2026-10-03 13:28:04,151 workspaces-Desk-books-bench:default: Job OK (books.localhost||scheduled_job||tvfskgtqqi)
2026-10-03 13:28:04,151 Result is kept for 600 seconds
2026-10-03 13:28:04,166 workspaces-Desk-books-bench:default: frappe.utils.background_jobs.execute_job(event=None, is_async=True, job_name='frappe.core.doctype.scheduled_job_type.scheduled_job_type.run_scheduled_jo..., kwargs={'job_type': 'frappe.email.doctype.notification.notification.trigger_offset..., method='frappe.core.doctype.scheduled_job_type.scheduled_job_type.run_scheduled_jo..., site='books.localhost', user='Administrator') (books.localhost||scheduled_job||tvfkfghgup)
2026-10-03 13:28:04,633 Successfully completed frappe.utils.background_jobs.execute_job(event=None, is_async=True, job_name='frappe.core.doctype.scheduled_job_type.scheduled_job_type.run_scheduled_jo..., kwargs={'job_type': 'frappe.email.doctype.notification.notification.trigger_offset..., method='frappe.core.doctype.scheduled_job_type.scheduled_job_type.run_scheduled_jo..., site='books.localhost', user='Administrator') job in 0:00:00.458259s on worker f1af22a7e72047aba15e1fa2779045e2
2026-10-03 13:28:04,633 workspaces-Desk-books-bench:default: Job OK (books.localhost||scheduled_job||tvfkfghgup)
2026-10-03 13:28:04,634 Result is kept for 600 seconds
2026-10-03 13:28:04,643 workspaces-Desk-books-bench:default: frappe.utils.background_jobs.execute_job(event=None, is_async=True, job_name='frappe.core.doctype.scheduled_job_type.scheduled_job_type.run_scheduled_jo..., kwargs={'job_type': 'frappe.automation_engine.drainer.drain_due', 'scheduled_job_t..., method='frappe.core.doctype.scheduled_job_type.scheduled_job_type.run_scheduled_jo..., site='books.localhost', user='Administrator') (books.localhost||scheduled_job||tvft3lmo5a)
2026-10-03 13:28:05,092 Successfully completed frappe.utils.background_jobs.execute_job(event=None, is_async=True, job_name='frappe.core.doctype.scheduled_job_type.scheduled_job_type.run_scheduled_jo..., kwargs={'job_type': 'frappe.automation_engine.drainer.drain_due', 'scheduled_job_t..., method='frappe.core.doctype.scheduled_job_type.scheduled_job_type.run_scheduled_jo..., site='books.localhost', user='Administrator') job in 0:00:00.441229s on worker f1af22a7e72047aba15e1fa2779045e2
2026-10-03 13:28:05,092 workspaces-Desk-books-bench:default: Job OK (books.localhost||scheduled_job||tvft3lmo5a)
2026-10-03 13:28:05,093 Result is kept for 600 seconds
2026-10-03 13:32:00,453 workspaces-Desk-books-bench:default: frappe.utils.background_jobs.execute_job(event=None, is_async=True, job_name='frappe.core.doctype.scheduled_job_type.scheduled_job_type.run_scheduled_jo..., kwargs={'job_type': 'frappe.automation_engine.scheduler.process_cron', 'scheduled_..., method='frappe.core.doctype.scheduled_job_type.scheduled_job_type.run_scheduled_jo..., site='books.localhost', user='Administrator') (books.localhost||scheduled_job||tvfork1f3p)
2026-10-03 13:32:03,003 Successfully completed frappe.utils.background_jobs.execute_job(event=None, is_async=True, job_name='frappe.core.doctype.scheduled_job_type.scheduled_job_type.run_scheduled_jo..., kwargs={'job_type': 'frappe.automation_engine.scheduler.process_cron', 'scheduled_..., method='frappe.core.doctype.scheduled_job_type.scheduled_job_type.run_scheduled_jo..., site='books.localhost', user='Administrator') job in 0:00:02.411157s on worker f1af22a7e72047aba15e1fa2779045e2
2026-10-03 13:32:03,004 workspaces-Desk-books-bench:default: Job OK (books.localhost||scheduled_job||tvfork1f3p)
2026-10-03 13:32:03,004 Result is kept for 600 seconds
2026-10-03 13:32:03,015 workspaces-Desk-books-bench:default: frappe.utils.background_jobs.execute_job(event=None, is_async=True, job_name='frappe.core.doctype.scheduled_job_type.scheduled_job_type.run_scheduled_jo..., kwargs={'job_type': 'frappe.email.doctype.email_account.email_account.notify_unrep..., method='frappe.core.doctype.scheduled_job_type.scheduled_job_type.run_scheduled_jo..., site='books.localhost', user='Administrator') (books.localhost||scheduled_job||tvf744dvmr)
2026-10-03 13:32:03,571 Successfully completed frappe.utils.background_jobs.execute_job(event=None, is_async=True, job_name='frappe.core.doctype.scheduled_job_type.scheduled_job_type.run_scheduled_jo..., kwargs={'job_type': 'frappe.email.doctype.email_account.email_account.notify_unrep..., method='frappe.core.doctype.scheduled_job_type.scheduled_job_type.run_scheduled_jo..., site='books.localhost', user='Administrator') job in 0:00:00.547438s on worker f1af22a7e72047aba15e1fa2779045e2
2026-10-03 13:32:03,571 workspaces-Desk-books-bench:default: Job OK (books.localhost||scheduled_job||tvf744dvmr)
2026-10-03 13:32:03,571 Result is kept for 600 seconds
2026-10-03 13:32:03,582 workspaces-Desk-books-bench:default: frappe.utils.background_jobs.execute_job(event=None, is_async=True, job_name='frappe.core.doctype.scheduled_job_type.scheduled_job_type.run_scheduled_jo..., kwargs={'job_type': 'frappe.utils.telemetry.pulse.client.send_queued_events', 'sch..., method='frappe.core.doctype.scheduled_job_type.scheduled_job_type.run_scheduled_jo..., site='books.localhost', user='Administrator') (books.localhost||scheduled_job||tvfdg2svpd)
2026-10-03 13:32:04,058 Successfully completed frappe.utils.background_jobs.execute_job(event=None, is_async=True, job_name='frappe.core.doctype.scheduled_job_type.scheduled_job_type.run_scheduled_jo..., kwargs={'job_type': 'frappe.utils.telemetry.pulse.client.send_queued_events', 'sch..., method='frappe.core.doctype.scheduled_job_type.scheduled_job_type.run_scheduled_jo..., site='books.localhost', user='Administrator') job in 0:00:00.466270s on worker f1af22a7e72047aba15e1fa2779045e2
2026-10-03 13:32:04,059 workspaces-Desk-books-bench:default: Job OK (books.localhost||scheduled_job||tvfdg2svpd)
2026-10-03 13:32:04,059 Result is kept for 600 seconds
2026-10-03 13:32:04,070 workspaces-Desk-books-bench:default: frappe.utils.background_jobs.execute_job(event=None, is_async=True, job_name='frappe.core.doctype.scheduled_job_type.scheduled_job_type.run_scheduled_jo..., kwargs={'job_type': 'frappe.search.sqlite_search.index_docs_in_queue', 'scheduled_..., method='frappe.core.doctype.scheduled_job_type.scheduled_job_type.run_scheduled_jo..., site='books.localhost', user='Administrator') (books.localhost||scheduled_job||tvfskgtqqi)
2026-10-03 13:32:04,589 Successfully completed frappe.utils.background_jobs.execute_job(event=None, is_async=True, job_name='frappe.core.doctype.scheduled_job_type.scheduled_job_type.run_scheduled_jo..., kwargs={'job_type': 'frappe.search.sqlite_search.index_docs_in_queue', 'scheduled_..., method='frappe.core.doctype.scheduled_job_type.scheduled_job_type.run_scheduled_jo..., site='books.localhost', user='Administrator') job in 0:00:00.511319s on worker f1af22a7e72047aba15e1fa2779045e2
2026-10-03 13:32:04,590 workspaces-Desk-books-bench:default: Job OK (books.localhost||scheduled_job||tvfskgtqqi)
2026-10-03 13:32:04,590 Result is kept for 600 seconds
2026-10-03 13:32:04,600 workspaces-Desk-books-bench:default: frappe.utils.background_jobs.execute_job(event=None, is_async=True, job_name='frappe.core.doctype.scheduled_job_type.scheduled_job_type.run_scheduled_jo..., kwargs={'job_type': 'frappe.email.queue.flush', 'scheduled_job_type': 'tvgd72bons'..., method='frappe.core.doctype.scheduled_job_type.scheduled_job_type.run_scheduled_jo..., site='books.localhost', user='Administrator') (books.localhost||scheduled_job||tvgd72bons)
2026-10-03 13:32:05,134 Successfully completed frappe.utils.background_jobs.execute_job(event=None, is_async=True, job_name='frappe.core.doctype.scheduled_job_type.scheduled_job_type.run_scheduled_jo..., kwargs={'job_type': 'frappe.email.queue.flush', 'scheduled_job_type': 'tvgd72bons'..., method='frappe.core.doctype.scheduled_job_type.scheduled_job_type.run_scheduled_jo..., site='books.localhost', user='Administrator') job in 0:00:00.527377s on worker f1af22a7e72047aba15e1fa2779045e2
2026-10-03 13:32:05,134 workspaces-Desk-books-bench:default: Job OK (books.localhost||scheduled_job||tvgd72bons)
2026-10-03 13:32:05,135 Result is kept for 600 seconds
2026-10-03 13:32:05,147 workspaces-Desk-books-bench:default: frappe.utils.background_jobs.execute_job(event=None, is_async=True, job_name='frappe.core.doctype.scheduled_job_type.scheduled_job_type.run_scheduled_jo..., kwargs={'job_type': 'frappe.integrations.doctype.webhook.webhook.retry_failed_webh..., method='frappe.core.doctype.scheduled_job_type.scheduled_job_type.run_scheduled_jo..., site='books.localhost', user='Administrator') (books.localhost||scheduled_job||tvfn6bf8cs)
2026-10-03 13:32:05,828 Successfully completed frappe.utils.background_jobs.execute_job(event=None, is_async=True, job_name='frappe.core.doctype.scheduled_job_type.scheduled_job_type.run_scheduled_jo..., kwargs={'job_type': 'frappe.integrations.doctype.webhook.webhook.retry_failed_webh..., method='frappe.core.doctype.scheduled_job_type.scheduled_job_type.run_scheduled_jo..., site='books.localhost', user='Administrator') job in 0:00:00.670690s on worker f1af22a7e72047aba15e1fa2779045e2
2026-10-03 13:32:05,829 workspaces-Desk-books-bench:default: Job OK (books.localhost||scheduled_job||tvfn6bf8cs)
2026-10-03 13:32:05,829 Result is kept for 600 seconds
2026-10-03 13:32:05,839 workspaces-Desk-books-bench:default: frappe.utils.background_jobs.execute_job(event=None, is_async=True, job_name='frappe.core.doctype.scheduled_job_type.scheduled_job_type.run_scheduled_jo..., kwargs={'job_type': 'frappe.email.doctype.notification.notification.trigger_offset..., method='frappe.core.doctype.scheduled_job_type.scheduled_job_type.run_scheduled_jo..., site='books.localhost', user='Administrator') (books.localhost||scheduled_job||tvfkfghgup)
2026-10-03 13:32:06,344 Successfully completed frappe.utils.background_jobs.execute_job(event=None, is_async=True, job_name='frappe.core.doctype.scheduled_job_type.scheduled_job_type.run_scheduled_jo..., kwargs={'job_type': 'frappe.email.doctype.notification.notification.trigger_offset..., method='frappe.core.doctype.scheduled_job_type.scheduled_job_type.run_scheduled_jo..., site='books.localhost', user='Administrator') job in 0:00:00.497580s on worker f1af22a7e72047aba15e1fa2779045e2
2026-10-03 13:32:06,344 workspaces-Desk-books-bench:default: Job OK (books.localhost||scheduled_job||tvfkfghgup)
2026-10-03 13:32:06,345 Result is kept for 600 seconds
2026-10-03 13:32:06,355 workspaces-Desk-books-bench:default: frappe.utils.background_jobs.execute_job(event=None, is_async=True, job_name='frappe.core.doctype.scheduled_job_type.scheduled_job_type.run_scheduled_jo..., kwargs={'job_type': 'frappe.utils.global_search.sync_global_search', 'scheduled_jo..., method='frappe.core.doctype.scheduled_job_type.scheduled_job_type.run_scheduled_jo..., site='books.localhost', user='Administrator') (books.localhost||scheduled_job||tvfvi05ulh)
2026-10-03 13:32:06,873 Successfully completed frappe.utils.background_jobs.execute_job(event=None, is_async=True, job_name='frappe.core.doctype.scheduled_job_type.scheduled_job_type.run_scheduled_jo..., kwargs={'job_type': 'frappe.utils.global_search.sync_global_search', 'scheduled_jo..., method='frappe.core.doctype.scheduled_job_type.scheduled_job_type.run_scheduled_jo..., site='books.localhost', user='Administrator') job in 0:00:00.510600s on worker f1af22a7e72047aba15e1fa2779045e2
2026-10-03 13:32:06,874 workspaces-Desk-books-bench:default: Job OK (books.localhost||scheduled_job||tvfvi05ulh)
2026-10-03 13:32:06,874 Result is kept for 600 seconds
2026-10-03 13:32:06,884 workspaces-Desk-books-bench:default: frappe.utils.background_jobs.execute_job(event=None, is_async=True, job_name='frappe.core.doctype.scheduled_job_type.scheduled_job_type.run_scheduled_jo..., kwargs={'job_type': 'frappe.integrations.doctype.google_calendar.google_calendar.s..., method='frappe.core.doctype.scheduled_job_type.scheduled_job_type.run_scheduled_jo..., site='books.localhost', user='Administrator') (books.localhost||scheduled_job||tvgsq68nbr)
2026-10-03 13:32:07,390 Successfully completed frappe.utils.background_jobs.execute_job(event=None, is_async=True, job_name='frappe.core.doctype.scheduled_job_type.scheduled_job_type.run_scheduled_jo..., kwargs={'job_type': 'frappe.integrations.doctype.google_calendar.google_calendar.s..., method='frappe.core.doctype.scheduled_job_type.scheduled_job_type.run_scheduled_jo..., site='books.localhost', user='Administrator') job in 0:00:00.497317s on worker f1af22a7e72047aba15e1fa2779045e2
2026-10-03 13:32:07,391 workspaces-Desk-books-bench:default: Job OK (books.localhost||scheduled_job||tvgsq68nbr)
2026-10-03 13:32:07,391 Result is kept for 600 seconds
2026-10-03 13:32:07,401 workspaces-Desk-books-bench:default: frappe.utils.background_jobs.execute_job(event=None, is_async=True, job_name='frappe.core.doctype.scheduled_job_type.scheduled_job_type.run_scheduled_jo..., kwargs={'job_type': 'frappe.automation_engine.drainer.drain_due', 'scheduled_job_t..., method='frappe.core.doctype.scheduled_job_type.scheduled_job_type.run_scheduled_jo..., site='books.localhost', user='Administrator') (books.localhost||scheduled_job||tvft3lmo5a)
2026-10-03 13:32:08,052 Successfully completed frappe.utils.background_jobs.execute_job(event=None, is_async=True, job_name='frappe.core.doctype.scheduled_job_type.scheduled_job_type.run_scheduled_jo..., kwargs={'job_type': 'frappe.automation_engine.drainer.drain_due', 'scheduled_job_t..., method='frappe.core.doctype.scheduled_job_type.scheduled_job_type.run_scheduled_jo..., site='books.localhost', user='Administrator') job in 0:00:00.641548s on worker f1af22a7e72047aba15e1fa2779045e2
2026-10-03 13:32:08,052 workspaces-Desk-books-bench:default: Job OK (books.localhost||scheduled_job||tvft3lmo5a)
2026-10-03 13:32:08,052 Result is kept for 600 seconds
2026-10-03 13:32:08,062 workspaces-Desk-books-bench:default: frappe.utils.background_jobs.execute_job(event=None, is_async=True, job_name='frappe.core.doctype.scheduled_job_type.scheduled_job_type.run_scheduled_jo..., kwargs={'job_type': 'frappe.email.queue.retry_sending_emails', 'scheduled_job_type..., method='frappe.core.doctype.scheduled_job_type.scheduled_job_type.run_scheduled_jo..., site='books.localhost', user='Administrator') (books.localhost||scheduled_job||tvgunpisoh)
2026-10-03 13:32:08,542 Successfully completed frappe.utils.background_jobs.execute_job(event=None, is_async=True, job_name='frappe.core.doctype.scheduled_job_type.scheduled_job_type.run_scheduled_jo..., kwargs={'job_type': 'frappe.email.queue.retry_sending_emails', 'scheduled_job_type..., method='frappe.core.doctype.scheduled_job_type.scheduled_job_type.run_scheduled_jo..., site='books.localhost', user='Administrator') job in 0:00:00.473083s on worker f1af22a7e72047aba15e1fa2779045e2
2026-10-03 13:32:08,543 workspaces-Desk-books-bench:default: Job OK (books.localhost||scheduled_job||tvgunpisoh)
2026-10-03 13:32:08,543 Result is kept for 600 seconds
2026-10-03 13:32:08,552 workspaces-Desk-books-bench:default: frappe.utils.background_jobs.execute_job(event=None, is_async=True, job_name='frappe.core.doctype.scheduled_job_type.scheduled_job_type.run_scheduled_jo..., kwargs={'job_type': 'frappe.automation.doctype.reminder.reminder.send_reminders', ..., method='frappe.core.doctype.scheduled_job_type.scheduled_job_type.run_scheduled_jo..., site='books.localhost', user='Administrator') (books.localhost||scheduled_job||tvftau2n63)
2026-10-03 13:32:09,024 Successfully completed frappe.utils.background_jobs.execute_job(event=None, is_async=True, job_name='frappe.core.doctype.scheduled_job_type.scheduled_job_type.run_scheduled_jo..., kwargs={'job_type': 'frappe.automation.doctype.reminder.reminder.send_reminders', ..., method='frappe.core.doctype.scheduled_job_type.scheduled_job_type.run_scheduled_jo..., site='books.localhost', user='Administrator') job in 0:00:00.464677s on worker f1af22a7e72047aba15e1fa2779045e2
2026-10-03 13:32:09,025 workspaces-Desk-books-bench:default: Job OK (books.localhost||scheduled_job||tvftau2n63)
2026-10-03 13:32:09,025 Result is kept for 600 seconds
2026-10-03 13:32:09,035 workspaces-Desk-books-bench:default: frappe.utils.background_jobs.execute_job(event=None, is_async=True, job_name='frappe.core.doctype.scheduled_job_type.scheduled_job_type.run_scheduled_jo..., kwargs={'job_type': 'frappe.monitor.flush', 'scheduled_job_type': 'tvg3grmu87'}, method='frappe.core.doctype.scheduled_job_type.scheduled_job_type.run_scheduled_jo..., site='books.localhost', user='Administrator') (books.localhost||scheduled_job||tvg3grmu87)
2026-10-03 13:32:09,489 Successfully completed frappe.utils.background_jobs.execute_job(event=None, is_async=True, job_name='frappe.core.doctype.scheduled_job_type.scheduled_job_type.run_scheduled_jo..., kwargs={'job_type': 'frappe.monitor.flush', 'scheduled_job_type': 'tvg3grmu87'}, method='frappe.core.doctype.scheduled_job_type.scheduled_job_type.run_scheduled_jo..., site='books.localhost', user='Administrator') job in 0:00:00.446904s on worker f1af22a7e72047aba15e1fa2779045e2
2026-10-03 13:32:09,490 workspaces-Desk-books-bench:default: Job OK (books.localhost||scheduled_job||tvg3grmu87)
2026-10-03 13:32:09,490 Result is kept for 600 seconds
2026-10-03 13:32:09,500 workspaces-Desk-books-bench:default: frappe.utils.background_jobs.execute_job(event=None, is_async=True, job_name='frappe.core.doctype.scheduled_job_type.scheduled_job_type.run_scheduled_jo..., kwargs={'job_type': 'frappe.deferred_insert.save_to_db', 'scheduled_job_type': 'tv..., method='frappe.core.doctype.scheduled_job_type.scheduled_job_type.run_scheduled_jo..., site='books.localhost', user='Administrator') (books.localhost||scheduled_job||tvfo3fqaj8)
2026-10-03 13:32:10,059 Successfully completed frappe.utils.background_jobs.execute_job(event=None, is_async=True, job_name='frappe.core.doctype.scheduled_job_type.scheduled_job_type.run_scheduled_jo..., kwargs={'job_type': 'frappe.deferred_insert.save_to_db', 'scheduled_job_type': 'tv..., method='frappe.core.doctype.scheduled_job_type.scheduled_job_type.run_scheduled_jo..., site='books.localhost', user='Administrator') job in 0:00:00.552241s on worker f1af22a7e72047aba15e1fa2779045e2
2026-10-03 13:32:10,061 workspaces-Desk-books-bench:default: Job OK (books.localhost||scheduled_job||tvfo3fqaj8)
2026-10-03 13:32:10,061 Result is kept for 600 seconds
2026-10-03 13:32:10,071 workspaces-Desk-books-bench:default: frappe.utils.background_jobs.execute_job(event=None, is_async=True, job_name='frappe.core.doctype.scheduled_job_type.scheduled_job_type.run_scheduled_jo..., kwargs={'job_type': 'frappe.model.utils.link_count.update_link_count', 'scheduled_..., method='frappe.core.doctype.scheduled_job_type.scheduled_job_type.run_scheduled_jo..., site='books.localhost', user='Administrator') (books.localhost||scheduled_job||tvfuvg3m27)
2026-10-03 13:32:10,628 Successfully completed frappe.utils.background_jobs.execute_job(event=None, is_async=True, job_name='frappe.core.doctype.scheduled_job_type.scheduled_job_type.run_scheduled_jo..., kwargs={'job_type': 'frappe.model.utils.link_count.update_link_count', 'scheduled_..., method='frappe.core.doctype.scheduled_job_type.scheduled_job_type.run_scheduled_jo..., site='books.localhost', user='Administrator') job in 0:00:00.549614s on worker f1af22a7e72047aba15e1fa2779045e2
2026-10-03 13:32:10,630 workspaces-Desk-books-bench:default: Job OK (books.localhost||scheduled_job||tvfuvg3m27)
2026-10-03 13:32:10,630 Result is kept for 600 seconds
2026-10-03 13:32:10,639 workspaces-Desk-books-bench:default: frappe.utils.background_jobs.execute_job(event=None, is_async=True, job_name='frappe.core.doctype.scheduled_job_type.scheduled_job_type.run_scheduled_jo..., kwargs={'job_type': 'frappe.email.doctype.email_account.email_account.pull', 'sche..., method='frappe.core.doctype.scheduled_job_type.scheduled_job_type.run_scheduled_jo..., site='books.localhost', user='Administrator') (books.localhost||scheduled_job||tvf6eii5c1)
2026-10-03 13:32:11,183 Successfully completed frappe.utils.background_jobs.execute_job(event=None, is_async=True, job_name='frappe.core.doctype.scheduled_job_type.scheduled_job_type.run_scheduled_jo..., kwargs={'job_type': 'frappe.email.doctype.email_account.email_account.pull', 'sche..., method='frappe.core.doctype.scheduled_job_type.scheduled_job_type.run_scheduled_jo..., site='books.localhost', user='Administrator') job in 0:00:00.536710s on worker f1af22a7e72047aba15e1fa2779045e2
2026-10-03 13:32:11,184 workspaces-Desk-books-bench:default: Job OK (books.localhost||scheduled_job||tvf6eii5c1)
2026-10-03 13:32:11,184 Result is kept for 600 seconds
2026-10-03 13:36:00,521 workspaces-Desk-books-bench:default: frappe.utils.background_jobs.execute_job(event=None, is_async=True, job_name='frappe.core.doctype.scheduled_job_type.scheduled_job_type.run_scheduled_jo..., kwargs={'job_type': 'frappe.email.queue.flush', 'scheduled_job_type': 'tvgd72bons'..., method='frappe.core.doctype.scheduled_job_type.scheduled_job_type.run_scheduled_jo..., site='books.localhost', user='Administrator') (books.localhost||scheduled_job||tvgd72bons)
2026-10-03 13:36:01,065 Successfully completed frappe.utils.background_jobs.execute_job(event=None, is_async=True, job_name='frappe.core.doctype.scheduled_job_type.scheduled_job_type.run_scheduled_jo..., kwargs={'job_type': 'frappe.email.queue.flush', 'scheduled_job_type': 'tvgd72bons'..., method='frappe.core.doctype.scheduled_job_type.scheduled_job_type.run_scheduled_jo..., site='books.localhost', user='Administrator') job in 0:00:00.531888s on worker f1af22a7e72047aba15e1fa2779045e2
2026-10-03 13:36:01,066 workspaces-Desk-books-bench:default: Job OK (books.localhost||scheduled_job||tvgd72bons)
2026-10-03 13:36:01,066 Result is kept for 600 seconds
2026-10-03 13:36:01,076 workspaces-Desk-books-bench:default: frappe.utils.background_jobs.execute_job(event=None, is_async=True, job_name='frappe.core.doctype.scheduled_job_type.scheduled_job_type.run_scheduled_jo..., kwargs={'job_type': 'frappe.integrations.doctype.webhook.webhook.retry_failed_webh..., method='frappe.core.doctype.scheduled_job_type.scheduled_job_type.run_scheduled_jo..., site='books.localhost', user='Administrator') (books.localhost||scheduled_job||tvfn6bf8cs)
2026-10-03 13:36:01,641 Successfully completed frappe.utils.background_jobs.execute_job(event=None, is_async=True, job_name='frappe.core.doctype.scheduled_job_type.scheduled_job_type.run_scheduled_jo..., kwargs={'job_type': 'frappe.integrations.doctype.webhook.webhook.retry_failed_webh..., method='frappe.core.doctype.scheduled_job_type.scheduled_job_type.run_scheduled_jo..., site='books.localhost', user='Administrator') job in 0:00:00.557143s on worker f1af22a7e72047aba15e1fa2779045e2
2026-10-03 13:36:01,642 workspaces-Desk-books-bench:default: Job OK (books.localhost||scheduled_job||tvfn6bf8cs)
2026-10-03 13:36:01,642 Result is kept for 600 seconds
2026-10-03 13:36:01,652 workspaces-Desk-books-bench:default: frappe.utils.background_jobs.execute_job(event=None, is_async=True, job_name='frappe.core.doctype.scheduled_job_type.scheduled_job_type.run_scheduled_jo..., kwargs={'job_type': 'frappe.automation_engine.scheduler.process_cron', 'scheduled_..., method='frappe.core.doctype.scheduled_job_type.scheduled_job_type.run_scheduled_jo..., site='books.localhost', user='Administrator') (books.localhost||scheduled_job||tvfork1f3p)
2026-10-03 13:36:02,172 Successfully completed frappe.utils.background_jobs.execute_job(event=None, is_async=True, job_name='frappe.core.doctype.scheduled_job_type.scheduled_job_type.run_scheduled_jo..., kwargs={'job_type': 'frappe.automation_engine.scheduler.process_cron', 'scheduled_..., method='frappe.core.doctype.scheduled_job_type.scheduled_job_type.run_scheduled_jo..., site='books.localhost', user='Administrator') job in 0:00:00.512594s on worker f1af22a7e72047aba15e1fa2779045e2
2026-10-03 13:36:02,173 workspaces-Desk-books-bench:default: Job OK (books.localhost||scheduled_job||tvfork1f3p)
2026-10-03 13:36:02,173 Result is kept for 600 seconds
2026-10-03 13:36:02,187 workspaces-Desk-books-bench:default: frappe.utils.background_jobs.execute_job(event=None, is_async=True, job_name='frappe.core.doctype.scheduled_job_type.scheduled_job_type.run_scheduled_jo..., kwargs={'job_type': 'frappe.integrations.doctype.google_calendar.google_calendar.s..., method='frappe.core.doctype.scheduled_job_type.scheduled_job_type.run_scheduled_jo..., site='books.localhost', user='Administrator') (books.localhost||scheduled_job||tvgsq68nbr)
2026-10-03 13:36:02,866 Successfully completed frappe.utils.background_jobs.execute_job(event=None, is_async=True, job_name='frappe.core.doctype.scheduled_job_type.scheduled_job_type.run_scheduled_jo..., kwargs={'job_type': 'frappe.integrations.doctype.google_calendar.google_calendar.s..., method='frappe.core.doctype.scheduled_job_type.scheduled_job_type.run_scheduled_jo..., site='books.localhost', user='Administrator') job in 0:00:00.667068s on worker f1af22a7e72047aba15e1fa2779045e2
2026-10-03 13:36:02,867 workspaces-Desk-books-bench:default: Job OK (books.localhost||scheduled_job||tvgsq68nbr)
2026-10-03 13:36:02,867 Result is kept for 600 seconds
2026-10-03 13:36:02,878 workspaces-Desk-books-bench:default: frappe.utils.background_jobs.execute_job(event=None, is_async=True, job_name='frappe.core.doctype.scheduled_job_type.scheduled_job_type.run_scheduled_jo..., kwargs={'job_type': 'frappe.email.doctype.notification.notification.trigger_offset..., method='frappe.core.doctype.scheduled_job_type.scheduled_job_type.run_scheduled_jo..., site='books.localhost', user='Administrator') (books.localhost||scheduled_job||tvfkfghgup)
2026-10-03 13:36:03,405 Successfully completed frappe.utils.background_jobs.execute_job(event=None, is_async=True, job_name='frappe.core.doctype.scheduled_job_type.scheduled_job_type.run_scheduled_jo..., kwargs={'job_type': 'frappe.email.doctype.notification.notification.trigger_offset..., method='frappe.core.doctype.scheduled_job_type.scheduled_job_type.run_scheduled_jo..., site='books.localhost', user='Administrator') job in 0:00:00.518950s on worker f1af22a7e72047aba15e1fa2779045e2
2026-10-03 13:36:03,405 workspaces-Desk-books-bench:default: Job OK (books.localhost||scheduled_job||tvfkfghgup)
2026-10-03 13:36:03,406 Result is kept for 600 seconds
2026-10-03 13:36:03,421 workspaces-Desk-books-bench:default: frappe.utils.background_jobs.execute_job(event=None, is_async=True, job_name='frappe.core.doctype.scheduled_job_type.scheduled_job_type.run_scheduled_jo..., kwargs={'job_type': 'frappe.monitor.flush', 'scheduled_job_type': 'tvg3grmu87'}, method='frappe.core.doctype.scheduled_job_type.scheduled_job_type.run_scheduled_jo..., site='books.localhost', user='Administrator') (books.localhost||scheduled_job||tvg3grmu87)
2026-10-03 13:36:04,023 Successfully completed frappe.utils.background_jobs.execute_job(event=None, is_async=True, job_name='frappe.core.doctype.scheduled_job_type.scheduled_job_type.run_scheduled_jo..., kwargs={'job_type': 'frappe.monitor.flush', 'scheduled_job_type': 'tvg3grmu87'}, method='frappe.core.doctype.scheduled_job_type.scheduled_job_type.run_scheduled_jo..., site='books.localhost', user='Administrator') job in 0:00:00.589427s on worker f1af22a7e72047aba15e1fa2779045e2
2026-10-03 13:36:04,023 workspaces-Desk-books-bench:default: Job OK (books.localhost||scheduled_job||tvg3grmu87)
2026-10-03 13:36:04,023 Result is kept for 600 seconds
2026-10-03 13:36:04,034 workspaces-Desk-books-bench:default: frappe.utils.background_jobs.execute_job(event=None, is_async=True, job_name='frappe.core.doctype.scheduled_job_type.scheduled_job_type.run_scheduled_jo..., kwargs={'job_type': 'frappe.automation_engine.drainer.drain_due', 'scheduled_job_t..., method='frappe.core.doctype.scheduled_job_type.scheduled_job_type.run_scheduled_jo..., site='books.localhost', user='Administrator') (books.localhost||scheduled_job||tvft3lmo5a)
2026-10-03 13:36:04,594 Successfully completed frappe.utils.background_jobs.execute_job(event=None, is_async=True, job_name='frappe.core.doctype.scheduled_job_type.scheduled_job_type.run_scheduled_jo..., kwargs={'job_type': 'frappe.automation_engine.drainer.drain_due', 'scheduled_job_t..., method='frappe.core.doctype.scheduled_job_type.scheduled_job_type.run_scheduled_jo..., site='books.localhost', user='Administrator') job in 0:00:00.552988s on worker f1af22a7e72047aba15e1fa2779045e2
2026-10-03 13:36:04,594 workspaces-Desk-books-bench:default: Job OK (books.localhost||scheduled_job||tvft3lmo5a)
2026-10-03 13:36:04,594 Result is kept for 600 seconds
2026-10-03 13:36:04,605 workspaces-Desk-books-bench:default: frappe.utils.background_jobs.execute_job(event=None, is_async=True, job_name='frappe.core.doctype.scheduled_job_type.scheduled_job_type.run_scheduled_jo..., kwargs={'job_type': 'frappe.email.queue.retry_sending_emails', 'scheduled_job_type..., method='frappe.core.doctype.scheduled_job_type.scheduled_job_type.run_scheduled_jo..., site='books.localhost', user='Administrator') (books.localhost||scheduled_job||tvgunpisoh)
2026-10-03 13:36:05,094 Successfully completed frappe.utils.background_jobs.execute_job(event=None, is_async=True, job_name='frappe.core.doctype.scheduled_job_type.scheduled_job_type.run_scheduled_jo..., kwargs={'job_type': 'frappe.email.queue.retry_sending_emails', 'scheduled_job_type..., method='frappe.core.doctype.scheduled_job_type.scheduled_job_type.run_scheduled_jo..., site='books.localhost', user='Administrator') job in 0:00:00.481026s on worker f1af22a7e72047aba15e1fa2779045e2
2026-10-03 13:36:05,095 workspaces-Desk-books-bench:default: Job OK (books.localhost||scheduled_job||tvgunpisoh)
2026-10-03 13:36:05,096 Result is kept for 600 seconds
2026-10-03 13:36:05,106 workspaces-Desk-books-bench:default: frappe.utils.background_jobs.execute_job(event=None, is_async=True, job_name='frappe.core.doctype.scheduled_job_type.scheduled_job_type.run_scheduled_jo..., kwargs={'job_type': 'frappe.search.sqlite_search.index_docs_in_queue', 'scheduled_..., method='frappe.core.doctype.scheduled_job_type.scheduled_job_type.run_scheduled_jo..., site='books.localhost', user='Administrator') (books.localhost||scheduled_job||tvfskgtqqi)
2026-10-03 13:36:05,596 Successfully completed frappe.utils.background_jobs.execute_job(event=None, is_async=True, job_name='frappe.core.doctype.scheduled_job_type.scheduled_job_type.run_scheduled_jo..., kwargs={'job_type': 'frappe.search.sqlite_search.index_docs_in_queue', 'scheduled_..., method='frappe.core.doctype.scheduled_job_type.scheduled_job_type.run_scheduled_jo..., site='books.localhost', user='Administrator') job in 0:00:00.482788s on worker f1af22a7e72047aba15e1fa2779045e2
2026-10-03 13:36:05,596 workspaces-Desk-books-bench:default: Job OK (books.localhost||scheduled_job||tvfskgtqqi)
2026-10-03 13:36:05,597 Result is kept for 600 seconds
2026-10-03 13:40:00,680 workspaces-Desk-books-bench:default: frappe.utils.background_jobs.execute_job(event=None, is_async=True, job_name='frappe.core.doctype.scheduled_job_type.scheduled_job_type.run_scheduled_jo..., kwargs={'job_type': 'frappe.email.doctype.notification.notification.trigger_offset..., method='frappe.core.doctype.scheduled_job_type.scheduled_job_type.run_scheduled_jo..., site='books.localhost', user='Administrator') (books.localhost||scheduled_job||tvfkfghgup)
2026-10-03 13:40:03,195 Successfully completed frappe.utils.background_jobs.execute_job(event=None, is_async=True, job_name='frappe.core.doctype.scheduled_job_type.scheduled_job_type.run_scheduled_jo..., kwargs={'job_type': 'frappe.email.doctype.notification.notification.trigger_offset..., method='frappe.core.doctype.scheduled_job_type.scheduled_job_type.run_scheduled_jo..., site='books.localhost', user='Administrator') job in 0:00:02.484466s on worker f1af22a7e72047aba15e1fa2779045e2
2026-10-03 13:40:03,197 workspaces-Desk-books-bench:default: Job OK (books.localhost||scheduled_job||tvfkfghgup)
2026-10-03 13:40:03,200 Result is kept for 600 seconds
2026-10-03 13:40:03,215 Worker f1af22a7e72047aba15e1fa2779045e2: cleaning registries for queue: workspaces-Desk-books-bench:short
2026-10-03 13:40:03,218 Worker f1af22a7e72047aba15e1fa2779045e2: cleaning registries for queue: workspaces-Desk-books-bench:default
2026-10-03 13:40:03,220 Worker f1af22a7e72047aba15e1fa2779045e2: cleaning registries for queue: workspaces-Desk-books-bench:long
2026-10-03 13:40:03,223 workspaces-Desk-books-bench:default: frappe.utils.background_jobs.execute_job(event=None, is_async=True, job_name='frappe.core.doctype.scheduled_job_type.scheduled_job_type.run_scheduled_jo..., kwargs={'job_type': 'frappe.automation_engine.scheduler.process_cron', 'scheduled_..., method='frappe.core.doctype.scheduled_job_type.scheduled_job_type.run_scheduled_jo..., site='books.localhost', user='Administrator') (books.localhost||scheduled_job||tvfork1f3p)
2026-10-03 13:40:04,100 Successfully completed frappe.utils.background_jobs.execute_job(event=None, is_async=True, job_name='frappe.core.doctype.scheduled_job_type.scheduled_job_type.run_scheduled_jo..., kwargs={'job_type': 'frappe.automation_engine.scheduler.process_cron', 'scheduled_..., method='frappe.core.doctype.scheduled_job_type.scheduled_job_type.run_scheduled_jo..., site='books.localhost', user='Administrator') job in 0:00:00.864870s on worker f1af22a7e72047aba15e1fa2779045e2
2026-10-03 13:40:04,101 workspaces-Desk-books-bench:default: Job OK (books.localhost||scheduled_job||tvfork1f3p)
2026-10-03 13:40:04,101 Result is kept for 600 seconds
2026-10-03 13:40:04,118 workspaces-Desk-books-bench:default: frappe.utils.background_jobs.execute_job(event=None, is_async=True, job_name='frappe.core.doctype.scheduled_job_type.scheduled_job_type.run_scheduled_jo..., kwargs={'job_type': 'frappe.email.queue.retry_sending_emails', 'scheduled_job_type..., method='frappe.core.doctype.scheduled_job_type.scheduled_job_type.run_scheduled_jo..., site='books.localhost', user='Administrator') (books.localhost||scheduled_job||tvgunpisoh)
2026-10-03 13:40:05,185 Successfully completed frappe.utils.background_jobs.execute_job(event=None, is_async=True, job_name='frappe.core.doctype.scheduled_job_type.scheduled_job_type.run_scheduled_jo..., kwargs={'job_type': 'frappe.email.queue.retry_sending_emails', 'scheduled_job_type..., method='frappe.core.doctype.scheduled_job_type.scheduled_job_type.run_scheduled_jo..., site='books.localhost', user='Administrator') job in 0:00:01.053839s on worker f1af22a7e72047aba15e1fa2779045e2
2026-10-03 13:40:05,186 workspaces-Desk-books-bench:default: Job OK (books.localhost||scheduled_job||tvgunpisoh)
2026-10-03 13:40:05,186 Result is kept for 600 seconds
2026-10-03 13:40:05,198 workspaces-Desk-books-bench:default: frappe.utils.background_jobs.execute_job(event=None, is_async=True, job_name='frappe.core.doctype.scheduled_job_type.scheduled_job_type.run_scheduled_jo..., kwargs={'job_type': 'frappe.integrations.doctype.google_calendar.google_calendar.s..., method='frappe.core.doctype.scheduled_job_type.scheduled_job_type.run_scheduled_jo..., site='books.localhost', user='Administrator') (books.localhost||scheduled_job||tvgsq68nbr)
2026-10-03 13:40:06,086 Successfully completed frappe.utils.background_jobs.execute_job(event=None, is_async=True, job_name='frappe.core.doctype.scheduled_job_type.scheduled_job_type.run_scheduled_jo..., kwargs={'job_type': 'frappe.integrations.doctype.google_calendar.google_calendar.s..., method='frappe.core.doctype.scheduled_job_type.scheduled_job_type.run_scheduled_jo..., site='books.localhost', user='Administrator') job in 0:00:00.876579s on worker f1af22a7e72047aba15e1fa2779045e2
2026-10-03 13:40:06,089 workspaces-Desk-books-bench:default: Job OK (books.localhost||scheduled_job||tvgsq68nbr)
2026-10-03 13:40:06,090 Result is kept for 600 seconds
2026-10-03 13:40:06,108 workspaces-Desk-books-bench:default: frappe.utils.background_jobs.execute_job(event=None, is_async=True, job_name='frappe.core.doctype.scheduled_job_type.scheduled_job_type.run_scheduled_jo..., kwargs={'job_type': 'frappe.automation_engine.drainer.drain_due', 'scheduled_job_t..., method='frappe.core.doctype.scheduled_job_type.scheduled_job_type.run_scheduled_jo..., site='books.localhost', user='Administrator') (books.localhost||scheduled_job||tvft3lmo5a)
2026-10-03 13:40:08,352 Successfully completed frappe.utils.background_jobs.execute_job(event=None, is_async=True, job_name='frappe.core.doctype.scheduled_job_type.scheduled_job_type.run_scheduled_jo..., kwargs={'job_type': 'frappe.automation_engine.drainer.drain_due', 'scheduled_job_t..., method='frappe.core.doctype.scheduled_job_type.scheduled_job_type.run_scheduled_jo..., site='books.localhost', user='Administrator') job in 0:00:02.209031s on worker f1af22a7e72047aba15e1fa2779045e2
2026-10-03 13:40:08,353 workspaces-Desk-books-bench:default: Job OK (books.localhost||scheduled_job||tvft3lmo5a)
2026-10-03 13:40:08,353 Result is kept for 600 seconds
2026-10-03 13:40:08,693 workspaces-Desk-books-bench:default: frappe.utils.background_jobs.execute_job(event=None, is_async=True, job_name='frappe.core.doctype.scheduled_job_type.scheduled_job_type.run_scheduled_jo..., kwargs={'job_type': 'frappe.integrations.doctype.webhook.webhook.retry_failed_webh..., method='frappe.core.doctype.scheduled_job_type.scheduled_job_type.run_scheduled_jo..., site='books.localhost', user='Administrator') (books.localhost||scheduled_job||tvfn6bf8cs)
2026-10-03 13:40:09,993 Successfully completed frappe.utils.background_jobs.execute_job(event=None, is_async=True, job_name='frappe.core.doctype.scheduled_job_type.scheduled_job_type.run_scheduled_jo..., kwargs={'job_type': 'frappe.integrations.doctype.webhook.webhook.retry_failed_webh..., method='frappe.core.doctype.scheduled_job_type.scheduled_job_type.run_scheduled_jo..., site='books.localhost', user='Administrator') job in 0:00:01.289183s on worker f1af22a7e72047aba15e1fa2779045e2
2026-10-03 13:40:09,994 workspaces-Desk-books-bench:default: Job OK (books.localhost||scheduled_job||tvfn6bf8cs)
2026-10-03 13:40:09,995 Result is kept for 600 seconds
2026-10-03 13:40:10,004 workspaces-Desk-books-bench:default: frappe.utils.background_jobs.execute_job(event=None, is_async=True, job_name='frappe.core.doctype.scheduled_job_type.scheduled_job_type.run_scheduled_jo..., kwargs={'job_type': 'frappe.email.doctype.email_account.email_account.pull', 'sche..., method='frappe.core.doctype.scheduled_job_type.scheduled_job_type.run_scheduled_jo..., site='books.localhost', user='Administrator') (books.localhost||scheduled_job||tvf6eii5c1)
2026-10-03 13:40:10,591 Successfully completed frappe.utils.background_jobs.execute_job(event=None, is_async=True, job_name='frappe.core.doctype.scheduled_job_type.scheduled_job_type.run_scheduled_jo..., kwargs={'job_type': 'frappe.email.doctype.email_account.email_account.pull', 'sche..., method='frappe.core.doctype.scheduled_job_type.scheduled_job_type.run_scheduled_jo..., site='books.localhost', user='Administrator') job in 0:00:00.578576s on worker f1af22a7e72047aba15e1fa2779045e2
2026-10-03 13:40:10,592 workspaces-Desk-books-bench:default: Job OK (books.localhost||scheduled_job||tvf6eii5c1)
2026-10-03 13:40:10,593 Result is kept for 600 seconds
2026-10-03 13:40:10,603 workspaces-Desk-books-bench:default: frappe.utils.background_jobs.execute_job(event=None, is_async=True, job_name='frappe.core.doctype.scheduled_job_type.scheduled_job_type.run_scheduled_jo..., kwargs={'job_type': 'frappe.monitor.flush', 'scheduled_job_type': 'tvg3grmu87'}, method='frappe.core.doctype.scheduled_job_type.scheduled_job_type.run_scheduled_jo..., site='books.localhost', user='Administrator') (books.localhost||scheduled_job||tvg3grmu87)
2026-10-03 13:40:11,082 Successfully completed frappe.utils.background_jobs.execute_job(event=None, is_async=True, job_name='frappe.core.doctype.scheduled_job_type.scheduled_job_type.run_scheduled_jo..., kwargs={'job_type': 'frappe.monitor.flush', 'scheduled_job_type': 'tvg3grmu87'}, method='frappe.core.doctype.scheduled_job_type.scheduled_job_type.run_scheduled_jo..., site='books.localhost', user='Administrator') job in 0:00:00.471722s on worker f1af22a7e72047aba15e1fa2779045e2
2026-10-03 13:40:11,082 workspaces-Desk-books-bench:default: Job OK (books.localhost||scheduled_job||tvg3grmu87)
2026-10-03 13:40:11,082 Result is kept for 600 seconds
2026-10-03 13:40:11,093 workspaces-Desk-books-bench:default: frappe.utils.background_jobs.execute_job(event=None, is_async=True, job_name='frappe.core.doctype.scheduled_job_type.scheduled_job_type.run_scheduled_jo..., kwargs={'job_type': 'frappe.search.sqlite_search.index_docs_in_queue', 'scheduled_..., method='frappe.core.doctype.scheduled_job_type.scheduled_job_type.run_scheduled_jo..., site='books.localhost', user='Administrator') (books.localhost||scheduled_job||tvfskgtqqi)
2026-10-03 13:40:11,589 Successfully completed frappe.utils.background_jobs.execute_job(event=None, is_async=True, job_name='frappe.core.doctype.scheduled_job_type.scheduled_job_type.run_scheduled_jo..., kwargs={'job_type': 'frappe.search.sqlite_search.index_docs_in_queue', 'scheduled_..., method='frappe.core.doctype.scheduled_job_type.scheduled_job_type.run_scheduled_jo..., site='books.localhost', user='Administrator') job in 0:00:00.488104s on worker f1af22a7e72047aba15e1fa2779045e2
2026-10-03 13:40:11,590 workspaces-Desk-books-bench:default: Job OK (books.localhost||scheduled_job||tvfskgtqqi)
2026-10-03 13:40:11,590 Result is kept for 600 seconds
2026-10-03 13:40:11,599 workspaces-Desk-books-bench:default: frappe.utils.background_jobs.execute_job(event=None, is_async=True, job_name='frappe.core.doctype.scheduled_job_type.scheduled_job_type.run_scheduled_jo..., kwargs={'job_type': 'frappe.email.queue.flush', 'scheduled_job_type': 'tvgd72bons'..., method='frappe.core.doctype.scheduled_job_type.scheduled_job_type.run_scheduled_jo..., site='books.localhost', user='Administrator') (books.localhost||scheduled_job||tvgd72bons)
2026-10-03 13:40:12,155 Successfully completed frappe.utils.background_jobs.execute_job(event=None, is_async=True, job_name='frappe.core.doctype.scheduled_job_type.scheduled_job_type.run_scheduled_jo..., kwargs={'job_type': 'frappe.email.queue.flush', 'scheduled_job_type': 'tvgd72bons'..., method='frappe.core.doctype.scheduled_job_type.scheduled_job_type.run_scheduled_jo..., site='books.localhost', user='Administrator') job in 0:00:00.547398s on worker f1af22a7e72047aba15e1fa2779045e2
2026-10-03 13:40:12,156 workspaces-Desk-books-bench:default: Job OK (books.localhost||scheduled_job||tvgd72bons)
2026-10-03 13:40:12,156 Result is kept for 600 seconds
2026-10-03 13:44:00,723 workspaces-Desk-books-bench:default: frappe.utils.background_jobs.execute_job(event=None, is_async=True, job_name='frappe.core.doctype.scheduled_job_type.scheduled_job_type.run_scheduled_jo..., kwargs={'job_type': 'frappe.integrations.doctype.google_calendar.google_calendar.s..., method='frappe.core.doctype.scheduled_job_type.scheduled_job_type.run_scheduled_jo..., site='books.localhost', user='Administrator') (books.localhost||scheduled_job||tvgsq68nbr)
2026-10-03 13:44:01,239 Successfully completed frappe.utils.background_jobs.execute_job(event=None, is_async=True, job_name='frappe.core.doctype.scheduled_job_type.scheduled_job_type.run_scheduled_jo..., kwargs={'job_type': 'frappe.integrations.doctype.google_calendar.google_calendar.s..., method='frappe.core.doctype.scheduled_job_type.scheduled_job_type.run_scheduled_jo..., site='books.localhost', user='Administrator') job in 0:00:00.503548s on worker f1af22a7e72047aba15e1fa2779045e2
2026-10-03 13:44:01,240 workspaces-Desk-books-bench:default: Job OK (books.localhost||scheduled_job||tvgsq68nbr)
2026-10-03 13:44:01,241 Result is kept for 600 seconds
2026-10-03 13:44:01,253 workspaces-Desk-books-bench:default: frappe.utils.background_jobs.execute_job(event=None, is_async=True, job_name='frappe.core.doctype.scheduled_job_type.scheduled_job_type.run_scheduled_jo..., kwargs={'job_type': 'frappe.monitor.flush', 'scheduled_job_type': 'tvg3grmu87'}, method='frappe.core.doctype.scheduled_job_type.scheduled_job_type.run_scheduled_jo..., site='books.localhost', user='Administrator') (books.localhost||scheduled_job||tvg3grmu87)
2026-10-03 13:44:01,768 Successfully completed frappe.utils.background_jobs.execute_job(event=None, is_async=True, job_name='frappe.core.doctype.scheduled_job_type.scheduled_job_type.run_scheduled_jo..., kwargs={'job_type': 'frappe.monitor.flush', 'scheduled_job_type': 'tvg3grmu87'}, method='frappe.core.doctype.scheduled_job_type.scheduled_job_type.run_scheduled_jo..., site='books.localhost', user='Administrator') job in 0:00:00.489293s on worker f1af22a7e72047aba15e1fa2779045e2
2026-10-03 13:44:01,769 workspaces-Desk-books-bench:default: Job OK (books.localhost||scheduled_job||tvg3grmu87)
2026-10-03 13:44:01,770 Result is kept for 600 seconds
2026-10-03 13:44:01,780 workspaces-Desk-books-bench:default: frappe.utils.background_jobs.execute_job(event=None, is_async=True, job_name='frappe.core.doctype.scheduled_job_type.scheduled_job_type.run_scheduled_jo..., kwargs={'job_type': 'frappe.email.queue.flush', 'scheduled_job_type': 'tvgd72bons'..., method='frappe.core.doctype.scheduled_job_type.scheduled_job_type.run_scheduled_jo..., site='books.localhost', user='Administrator') (books.localhost||scheduled_job||tvgd72bons)
2026-10-03 13:44:02,297 Successfully completed frappe.utils.background_jobs.execute_job(event=None, is_async=True, job_name='frappe.core.doctype.scheduled_job_type.scheduled_job_type.run_scheduled_jo..., kwargs={'job_type': 'frappe.email.queue.flush', 'scheduled_job_type': 'tvgd72bons'..., method='frappe.core.doctype.scheduled_job_type.scheduled_job_type.run_scheduled_jo..., site='books.localhost', user='Administrator') job in 0:00:00.507103s on worker f1af22a7e72047aba15e1fa2779045e2
2026-10-03 13:44:02,297 workspaces-Desk-books-bench:default: Job OK (books.localhost||scheduled_job||tvgd72bons)
2026-10-03 13:44:02,297 Result is kept for 600 seconds
2026-10-03 13:44:02,310 workspaces-Desk-books-bench:default: frappe.utils.background_jobs.execute_job(event=None, is_async=True, job_name='frappe.core.doctype.scheduled_job_type.scheduled_job_type.run_scheduled_jo..., kwargs={'job_type': 'frappe.email.queue.retry_sending_emails', 'scheduled_job_type..., method='frappe.core.doctype.scheduled_job_type.scheduled_job_type.run_scheduled_jo..., site='books.localhost', user='Administrator') (books.localhost||scheduled_job||tvgunpisoh)
2026-10-03 13:44:02,962 Successfully completed frappe.utils.background_jobs.execute_job(event=None, is_async=True, job_name='frappe.core.doctype.scheduled_job_type.scheduled_job_type.run_scheduled_jo..., kwargs={'job_type': 'frappe.email.queue.retry_sending_emails', 'scheduled_job_type..., method='frappe.core.doctype.scheduled_job_type.scheduled_job_type.run_scheduled_jo..., site='books.localhost', user='Administrator') job in 0:00:00.643524s on worker f1af22a7e72047aba15e1fa2779045e2
2026-10-03 13:44:02,962 workspaces-Desk-books-bench:default: Job OK (books.localhost||scheduled_job||tvgunpisoh)
2026-10-03 13:44:02,962 Result is kept for 600 seconds
2026-10-03 13:48:00,750 workspaces-Desk-books-bench:default: frappe.utils.background_jobs.execute_job(event=None, is_async=True, job_name='frappe.core.doctype.scheduled_job_type.scheduled_job_type.run_scheduled_jo..., kwargs={'job_type': 'frappe.deferred_insert.save_to_db', 'scheduled_job_type': 'tv..., method='frappe.core.doctype.scheduled_job_type.scheduled_job_type.run_scheduled_jo..., site='books.localhost', user='Administrator') (books.localhost||scheduled_job||tvfo3fqaj8)
2026-10-03 13:48:01,294 Successfully completed frappe.utils.background_jobs.execute_job(event=None, is_async=True, job_name='frappe.core.doctype.scheduled_job_type.scheduled_job_type.run_scheduled_jo..., kwargs={'job_type': 'frappe.deferred_insert.save_to_db', 'scheduled_job_type': 'tv..., method='frappe.core.doctype.scheduled_job_type.scheduled_job_type.run_scheduled_jo..., site='books.localhost', user='Administrator') job in 0:00:00.531799s on worker f1af22a7e72047aba15e1fa2779045e2
2026-10-03 13:48:01,295 workspaces-Desk-books-bench:default: Job OK (books.localhost||scheduled_job||tvfo3fqaj8)
2026-10-03 13:48:01,295 Result is kept for 600 seconds
2026-10-03 13:48:01,304 workspaces-Desk-books-bench:default: frappe.utils.background_jobs.execute_job(event=None, is_async=True, job_name='frappe.core.doctype.scheduled_job_type.scheduled_job_type.run_scheduled_jo..., kwargs={'job_type': 'frappe.automation.doctype.reminder.reminder.send_reminders', ..., method='frappe.core.doctype.scheduled_job_type.scheduled_job_type.run_scheduled_jo..., site='books.localhost', user='Administrator') (books.localhost||scheduled_job||tvftau2n63)
2026-10-03 13:48:01,880 Successfully completed frappe.utils.background_jobs.execute_job(event=None, is_async=True, job_name='frappe.core.doctype.scheduled_job_type.scheduled_job_type.run_scheduled_jo..., kwargs={'job_type': 'frappe.automation.doctype.reminder.reminder.send_reminders', ..., method='frappe.core.doctype.scheduled_job_type.scheduled_job_type.run_scheduled_jo..., site='books.localhost', user='Administrator') job in 0:00:00.567252s on worker f1af22a7e72047aba15e1fa2779045e2
2026-10-03 13:48:01,881 workspaces-Desk-books-bench:default: Job OK (books.localhost||scheduled_job||tvftau2n63)
2026-10-03 13:48:01,882 Result is kept for 600 seconds
2026-10-03 13:48:01,891 workspaces-Desk-books-bench:default: frappe.utils.background_jobs.execute_job(event=None, is_async=True, job_name='frappe.core.doctype.scheduled_job_type.scheduled_job_type.run_scheduled_jo..., kwargs={'job_type': 'frappe.email.queue.retry_sending_emails', 'scheduled_job_type..., method='frappe.core.doctype.scheduled_job_type.scheduled_job_type.run_scheduled_jo..., site='books.localhost', user='Administrator') (books.localhost||scheduled_job||tvgunpisoh)
2026-10-03 13:48:02,380 Successfully completed frappe.utils.background_jobs.execute_job(event=None, is_async=True, job_name='frappe.core.doctype.scheduled_job_type.scheduled_job_type.run_scheduled_jo..., kwargs={'job_type': 'frappe.email.queue.retry_sending_emails', 'scheduled_job_type..., method='frappe.core.doctype.scheduled_job_type.scheduled_job_type.run_scheduled_jo..., site='books.localhost', user='Administrator') job in 0:00:00.482246s on worker f1af22a7e72047aba15e1fa2779045e2
2026-10-03 13:48:02,381 workspaces-Desk-books-bench:default: Job OK (books.localhost||scheduled_job||tvgunpisoh)
2026-10-03 13:48:02,382 Result is kept for 600 seconds
2026-10-03 13:48:02,392 workspaces-Desk-books-bench:default: frappe.utils.background_jobs.execute_job(event=None, is_async=True, job_name='frappe.core.doctype.scheduled_job_type.scheduled_job_type.run_scheduled_jo..., kwargs={'job_type': 'frappe.integrations.doctype.google_calendar.google_calendar.s..., method='frappe.core.doctype.scheduled_job_type.scheduled_job_type.run_scheduled_jo..., site='books.localhost', user='Administrator') (books.localhost||scheduled_job||tvgsq68nbr)
2026-10-03 13:48:02,859 Successfully completed frappe.utils.background_jobs.execute_job(event=None, is_async=True, job_name='frappe.core.doctype.scheduled_job_type.scheduled_job_type.run_scheduled_jo..., kwargs={'job_type': 'frappe.integrations.doctype.google_calendar.google_calendar.s..., method='frappe.core.doctype.scheduled_job_type.scheduled_job_type.run_scheduled_jo..., site='books.localhost', user='Administrator') job in 0:00:00.457260s on worker f1af22a7e72047aba15e1fa2779045e2
2026-10-03 13:48:02,859 workspaces-Desk-books-bench:default: Job OK (books.localhost||scheduled_job||tvgsq68nbr)
2026-10-03 13:48:02,860 Result is kept for 600 seconds
2026-10-03 13:48:02,869 workspaces-Desk-books-bench:default: frappe.utils.background_jobs.execute_job(event=None, is_async=True, job_name='frappe.core.doctype.scheduled_job_type.scheduled_job_type.run_scheduled_jo..., kwargs={'job_type': 'frappe.utils.telemetry.pulse.client.send_queued_events', 'sch..., method='frappe.core.doctype.scheduled_job_type.scheduled_job_type.run_scheduled_jo..., site='books.localhost', user='Administrator') (books.localhost||scheduled_job||tvfdg2svpd)
2026-10-03 13:48:03,422 Successfully completed frappe.utils.background_jobs.execute_job(event=None, is_async=True, job_name='frappe.core.doctype.scheduled_job_type.scheduled_job_type.run_scheduled_jo..., kwargs={'job_type': 'frappe.utils.telemetry.pulse.client.send_queued_events', 'sch..., method='frappe.core.doctype.scheduled_job_type.scheduled_job_type.run_scheduled_jo..., site='books.localhost', user='Administrator') job in 0:00:00.544478s on worker f1af22a7e72047aba15e1fa2779045e2
2026-10-03 13:48:03,423 workspaces-Desk-books-bench:default: Job OK (books.localhost||scheduled_job||tvfdg2svpd)
2026-10-03 13:48:03,424 Result is kept for 600 seconds
2026-10-03 13:48:03,433 workspaces-Desk-books-bench:default: frappe.utils.background_jobs.execute_job(event=None, is_async=True, job_name='frappe.core.doctype.scheduled_job_type.scheduled_job_type.run_scheduled_jo..., kwargs={'job_type': 'frappe.automation_engine.drainer.drain_due', 'scheduled_job_t..., method='frappe.core.doctype.scheduled_job_type.scheduled_job_type.run_scheduled_jo..., site='books.localhost', user='Administrator') (books.localhost||scheduled_job||tvft3lmo5a)
2026-10-03 13:48:03,951 Successfully completed frappe.utils.background_jobs.execute_job(event=None, is_async=True, job_name='frappe.core.doctype.scheduled_job_type.scheduled_job_type.run_scheduled_jo..., kwargs={'job_type': 'frappe.automation_engine.drainer.drain_due', 'scheduled_job_t..., method='frappe.core.doctype.scheduled_job_type.scheduled_job_type.run_scheduled_jo..., site='books.localhost', user='Administrator') job in 0:00:00.507614s on worker f1af22a7e72047aba15e1fa2779045e2
2026-10-03 13:48:03,951 workspaces-Desk-books-bench:default: Job OK (books.localhost||scheduled_job||tvft3lmo5a)
2026-10-03 13:48:03,951 Result is kept for 600 seconds
2026-10-03 13:48:03,961 workspaces-Desk-books-bench:default: frappe.utils.background_jobs.execute_job(event=None, is_async=True, job_name='frappe.core.doctype.scheduled_job_type.scheduled_job_type.run_scheduled_jo..., kwargs={'job_type': 'frappe.model.utils.link_count.update_link_count', 'scheduled_..., method='frappe.core.doctype.scheduled_job_type.scheduled_job_type.run_scheduled_jo..., site='books.localhost', user='Administrator') (books.localhost||scheduled_job||tvfuvg3m27)
2026-10-03 13:48:04,428 Successfully completed frappe.utils.background_jobs.execute_job(event=None, is_async=True, job_name='frappe.core.doctype.scheduled_job_type.scheduled_job_type.run_scheduled_jo..., kwargs={'job_type': 'frappe.model.utils.link_count.update_link_count', 'scheduled_..., method='frappe.core.doctype.scheduled_job_type.scheduled_job_type.run_scheduled_jo..., site='books.localhost', user='Administrator') job in 0:00:00.460185s on worker f1af22a7e72047aba15e1fa2779045e2
2026-10-03 13:48:04,429 workspaces-Desk-books-bench:default: Job OK (books.localhost||scheduled_job||tvfuvg3m27)
2026-10-03 13:48:04,429 Result is kept for 600 seconds
2026-10-03 13:48:04,438 workspaces-Desk-books-bench:default: frappe.utils.background_jobs.execute_job(event=None, is_async=True, job_name='frappe.core.doctype.scheduled_job_type.scheduled_job_type.run_scheduled_jo..., kwargs={'job_type': 'frappe.email.doctype.email_account.email_account.notify_unrep..., method='frappe.core.doctype.scheduled_job_type.scheduled_job_type.run_scheduled_jo..., site='books.localhost', user='Administrator') (books.localhost||scheduled_job||tvf744dvmr)
2026-10-03 13:48:04,906 Successfully completed frappe.utils.background_jobs.execute_job(event=None, is_async=True, job_name='frappe.core.doctype.scheduled_job_type.scheduled_job_type.run_scheduled_jo..., kwargs={'job_type': 'frappe.email.doctype.email_account.email_account.notify_unrep..., method='frappe.core.doctype.scheduled_job_type.scheduled_job_type.run_scheduled_jo..., site='books.localhost', user='Administrator') job in 0:00:00.461247s on worker f1af22a7e72047aba15e1fa2779045e2
2026-10-03 13:48:04,907 workspaces-Desk-books-bench:default: Job OK (books.localhost||scheduled_job||tvf744dvmr)
2026-10-03 13:48:04,908 Result is kept for 600 seconds
2026-10-03 13:48:04,917 workspaces-Desk-books-bench:default: frappe.utils.background_jobs.execute_job(event=None, is_async=True, job_name='frappe.core.doctype.scheduled_job_type.scheduled_job_type.run_scheduled_jo..., kwargs={'job_type': 'frappe.utils.global_search.sync_global_search', 'scheduled_jo..., method='frappe.core.doctype.scheduled_job_type.scheduled_job_type.run_scheduled_jo..., site='books.localhost', user='Administrator') (books.localhost||scheduled_job||tvfvi05ulh)
2026-10-03 13:48:05,388 Successfully completed frappe.utils.background_jobs.execute_job(event=None, is_async=True, job_name='frappe.core.doctype.scheduled_job_type.scheduled_job_type.run_scheduled_jo..., kwargs={'job_type': 'frappe.utils.global_search.sync_global_search', 'scheduled_jo..., method='frappe.core.doctype.scheduled_job_type.scheduled_job_type.run_scheduled_jo..., site='books.localhost', user='Administrator') job in 0:00:00.464132s on worker f1af22a7e72047aba15e1fa2779045e2
2026-10-03 13:48:05,389 workspaces-Desk-books-bench:default: Job OK (books.localhost||scheduled_job||tvfvi05ulh)
2026-10-03 13:48:05,389 Result is kept for 600 seconds
2026-10-03 13:48:05,399 workspaces-Desk-books-bench:default: frappe.utils.background_jobs.execute_job(event=None, is_async=True, job_name='frappe.core.doctype.scheduled_job_type.scheduled_job_type.run_scheduled_jo..., kwargs={'job_type': 'frappe.integrations.doctype.webhook.webhook.retry_failed_webh..., method='frappe.core.doctype.scheduled_job_type.scheduled_job_type.run_scheduled_jo..., site='books.localhost', user='Administrator') (books.localhost||scheduled_job||tvfn6bf8cs)
2026-10-03 13:48:05,863 Successfully completed frappe.utils.background_jobs.execute_job(event=None, is_async=True, job_name='frappe.core.doctype.scheduled_job_type.scheduled_job_type.run_scheduled_jo..., kwargs={'job_type': 'frappe.integrations.doctype.webhook.webhook.retry_failed_webh..., method='frappe.core.doctype.scheduled_job_type.scheduled_job_type.run_scheduled_jo..., site='books.localhost', user='Administrator') job in 0:00:00.455737s on worker f1af22a7e72047aba15e1fa2779045e2
2026-10-03 13:48:05,863 workspaces-Desk-books-bench:default: Job OK (books.localhost||scheduled_job||tvfn6bf8cs)
2026-10-03 13:48:05,863 Result is kept for 600 seconds
2026-10-03 13:48:05,872 workspaces-Desk-books-bench:default: frappe.utils.background_jobs.execute_job(event=None, is_async=True, job_name='frappe.core.doctype.scheduled_job_type.scheduled_job_type.run_scheduled_jo..., kwargs={'job_type': 'frappe.automation_engine.scheduler.process_cron', 'scheduled_..., method='frappe.core.doctype.scheduled_job_type.scheduled_job_type.run_scheduled_jo..., site='books.localhost', user='Administrator') (books.localhost||scheduled_job||tvfork1f3p)
2026-10-03 13:48:06,474 Successfully completed frappe.utils.background_jobs.execute_job(event=None, is_async=True, job_name='frappe.core.doctype.scheduled_job_type.scheduled_job_type.run_scheduled_jo..., kwargs={'job_type': 'frappe.automation_engine.scheduler.process_cron', 'scheduled_..., method='frappe.core.doctype.scheduled_job_type.scheduled_job_type.run_scheduled_jo..., site='books.localhost', user='Administrator') job in 0:00:00.594084s on worker f1af22a7e72047aba15e1fa2779045e2
2026-10-03 13:48:06,475 workspaces-Desk-books-bench:default: Job OK (books.localhost||scheduled_job||tvfork1f3p)
2026-10-03 13:48:06,476 Result is kept for 600 seconds
2026-10-03 13:48:06,486 workspaces-Desk-books-bench:default: frappe.utils.background_jobs.execute_job(event=None, is_async=True, job_name='frappe.core.doctype.scheduled_job_type.scheduled_job_type.run_scheduled_jo..., kwargs={'job_type': 'frappe.monitor.flush', 'scheduled_job_type': 'tvg3grmu87'}, method='frappe.core.doctype.scheduled_job_type.scheduled_job_type.run_scheduled_jo..., site='books.localhost', user='Administrator') (books.localhost||scheduled_job||tvg3grmu87)
2026-10-03 13:48:07,043 Successfully completed frappe.utils.background_jobs.execute_job(event=None, is_async=True, job_name='frappe.core.doctype.scheduled_job_type.scheduled_job_type.run_scheduled_jo..., kwargs={'job_type': 'frappe.monitor.flush', 'scheduled_job_type': 'tvg3grmu87'}, method='frappe.core.doctype.scheduled_job_type.scheduled_job_type.run_scheduled_jo..., site='books.localhost', user='Administrator') job in 0:00:00.549892s on worker f1af22a7e72047aba15e1fa2779045e2
2026-10-03 13:48:07,044 workspaces-Desk-books-bench:default: Job OK (books.localhost||scheduled_job||tvg3grmu87)
2026-10-03 13:48:07,044 Result is kept for 600 seconds
2026-10-03 13:48:07,054 workspaces-Desk-books-bench:default: frappe.utils.background_jobs.execute_job(event=None, is_async=True, job_name='frappe.core.doctype.scheduled_job_type.scheduled_job_type.run_scheduled_jo..., kwargs={'job_type': 'frappe.email.queue.flush', 'scheduled_job_type': 'tvgd72bons'..., method='frappe.core.doctype.scheduled_job_type.scheduled_job_type.run_scheduled_jo..., site='books.localhost', user='Administrator') (books.localhost||scheduled_job||tvgd72bons)
2026-10-03 13:48:07,676 Successfully completed frappe.utils.background_jobs.execute_job(event=None, is_async=True, job_name='frappe.core.doctype.scheduled_job_type.scheduled_job_type.run_scheduled_jo..., kwargs={'job_type': 'frappe.email.queue.flush', 'scheduled_job_type': 'tvgd72bons'..., method='frappe.core.doctype.scheduled_job_type.scheduled_job_type.run_scheduled_jo..., site='books.localhost', user='Administrator') job in 0:00:00.615133s on worker f1af22a7e72047aba15e1fa2779045e2
2026-10-03 13:48:07,678 workspaces-Desk-books-bench:default: Job OK (books.localhost||scheduled_job||tvgd72bons)
2026-10-03 13:48:07,678 Result is kept for 600 seconds
2026-10-03 13:48:07,687 workspaces-Desk-books-bench:default: frappe.utils.background_jobs.execute_job(event=None, is_async=True, job_name='frappe.core.doctype.scheduled_job_type.scheduled_job_type.run_scheduled_jo..., kwargs={'job_type': 'frappe.search.sqlite_search.index_docs_in_queue', 'scheduled_..., method='frappe.core.doctype.scheduled_job_type.scheduled_job_type.run_scheduled_jo..., site='books.localhost', user='Administrator') (books.localhost||scheduled_job||tvfskgtqqi)
2026-10-03 13:48:08,180 Successfully completed frappe.utils.background_jobs.execute_job(event=None, is_async=True, job_name='frappe.core.doctype.scheduled_job_type.scheduled_job_type.run_scheduled_jo..., kwargs={'job_type': 'frappe.search.sqlite_search.index_docs_in_queue', 'scheduled_..., method='frappe.core.doctype.scheduled_job_type.scheduled_job_type.run_scheduled_jo..., site='books.localhost', user='Administrator') job in 0:00:00.483141s on worker f1af22a7e72047aba15e1fa2779045e2
2026-10-03 13:48:08,182 workspaces-Desk-books-bench:default: Job OK (books.localhost||scheduled_job||tvfskgtqqi)
2026-10-03 13:48:08,182 Result is kept for 600 seconds
2026-10-03 13:48:08,193 workspaces-Desk-books-bench:default: frappe.utils.background_jobs.execute_job(event=None, is_async=True, job_name='frappe.core.doctype.scheduled_job_type.scheduled_job_type.run_scheduled_jo..., kwargs={'job_type': 'frappe.email.doctype.notification.notification.trigger_offset..., method='frappe.core.doctype.scheduled_job_type.scheduled_job_type.run_scheduled_jo..., site='books.localhost', user='Administrator') (books.localhost||scheduled_job||tvfkfghgup)
2026-10-03 13:48:08,848 Successfully completed frappe.utils.background_jobs.execute_job(event=None, is_async=True, job_name='frappe.core.doctype.scheduled_job_type.scheduled_job_type.run_scheduled_jo..., kwargs={'job_type': 'frappe.email.doctype.notification.notification.trigger_offset..., method='frappe.core.doctype.scheduled_job_type.scheduled_job_type.run_scheduled_jo..., site='books.localhost', user='Administrator') job in 0:00:00.644493s on worker f1af22a7e72047aba15e1fa2779045e2
2026-10-03 13:48:08,849 workspaces-Desk-books-bench:default: Job OK (books.localhost||scheduled_job||tvfkfghgup)
2026-10-03 13:48:08,849 Result is kept for 600 seconds
2026-10-03 13:52:00,793 workspaces-Desk-books-bench:default: frappe.utils.background_jobs.execute_job(event=None, is_async=True, job_name='frappe.core.doctype.scheduled_job_type.scheduled_job_type.run_scheduled_jo..., kwargs={'job_type': 'frappe.automation_engine.drainer.drain_due', 'scheduled_job_t..., method='frappe.core.doctype.scheduled_job_type.scheduled_job_type.run_scheduled_jo..., site='books.localhost', user='Administrator') (books.localhost||scheduled_job||tvft3lmo5a)
2026-10-03 13:52:01,310 Successfully completed frappe.utils.background_jobs.execute_job(event=None, is_async=True, job_name='frappe.core.doctype.scheduled_job_type.scheduled_job_type.run_scheduled_jo..., kwargs={'job_type': 'frappe.automation_engine.drainer.drain_due', 'scheduled_job_t..., method='frappe.core.doctype.scheduled_job_type.scheduled_job_type.run_scheduled_jo..., site='books.localhost', user='Administrator') job in 0:00:00.505799s on worker f1af22a7e72047aba15e1fa2779045e2
2026-10-03 13:52:01,311 workspaces-Desk-books-bench:default: Job OK (books.localhost||scheduled_job||tvft3lmo5a)
2026-10-03 13:52:01,311 Result is kept for 600 seconds
2026-10-03 13:52:01,320 Worker f1af22a7e72047aba15e1fa2779045e2: cleaning registries for queue: workspaces-Desk-books-bench:short
2026-10-03 13:52:01,322 Worker f1af22a7e72047aba15e1fa2779045e2: cleaning registries for queue: workspaces-Desk-books-bench:default
2026-10-03 13:52:01,324 Worker f1af22a7e72047aba15e1fa2779045e2: cleaning registries for queue: workspaces-Desk-books-bench:long
2026-10-03 13:52:01,326 workspaces-Desk-books-bench:default: frappe.utils.background_jobs.execute_job(event=None, is_async=True, job_name='frappe.core.doctype.scheduled_job_type.scheduled_job_type.run_scheduled_jo..., kwargs={'job_type': 'frappe.email.doctype.notification.notification.trigger_offset..., method='frappe.core.doctype.scheduled_job_type.scheduled_job_type.run_scheduled_jo..., site='books.localhost', user='Administrator') (books.localhost||scheduled_job||tvfkfghgup)
2026-10-03 13:52:01,936 Successfully completed frappe.utils.background_jobs.execute_job(event=None, is_async=True, job_name='frappe.core.doctype.scheduled_job_type.scheduled_job_type.run_scheduled_jo..., kwargs={'job_type': 'frappe.email.doctype.notification.notification.trigger_offset..., method='frappe.core.doctype.scheduled_job_type.scheduled_job_type.run_scheduled_jo..., site='books.localhost', user='Administrator') job in 0:00:00.601507s on worker f1af22a7e72047aba15e1fa2779045e2
2026-10-03 13:52:01,937 workspaces-Desk-books-bench:default: Job OK (books.localhost||scheduled_job||tvfkfghgup)
2026-10-03 13:52:01,938 Result is kept for 600 seconds
2026-10-03 13:52:01,951 workspaces-Desk-books-bench:default: frappe.utils.background_jobs.execute_job(event=None, is_async=True, job_name='frappe.core.doctype.scheduled_job_type.scheduled_job_type.run_scheduled_jo..., kwargs={'job_type': 'frappe.integrations.doctype.google_calendar.google_calendar.s..., method='frappe.core.doctype.scheduled_job_type.scheduled_job_type.run_scheduled_jo..., site='books.localhost', user='Administrator') (books.localhost||scheduled_job||tvgsq68nbr)
2026-10-03 13:52:02,442 Successfully completed frappe.utils.background_jobs.execute_job(event=None, is_async=True, job_name='frappe.core.doctype.scheduled_job_type.scheduled_job_type.run_scheduled_jo..., kwargs={'job_type': 'frappe.integrations.doctype.google_calendar.google_calendar.s..., method='frappe.core.doctype.scheduled_job_type.scheduled_job_type.run_scheduled_jo..., site='books.localhost', user='Administrator') job in 0:00:00.476548s on worker f1af22a7e72047aba15e1fa2779045e2
2026-10-03 13:52:02,443 workspaces-Desk-books-bench:default: Job OK (books.localhost||scheduled_job||tvgsq68nbr)
2026-10-03 13:52:02,443 Result is kept for 600 seconds
2026-10-03 13:52:02,453 workspaces-Desk-books-bench:default: frappe.utils.background_jobs.execute_job(event=None, is_async=True, job_name='frappe.core.doctype.scheduled_job_type.scheduled_job_type.run_scheduled_jo..., kwargs={'job_type': 'frappe.search.sqlite_search.index_docs_in_queue', 'scheduled_..., method='frappe.core.doctype.scheduled_job_type.scheduled_job_type.run_scheduled_jo..., site='books.localhost', user='Administrator') (books.localhost||scheduled_job||tvfskgtqqi)
2026-10-03 13:52:02,922 Successfully completed frappe.utils.background_jobs.execute_job(event=None, is_async=True, job_name='frappe.core.doctype.scheduled_job_type.scheduled_job_type.run_scheduled_jo..., kwargs={'job_type': 'frappe.search.sqlite_search.index_docs_in_queue', 'scheduled_..., method='frappe.core.doctype.scheduled_job_type.scheduled_job_type.run_scheduled_jo..., site='books.localhost', user='Administrator') job in 0:00:00.462013s on worker f1af22a7e72047aba15e1fa2779045e2
2026-10-03 13:52:02,922 workspaces-Desk-books-bench:default: Job OK (books.localhost||scheduled_job||tvfskgtqqi)
2026-10-03 13:52:02,922 Result is kept for 600 seconds
2026-10-03 13:52:02,932 workspaces-Desk-books-bench:default: frappe.utils.background_jobs.execute_job(event=None, is_async=True, job_name='frappe.core.doctype.scheduled_job_type.scheduled_job_type.run_scheduled_jo..., kwargs={'job_type': 'frappe.monitor.flush', 'scheduled_job_type': 'tvg3grmu87'}, method='frappe.core.doctype.scheduled_job_type.scheduled_job_type.run_scheduled_jo..., site='books.localhost', user='Administrator') (books.localhost||scheduled_job||tvg3grmu87)
2026-10-03 13:52:03,483 Successfully completed frappe.utils.background_jobs.execute_job(event=None, is_async=True, job_name='frappe.core.doctype.scheduled_job_type.scheduled_job_type.run_scheduled_jo..., kwargs={'job_type': 'frappe.monitor.flush', 'scheduled_job_type': 'tvg3grmu87'}, method='frappe.core.doctype.scheduled_job_type.scheduled_job_type.run_scheduled_jo..., site='books.localhost', user='Administrator') job in 0:00:00.543876s on worker f1af22a7e72047aba15e1fa2779045e2
2026-10-03 13:52:03,483 workspaces-Desk-books-bench:default: Job OK (books.localhost||scheduled_job||tvg3grmu87)
2026-10-03 13:52:03,483 Result is kept for 600 seconds
2026-10-03 13:52:03,494 workspaces-Desk-books-bench:default: frappe.utils.background_jobs.execute_job(event=None, is_async=True, job_name='frappe.core.doctype.scheduled_job_type.scheduled_job_type.run_scheduled_jo..., kwargs={'job_type': 'frappe.integrations.doctype.webhook.webhook.retry_failed_webh..., method='frappe.core.doctype.scheduled_job_type.scheduled_job_type.run_scheduled_jo..., site='books.localhost', user='Administrator') (books.localhost||scheduled_job||tvfn6bf8cs)
2026-10-03 13:52:04,009 Successfully completed frappe.utils.background_jobs.execute_job(event=None, is_async=True, job_name='frappe.core.doctype.scheduled_job_type.scheduled_job_type.run_scheduled_jo..., kwargs={'job_type': 'frappe.integrations.doctype.webhook.webhook.retry_failed_webh..., method='frappe.core.doctype.scheduled_job_type.scheduled_job_type.run_scheduled_jo..., site='books.localhost', user='Administrator') job in 0:00:00.505531s on worker f1af22a7e72047aba15e1fa2779045e2
2026-10-03 13:52:04,010 workspaces-Desk-books-bench:default: Job OK (books.localhost||scheduled_job||tvfn6bf8cs)
2026-10-03 13:52:04,011 Result is kept for 600 seconds
2026-10-03 13:52:04,020 workspaces-Desk-books-bench:default: frappe.utils.background_jobs.execute_job(event=None, is_async=True, job_name='frappe.core.doctype.scheduled_job_type.scheduled_job_type.run_scheduled_jo..., kwargs={'job_type': 'frappe.automation_engine.scheduler.process_cron', 'scheduled_..., method='frappe.core.doctype.scheduled_job_type.scheduled_job_type.run_scheduled_jo..., site='books.localhost', user='Administrator') (books.localhost||scheduled_job||tvfork1f3p)
2026-10-03 13:52:04,484 Successfully completed frappe.utils.background_jobs.execute_job(event=None, is_async=True, job_name='frappe.core.doctype.scheduled_job_type.scheduled_job_type.run_scheduled_jo..., kwargs={'job_type': 'frappe.automation_engine.scheduler.process_cron', 'scheduled_..., method='frappe.core.doctype.scheduled_job_type.scheduled_job_type.run_scheduled_jo..., site='books.localhost', user='Administrator') job in 0:00:00.457437s on worker f1af22a7e72047aba15e1fa2779045e2
2026-10-03 13:52:04,485 workspaces-Desk-books-bench:default: Job OK (books.localhost||scheduled_job||tvfork1f3p)
2026-10-03 13:52:04,485 Result is kept for 600 seconds
2026-10-03 13:52:04,495 workspaces-Desk-books-bench:default: frappe.utils.background_jobs.execute_job(event=None, is_async=True, job_name='frappe.core.doctype.scheduled_job_type.scheduled_job_type.run_scheduled_jo..., kwargs={'job_type': 'frappe.email.queue.retry_sending_emails', 'scheduled_job_type..., method='frappe.core.doctype.scheduled_job_type.scheduled_job_type.run_scheduled_jo..., site='books.localhost', user='Administrator') (books.localhost||scheduled_job||tvgunpisoh)
2026-10-03 13:52:04,978 Successfully completed frappe.utils.background_jobs.execute_job(event=None, is_async=True, job_name='frappe.core.doctype.scheduled_job_type.scheduled_job_type.run_scheduled_jo..., kwargs={'job_type': 'frappe.email.queue.retry_sending_emails', 'scheduled_job_type..., method='frappe.core.doctype.scheduled_job_type.scheduled_job_type.run_scheduled_jo..., site='books.localhost', user='Administrator') job in 0:00:00.474069s on worker f1af22a7e72047aba15e1fa2779045e2
2026-10-03 13:52:04,978 workspaces-Desk-books-bench:default: Job OK (books.localhost||scheduled_job||tvgunpisoh)
2026-10-03 13:52:04,978 Result is kept for 600 seconds
2026-10-03 13:52:04,987 workspaces-Desk-books-bench:default: frappe.utils.background_jobs.execute_job(event=None, is_async=True, job_name='frappe.core.doctype.scheduled_job_type.scheduled_job_type.run_scheduled_jo..., kwargs={'job_type': 'frappe.email.queue.flush', 'scheduled_job_type': 'tvgd72bons'..., method='frappe.core.doctype.scheduled_job_type.scheduled_job_type.run_scheduled_jo..., site='books.localhost', user='Administrator') (books.localhost||scheduled_job||tvgd72bons)
2026-10-03 13:52:05,464 Successfully completed frappe.utils.background_jobs.execute_job(event=None, is_async=True, job_name='frappe.core.doctype.scheduled_job_type.scheduled_job_type.run_scheduled_jo..., kwargs={'job_type': 'frappe.email.queue.flush', 'scheduled_job_type': 'tvgd72bons'..., method='frappe.core.doctype.scheduled_job_type.scheduled_job_type.run_scheduled_jo..., site='books.localhost', user='Administrator') job in 0:00:00.469723s on worker f1af22a7e72047aba15e1fa2779045e2
2026-10-03 13:52:05,464 workspaces-Desk-books-bench:default: Job OK (books.localhost||scheduled_job||tvgd72bons)
2026-10-03 13:52:05,464 Result is kept for 600 seconds
2026-10-03 13:52:05,474 workspaces-Desk-books-bench:default: frappe.utils.background_jobs.execute_job(event=None, is_async=True, job_name='frappe.core.doctype.scheduled_job_type.scheduled_job_type.run_scheduled_jo..., kwargs={'job_type': 'frappe.email.doctype.email_account.email_account.pull', 'sche..., method='frappe.core.doctype.scheduled_job_type.scheduled_job_type.run_scheduled_jo..., site='books.localhost', user='Administrator') (books.localhost||scheduled_job||tvf6eii5c1)
2026-10-03 13:52:06,126 Successfully completed frappe.utils.background_jobs.execute_job(event=None, is_async=True, job_name='frappe.core.doctype.scheduled_job_type.scheduled_job_type.run_scheduled_jo..., kwargs={'job_type': 'frappe.email.doctype.email_account.email_account.pull', 'sche..., method='frappe.core.doctype.scheduled_job_type.scheduled_job_type.run_scheduled_jo..., site='books.localhost', user='Administrator') job in 0:00:00.644048s on worker f1af22a7e72047aba15e1fa2779045e2
2026-10-03 13:52:06,127 workspaces-Desk-books-bench:default: Job OK (books.localhost||scheduled_job||tvf6eii5c1)
2026-10-03 13:52:06,127 Result is kept for 600 seconds
2026-10-03 13:56:00,829 workspaces-Desk-books-bench:default: frappe.utils.background_jobs.execute_job(event=None, is_async=True, job_name='frappe.core.doctype.scheduled_job_type.scheduled_job_type.run_scheduled_jo..., kwargs={'job_type': 'frappe.email.queue.flush', 'scheduled_job_type': 'tvgd72bons'..., method='frappe.core.doctype.scheduled_job_type.scheduled_job_type.run_scheduled_jo..., site='books.localhost', user='Administrator') (books.localhost||scheduled_job||tvgd72bons)
2026-10-03 13:56:01,393 Successfully completed frappe.utils.background_jobs.execute_job(event=None, is_async=True, job_name='frappe.core.doctype.scheduled_job_type.scheduled_job_type.run_scheduled_jo..., kwargs={'job_type': 'frappe.email.queue.flush', 'scheduled_job_type': 'tvgd72bons'..., method='frappe.core.doctype.scheduled_job_type.scheduled_job_type.run_scheduled_jo..., site='books.localhost', user='Administrator') job in 0:00:00.548202s on worker f1af22a7e72047aba15e1fa2779045e2
2026-10-03 13:56:01,394 workspaces-Desk-books-bench:default: Job OK (books.localhost||scheduled_job||tvgd72bons)
2026-10-03 13:56:01,394 Result is kept for 600 seconds
2026-10-03 13:56:01,404 workspaces-Desk-books-bench:default: frappe.utils.background_jobs.execute_job(event=None, is_async=True, job_name='frappe.core.doctype.scheduled_job_type.scheduled_job_type.run_scheduled_jo..., kwargs={'job_type': 'frappe.automation_engine.scheduler.process_cron', 'scheduled_..., method='frappe.core.doctype.scheduled_job_type.scheduled_job_type.run_scheduled_jo..., site='books.localhost', user='Administrator') (books.localhost||scheduled_job||tvfork1f3p)
2026-10-03 13:56:01,939 Successfully completed frappe.utils.background_jobs.execute_job(event=None, is_async=True, job_name='frappe.core.doctype.scheduled_job_type.scheduled_job_type.run_scheduled_jo..., kwargs={'job_type': 'frappe.automation_engine.scheduler.process_cron', 'scheduled_..., method='frappe.core.doctype.scheduled_job_type.scheduled_job_type.run_scheduled_jo..., site='books.localhost', user='Administrator') job in 0:00:00.527972s on worker f1af22a7e72047aba15e1fa2779045e2
2026-10-03 13:56:01,939 workspaces-Desk-books-bench:default: Job OK (books.localhost||scheduled_job||tvfork1f3p)
2026-10-03 13:56:01,939 Result is kept for 600 seconds
2026-10-03 13:56:01,949 workspaces-Desk-books-bench:default: frappe.utils.background_jobs.execute_job(event=None, is_async=True, job_name='frappe.core.doctype.scheduled_job_type.scheduled_job_type.run_scheduled_jo..., kwargs={'job_type': 'frappe.monitor.flush', 'scheduled_job_type': 'tvg3grmu87'}, method='frappe.core.doctype.scheduled_job_type.scheduled_job_type.run_scheduled_jo..., site='books.localhost', user='Administrator') (books.localhost||scheduled_job||tvg3grmu87)
2026-10-03 13:56:02,430 Successfully completed frappe.utils.background_jobs.execute_job(event=None, is_async=True, job_name='frappe.core.doctype.scheduled_job_type.scheduled_job_type.run_scheduled_jo..., kwargs={'job_type': 'frappe.monitor.flush', 'scheduled_job_type': 'tvg3grmu87'}, method='frappe.core.doctype.scheduled_job_type.scheduled_job_type.run_scheduled_jo..., site='books.localhost', user='Administrator') job in 0:00:00.471604s on worker f1af22a7e72047aba15e1fa2779045e2
2026-10-03 13:56:02,430 workspaces-Desk-books-bench:default: Job OK (books.localhost||scheduled_job||tvg3grmu87)
2026-10-03 13:56:02,430 Result is kept for 600 seconds
2026-10-03 13:56:02,439 workspaces-Desk-books-bench:default: frappe.utils.background_jobs.execute_job(event=None, is_async=True, job_name='frappe.core.doctype.scheduled_job_type.scheduled_job_type.run_scheduled_jo..., kwargs={'job_type': 'frappe.integrations.doctype.google_calendar.google_calendar.s..., method='frappe.core.doctype.scheduled_job_type.scheduled_job_type.run_scheduled_jo..., site='books.localhost', user='Administrator') (books.localhost||scheduled_job||tvgsq68nbr)
2026-10-03 13:56:02,947 Successfully completed frappe.utils.background_jobs.execute_job(event=None, is_async=True, job_name='frappe.core.doctype.scheduled_job_type.scheduled_job_type.run_scheduled_jo..., kwargs={'job_type': 'frappe.integrations.doctype.google_calendar.google_calendar.s..., method='frappe.core.doctype.scheduled_job_type.scheduled_job_type.run_scheduled_jo..., site='books.localhost', user='Administrator') job in 0:00:00.500226s on worker f1af22a7e72047aba15e1fa2779045e2
2026-10-03 13:56:02,948 workspaces-Desk-books-bench:default: Job OK (books.localhost||scheduled_job||tvgsq68nbr)
2026-10-03 13:56:02,948 Result is kept for 600 seconds
2026-10-03 13:56:02,957 workspaces-Desk-books-bench:default: frappe.utils.background_jobs.execute_job(event=None, is_async=True, job_name='frappe.core.doctype.scheduled_job_type.scheduled_job_type.run_scheduled_jo..., kwargs={'job_type': 'frappe.email.queue.retry_sending_emails', 'scheduled_job_type..., method='frappe.core.doctype.scheduled_job_type.scheduled_job_type.run_scheduled_jo..., site='books.localhost', user='Administrator') (books.localhost||scheduled_job||tvgunpisoh)
2026-10-03 13:56:03,447 Successfully completed frappe.utils.background_jobs.execute_job(event=None, is_async=True, job_name='frappe.core.doctype.scheduled_job_type.scheduled_job_type.run_scheduled_jo..., kwargs={'job_type': 'frappe.email.queue.retry_sending_emails', 'scheduled_job_type..., method='frappe.core.doctype.scheduled_job_type.scheduled_job_type.run_scheduled_jo..., site='books.localhost', user='Administrator') job in 0:00:00.481650s on worker f1af22a7e72047aba15e1fa2779045e2
2026-10-03 13:56:03,447 workspaces-Desk-books-bench:default: Job OK (books.localhost||scheduled_job||tvgunpisoh)
2026-10-03 13:56:03,448 Result is kept for 600 seconds
2026-10-03 13:56:03,457 workspaces-Desk-books-bench:default: frappe.utils.background_jobs.execute_job(event=None, is_async=True, job_name='frappe.core.doctype.scheduled_job_type.scheduled_job_type.run_scheduled_jo..., kwargs={'job_type': 'frappe.automation_engine.drainer.drain_due', 'scheduled_job_t..., method='frappe.core.doctype.scheduled_job_type.scheduled_job_type.run_scheduled_jo..., site='books.localhost', user='Administrator') (books.localhost||scheduled_job||tvft3lmo5a)
2026-10-03 13:56:03,966 Successfully completed frappe.utils.background_jobs.execute_job(event=None, is_async=True, job_name='frappe.core.doctype.scheduled_job_type.scheduled_job_type.run_scheduled_jo..., kwargs={'job_type': 'frappe.automation_engine.drainer.drain_due', 'scheduled_job_t..., method='frappe.core.doctype.scheduled_job_type.scheduled_job_type.run_scheduled_jo..., site='books.localhost', user='Administrator') job in 0:00:00.502063s on worker f1af22a7e72047aba15e1fa2779045e2
2026-10-03 13:56:03,966 workspaces-Desk-books-bench:default: Job OK (books.localhost||scheduled_job||tvft3lmo5a)
2026-10-03 13:56:03,966 Result is kept for 600 seconds
2026-10-03 13:56:03,975 workspaces-Desk-books-bench:default: frappe.utils.background_jobs.execute_job(event=None, is_async=True, job_name='frappe.core.doctype.scheduled_job_type.scheduled_job_type.run_scheduled_jo..., kwargs={'job_type': 'frappe.email.doctype.notification.notification.trigger_offset..., method='frappe.core.doctype.scheduled_job_type.scheduled_job_type.run_scheduled_jo..., site='books.localhost', user='Administrator') (books.localhost||scheduled_job||tvfkfghgup)
2026-10-03 13:56:04,440 Successfully completed frappe.utils.background_jobs.execute_job(event=None, is_async=True, job_name='frappe.core.doctype.scheduled_job_type.scheduled_job_type.run_scheduled_jo..., kwargs={'job_type': 'frappe.email.doctype.notification.notification.trigger_offset..., method='frappe.core.doctype.scheduled_job_type.scheduled_job_type.run_scheduled_jo..., site='books.localhost', user='Administrator') job in 0:00:00.457362s on worker f1af22a7e72047aba15e1fa2779045e2
2026-10-03 13:56:04,440 workspaces-Desk-books-bench:default: Job OK (books.localhost||scheduled_job||tvfkfghgup)
2026-10-03 13:56:04,441 Result is kept for 600 seconds
2026-10-03 13:56:04,450 workspaces-Desk-books-bench:default: frappe.utils.background_jobs.execute_job(event=None, is_async=True, job_name='frappe.core.doctype.scheduled_job_type.scheduled_job_type.run_scheduled_jo..., kwargs={'job_type': 'frappe.integrations.doctype.webhook.webhook.retry_failed_webh..., method='frappe.core.doctype.scheduled_job_type.scheduled_job_type.run_scheduled_jo..., site='books.localhost', user='Administrator') (books.localhost||scheduled_job||tvfn6bf8cs)
2026-10-03 13:56:04,963 Successfully completed frappe.utils.background_jobs.execute_job(event=None, is_async=True, job_name='frappe.core.doctype.scheduled_job_type.scheduled_job_type.run_scheduled_jo..., kwargs={'job_type': 'frappe.integrations.doctype.webhook.webhook.retry_failed_webh..., method='frappe.core.doctype.scheduled_job_type.scheduled_job_type.run_scheduled_jo..., site='books.localhost', user='Administrator') job in 0:00:00.506092s on worker f1af22a7e72047aba15e1fa2779045e2
2026-10-03 13:56:04,964 workspaces-Desk-books-bench:default: Job OK (books.localhost||scheduled_job||tvfn6bf8cs)
2026-10-03 13:56:04,964 Result is kept for 600 seconds
2026-10-03 13:56:04,973 workspaces-Desk-books-bench:default: frappe.utils.background_jobs.execute_job(event=None, is_async=True, job_name='frappe.core.doctype.scheduled_job_type.scheduled_job_type.run_scheduled_jo..., kwargs={'job_type': 'frappe.search.sqlite_search.index_docs_in_queue', 'scheduled_..., method='frappe.core.doctype.scheduled_job_type.scheduled_job_type.run_scheduled_jo..., site='books.localhost', user='Administrator') (books.localhost||scheduled_job||tvfskgtqqi)
2026-10-03 13:56:05,439 Successfully completed frappe.utils.background_jobs.execute_job(event=None, is_async=True, job_name='frappe.core.doctype.scheduled_job_type.scheduled_job_type.run_scheduled_jo..., kwargs={'job_type': 'frappe.search.sqlite_search.index_docs_in_queue', 'scheduled_..., method='frappe.core.doctype.scheduled_job_type.scheduled_job_type.run_scheduled_jo..., site='books.localhost', user='Administrator') job in 0:00:00.457852s on worker f1af22a7e72047aba15e1fa2779045e2
2026-10-03 13:56:05,440 workspaces-Desk-books-bench:default: Job OK (books.localhost||scheduled_job||tvfskgtqqi)
2026-10-03 13:56:05,440 Result is kept for 600 seconds
2026-10-03 14:00:00,874 workspaces-Desk-books-bench:default: frappe.utils.background_jobs.execute_job(event=None, is_async=True, job_name='frappe.core.doctype.scheduled_job_type.scheduled_job_type.run_scheduled_jo..., kwargs={'job_type': 'frappe.email.queue.flush', 'scheduled_job_type': 'tvgd72bons'..., method='frappe.core.doctype.scheduled_job_type.scheduled_job_type.run_scheduled_jo..., site='books.localhost', user='Administrator') (books.localhost||scheduled_job||tvgd72bons)
2026-10-03 14:00:01,447 Successfully completed frappe.utils.background_jobs.execute_job(event=None, is_async=True, job_name='frappe.core.doctype.scheduled_job_type.scheduled_job_type.run_scheduled_jo..., kwargs={'job_type': 'frappe.email.queue.flush', 'scheduled_job_type': 'tvgd72bons'..., method='frappe.core.doctype.scheduled_job_type.scheduled_job_type.run_scheduled_jo..., site='books.localhost', user='Administrator') job in 0:00:00.541930s on worker f1af22a7e72047aba15e1fa2779045e2
2026-10-03 14:00:01,447 workspaces-Desk-books-bench:default: Job OK (books.localhost||scheduled_job||tvgd72bons)
2026-10-03 14:00:01,447 Result is kept for 600 seconds
2026-10-03 14:00:01,458 workspaces-Desk-books-bench:default: frappe.utils.background_jobs.execute_job(event=None, is_async=True, job_name='frappe.core.doctype.scheduled_job_type.scheduled_job_type.run_scheduled_jo..., kwargs={'job_type': 'frappe.automation.doctype.reminder.reminder.send_reminders', ..., method='frappe.core.doctype.scheduled_job_type.scheduled_job_type.run_scheduled_jo..., site='books.localhost', user='Administrator') (books.localhost||scheduled_job||tvftau2n63)
2026-10-03 14:00:01,949 Successfully completed frappe.utils.background_jobs.execute_job(event=None, is_async=True, job_name='frappe.core.doctype.scheduled_job_type.scheduled_job_type.run_scheduled_jo..., kwargs={'job_type': 'frappe.automation.doctype.reminder.reminder.send_reminders', ..., method='frappe.core.doctype.scheduled_job_type.scheduled_job_type.run_scheduled_jo..., site='books.localhost', user='Administrator') job in 0:00:00.479065s on worker f1af22a7e72047aba15e1fa2779045e2
2026-10-03 14:00:01,949 workspaces-Desk-books-bench:default: Job OK (books.localhost||scheduled_job||tvftau2n63)
2026-10-03 14:00:01,950 Result is kept for 600 seconds
2026-10-03 14:00:01,959 workspaces-Desk-books-bench:default: frappe.utils.background_jobs.execute_job(event=None, is_async=True, job_name='frappe.core.doctype.scheduled_job_type.scheduled_job_type.run_scheduled_jo..., kwargs={'job_type': 'frappe.email.queue.retry_sending_emails', 'scheduled_job_type..., method='frappe.core.doctype.scheduled_job_type.scheduled_job_type.run_scheduled_jo..., site='books.localhost', user='Administrator') (books.localhost||scheduled_job||tvgunpisoh)
2026-10-03 14:00:02,529 Successfully completed frappe.utils.background_jobs.execute_job(event=None, is_async=True, job_name='frappe.core.doctype.scheduled_job_type.scheduled_job_type.run_scheduled_jo..., kwargs={'job_type': 'frappe.email.queue.retry_sending_emails', 'scheduled_job_type..., method='frappe.core.doctype.scheduled_job_type.scheduled_job_type.run_scheduled_jo..., site='books.localhost', user='Administrator') job in 0:00:00.562608s on worker f1af22a7e72047aba15e1fa2779045e2
2026-10-03 14:00:02,529 workspaces-Desk-books-bench:default: Job OK (books.localhost||scheduled_job||tvgunpisoh)
2026-10-03 14:00:02,529 Result is kept for 600 seconds
2026-10-03 14:00:02,539 workspaces-Desk-books-bench:default: frappe.utils.background_jobs.execute_job(event=None, is_async=True, job_name='frappe.core.doctype.scheduled_job_type.scheduled_job_type.run_scheduled_jo..., kwargs={'job_type': 'frappe.email.doctype.notification.notification.trigger_offset..., method='frappe.core.doctype.scheduled_job_type.scheduled_job_type.run_scheduled_jo..., site='books.localhost', user='Administrator') (books.localhost||scheduled_job||tvfkfghgup)
2026-10-03 14:00:03,065 Successfully completed frappe.utils.background_jobs.execute_job(event=None, is_async=True, job_name='frappe.core.doctype.scheduled_job_type.scheduled_job_type.run_scheduled_jo..., kwargs={'job_type': 'frappe.email.doctype.notification.notification.trigger_offset..., method='frappe.core.doctype.scheduled_job_type.scheduled_job_type.run_scheduled_jo..., site='books.localhost', user='Administrator') job in 0:00:00.510166s on worker f1af22a7e72047aba15e1fa2779045e2
2026-10-03 14:00:03,066 workspaces-Desk-books-bench:default: Job OK (books.localhost||scheduled_job||tvfkfghgup)
2026-10-03 14:00:03,066 Result is kept for 600 seconds
2026-10-03 14:00:03,076 workspaces-Desk-books-bench:default: frappe.utils.background_jobs.execute_job(event=None, is_async=True, job_name='frappe.core.doctype.scheduled_job_type.scheduled_job_type.run_scheduled_jo..., kwargs={'job_type': 'frappe.email.doctype.email_account.email_account.notify_unrep..., method='frappe.core.doctype.scheduled_job_type.scheduled_job_type.run_scheduled_jo..., site='books.localhost', user='Administrator') (books.localhost||scheduled_job||tvf744dvmr)
2026-10-03 14:00:03,549 Successfully completed frappe.utils.background_jobs.execute_job(event=None, is_async=True, job_name='frappe.core.doctype.scheduled_job_type.scheduled_job_type.run_scheduled_jo..., kwargs={'job_type': 'frappe.email.doctype.email_account.email_account.notify_unrep..., method='frappe.core.doctype.scheduled_job_type.scheduled_job_type.run_scheduled_jo..., site='books.localhost', user='Administrator') job in 0:00:00.465993s on worker f1af22a7e72047aba15e1fa2779045e2
2026-10-03 14:00:03,549 workspaces-Desk-books-bench:default: Job OK (books.localhost||scheduled_job||tvf744dvmr)
2026-10-03 14:00:03,549 Result is kept for 600 seconds
2026-10-03 14:00:03,559 workspaces-Desk-books-bench:default: frappe.utils.background_jobs.execute_job(event=None, is_async=True, job_name='frappe.core.doctype.scheduled_job_type.scheduled_job_type.run_scheduled_jo..., kwargs={'job_type': 'frappe.automation_engine.drainer.drain_due', 'scheduled_job_t..., method='frappe.core.doctype.scheduled_job_type.scheduled_job_type.run_scheduled_jo..., site='books.localhost', user='Administrator') (books.localhost||scheduled_job||tvft3lmo5a)
2026-10-03 14:00:04,078 Successfully completed frappe.utils.background_jobs.execute_job(event=None, is_async=True, job_name='frappe.core.doctype.scheduled_job_type.scheduled_job_type.run_scheduled_jo..., kwargs={'job_type': 'frappe.automation_engine.drainer.drain_due', 'scheduled_job_t..., method='frappe.core.doctype.scheduled_job_type.scheduled_job_type.run_scheduled_jo..., site='books.localhost', user='Administrator') job in 0:00:00.511766s on worker f1af22a7e72047aba15e1fa2779045e2
2026-10-03 14:00:04,078 workspaces-Desk-books-bench:default: Job OK (books.localhost||scheduled_job||tvft3lmo5a)
2026-10-03 14:00:04,078 Result is kept for 600 seconds
2026-10-03 14:00:04,088 workspaces-Desk-books-bench:default: frappe.utils.background_jobs.execute_job(event=None, is_async=True, job_name='frappe.core.doctype.scheduled_job_type.scheduled_job_type.run_scheduled_jo..., kwargs={'job_type': 'frappe.integrations.doctype.google_calendar.google_calendar.s..., method='frappe.core.doctype.scheduled_job_type.scheduled_job_type.run_scheduled_jo..., site='books.localhost', user='Administrator') (books.localhost||scheduled_job||tvgsq68nbr)
2026-10-03 14:00:04,561 Successfully completed frappe.utils.background_jobs.execute_job(event=None, is_async=True, job_name='frappe.core.doctype.scheduled_job_type.scheduled_job_type.run_scheduled_jo..., kwargs={'job_type': 'frappe.integrations.doctype.google_calendar.google_calendar.s..., method='frappe.core.doctype.scheduled_job_type.scheduled_job_type.run_scheduled_jo..., site='books.localhost', user='Administrator') job in 0:00:00.461500s on worker f1af22a7e72047aba15e1fa2779045e2
2026-10-03 14:00:04,561 workspaces-Desk-books-bench:default: Job OK (books.localhost||scheduled_job||tvgsq68nbr)
2026-10-03 14:00:04,561 Result is kept for 600 seconds
2026-10-03 14:00:04,572 workspaces-Desk-books-bench:default: frappe.utils.background_jobs.execute_job(event=None, is_async=True, job_name='frappe.core.doctype.scheduled_job_type.scheduled_job_type.run_scheduled_jo..., kwargs={'job_type': 'frappe.utils.telemetry.pulse.client.send_queued_events', 'sch..., method='frappe.core.doctype.scheduled_job_type.scheduled_job_type.run_scheduled_jo..., site='books.localhost', user='Administrator') (books.localhost||scheduled_job||tvfdg2svpd)
2026-10-03 14:00:05,162 Successfully completed frappe.utils.background_jobs.execute_job(event=None, is_async=True, job_name='frappe.core.doctype.scheduled_job_type.scheduled_job_type.run_scheduled_jo..., kwargs={'job_type': 'frappe.utils.telemetry.pulse.client.send_queued_events', 'sch..., method='frappe.core.doctype.scheduled_job_type.scheduled_job_type.run_scheduled_jo..., site='books.localhost', user='Administrator') job in 0:00:00.578943s on worker f1af22a7e72047aba15e1fa2779045e2
2026-10-03 14:00:05,163 workspaces-Desk-books-bench:default: Job OK (books.localhost||scheduled_job||tvfdg2svpd)
2026-10-03 14:00:05,164 Result is kept for 600 seconds
2026-10-03 14:00:05,173 workspaces-Desk-books-bench:default: frappe.utils.background_jobs.execute_job(event=None, is_async=True, job_name='frappe.core.doctype.scheduled_job_type.scheduled_job_type.run_scheduled_jo..., kwargs={'job_type': 'frappe.automation_engine.scheduler.process_date_based', 'sche..., method='frappe.core.doctype.scheduled_job_type.scheduled_job_type.run_scheduled_jo..., site='books.localhost', user='Administrator') (books.localhost||scheduled_job||tvgjpnjvhs)
2026-10-03 14:00:05,673 Successfully completed frappe.utils.background_jobs.execute_job(event=None, is_async=True, job_name='frappe.core.doctype.scheduled_job_type.scheduled_job_type.run_scheduled_jo..., kwargs={'job_type': 'frappe.automation_engine.scheduler.process_date_based', 'sche..., method='frappe.core.doctype.scheduled_job_type.scheduled_job_type.run_scheduled_jo..., site='books.localhost', user='Administrator') job in 0:00:00.491738s on worker f1af22a7e72047aba15e1fa2779045e2
2026-10-03 14:00:05,673 workspaces-Desk-books-bench:default: Job OK (books.localhost||scheduled_job||tvgjpnjvhs)
2026-10-03 14:00:05,673 Result is kept for 600 seconds
2026-10-03 14:00:05,690 workspaces-Desk-books-bench:default: frappe.utils.background_jobs.execute_job(event=None, is_async=True, job_name='frappe.core.doctype.scheduled_job_type.scheduled_job_type.run_scheduled_jo..., kwargs={'job_type': 'frappe.search.sqlite_search.index_docs_in_queue', 'scheduled_..., method='frappe.core.doctype.scheduled_job_type.scheduled_job_type.run_scheduled_jo..., site='books.localhost', user='Administrator') (books.localhost||scheduled_job||tvfskgtqqi)
2026-10-03 14:00:06,162 Successfully completed frappe.utils.background_jobs.execute_job(event=None, is_async=True, job_name='frappe.core.doctype.scheduled_job_type.scheduled_job_type.run_scheduled_jo..., kwargs={'job_type': 'frappe.search.sqlite_search.index_docs_in_queue', 'scheduled_..., method='frappe.core.doctype.scheduled_job_type.scheduled_job_type.run_scheduled_jo..., site='books.localhost', user='Administrator') job in 0:00:00.460628s on worker f1af22a7e72047aba15e1fa2779045e2
2026-10-03 14:00:06,163 workspaces-Desk-books-bench:default: Job OK (books.localhost||scheduled_job||tvfskgtqqi)
2026-10-03 14:00:06,163 Result is kept for 600 seconds
2026-10-03 14:00:06,172 workspaces-Desk-books-bench:default: frappe.utils.background_jobs.execute_job(event=None, is_async=True, job_name='frappe.core.doctype.scheduled_job_type.scheduled_job_type.run_scheduled_jo..., kwargs={'job_type': 'frappe.utils.global_search.sync_global_search', 'scheduled_jo..., method='frappe.core.doctype.scheduled_job_type.scheduled_job_type.run_scheduled_jo..., site='books.localhost', user='Administrator') (books.localhost||scheduled_job||tvfvi05ulh)
2026-10-03 14:00:06,622 Successfully completed frappe.utils.background_jobs.execute_job(event=None, is_async=True, job_name='frappe.core.doctype.scheduled_job_type.scheduled_job_type.run_scheduled_jo..., kwargs={'job_type': 'frappe.utils.global_search.sync_global_search', 'scheduled_jo..., method='frappe.core.doctype.scheduled_job_type.scheduled_job_type.run_scheduled_jo..., site='books.localhost', user='Administrator') job in 0:00:00.442388s on worker f1af22a7e72047aba15e1fa2779045e2
2026-10-03 14:00:06,622 workspaces-Desk-books-bench:default: Job OK (books.localhost||scheduled_job||tvfvi05ulh)
2026-10-03 14:00:06,622 Result is kept for 600 seconds
2026-10-03 14:00:06,631 workspaces-Desk-books-bench:default: frappe.utils.background_jobs.execute_job(event=None, is_async=True, job_name='frappe.core.doctype.scheduled_job_type.scheduled_job_type.run_scheduled_jo..., kwargs={'job_type': 'frappe.integrations.doctype.webhook.webhook.retry_failed_webh..., method='frappe.core.doctype.scheduled_job_type.scheduled_job_type.run_scheduled_jo..., site='books.localhost', user='Administrator') (books.localhost||scheduled_job||tvfn6bf8cs)
2026-10-03 14:00:07,151 Successfully completed frappe.utils.background_jobs.execute_job(event=None, is_async=True, job_name='frappe.core.doctype.scheduled_job_type.scheduled_job_type.run_scheduled_jo..., kwargs={'job_type': 'frappe.integrations.doctype.webhook.webhook.retry_failed_webh..., method='frappe.core.doctype.scheduled_job_type.scheduled_job_type.run_scheduled_jo..., site='books.localhost', user='Administrator') job in 0:00:00.512093s on worker f1af22a7e72047aba15e1fa2779045e2
2026-10-03 14:00:07,151 workspaces-Desk-books-bench:default: Job OK (books.localhost||scheduled_job||tvfn6bf8cs)
2026-10-03 14:00:07,151 Result is kept for 600 seconds
2026-10-03 14:00:07,160 workspaces-Desk-books-bench:default: frappe.utils.background_jobs.execute_job(event=None, is_async=True, job_name='frappe.core.doctype.scheduled_job_type.scheduled_job_type.run_scheduled_jo..., kwargs={'job_type': 'frappe.model.utils.link_count.update_link_count', 'scheduled_..., method='frappe.core.doctype.scheduled_job_type.scheduled_job_type.run_scheduled_jo..., site='books.localhost', user='Administrator') (books.localhost||scheduled_job||tvfuvg3m27)
2026-10-03 14:00:07,610 Successfully completed frappe.utils.background_jobs.execute_job(event=None, is_async=True, job_name='frappe.core.doctype.scheduled_job_type.scheduled_job_type.run_scheduled_jo..., kwargs={'job_type': 'frappe.model.utils.link_count.update_link_count', 'scheduled_..., method='frappe.core.doctype.scheduled_job_type.scheduled_job_type.run_scheduled_jo..., site='books.localhost', user='Administrator') job in 0:00:00.442034s on worker f1af22a7e72047aba15e1fa2779045e2
2026-10-03 14:00:07,611 workspaces-Desk-books-bench:default: Job OK (books.localhost||scheduled_job||tvfuvg3m27)
2026-10-03 14:00:07,611 Result is kept for 600 seconds
2026-10-03 14:00:07,620 workspaces-Desk-books-bench:default: frappe.utils.background_jobs.execute_job(event=None, is_async=True, job_name='frappe.core.doctype.scheduled_job_type.scheduled_job_type.run_scheduled_jo..., kwargs={'job_type': 'frappe.automation_engine.scheduler.process_cron', 'scheduled_..., method='frappe.core.doctype.scheduled_job_type.scheduled_job_type.run_scheduled_jo..., site='books.localhost', user='Administrator') (books.localhost||scheduled_job||tvfork1f3p)
2026-10-03 14:00:08,152 Successfully completed frappe.utils.background_jobs.execute_job(event=None, is_async=True, job_name='frappe.core.doctype.scheduled_job_type.scheduled_job_type.run_scheduled_jo..., kwargs={'job_type': 'frappe.automation_engine.scheduler.process_cron', 'scheduled_..., method='frappe.core.doctype.scheduled_job_type.scheduled_job_type.run_scheduled_jo..., site='books.localhost', user='Administrator') job in 0:00:00.520978s on worker f1af22a7e72047aba15e1fa2779045e2
2026-10-03 14:00:08,153 workspaces-Desk-books-bench:default: Job OK (books.localhost||scheduled_job||tvfork1f3p)
2026-10-03 14:00:08,155 Result is kept for 600 seconds
2026-10-03 14:00:08,166 workspaces-Desk-books-bench:default: frappe.utils.background_jobs.execute_job(event=None, is_async=True, job_name='frappe.core.doctype.scheduled_job_type.scheduled_job_type.run_scheduled_jo..., kwargs={'job_type': 'frappe.monitor.flush', 'scheduled_job_type': 'tvg3grmu87'}, method='frappe.core.doctype.scheduled_job_type.scheduled_job_type.run_scheduled_jo..., site='books.localhost', user='Administrator') (books.localhost||scheduled_job||tvg3grmu87)
2026-10-03 14:00:08,650 Successfully completed frappe.utils.background_jobs.execute_job(event=None, is_async=True, job_name='frappe.core.doctype.scheduled_job_type.scheduled_job_type.run_scheduled_jo..., kwargs={'job_type': 'frappe.monitor.flush', 'scheduled_job_type': 'tvg3grmu87'}, method='frappe.core.doctype.scheduled_job_type.scheduled_job_type.run_scheduled_jo..., site='books.localhost', user='Administrator') job in 0:00:00.475338s on worker f1af22a7e72047aba15e1fa2779045e2
2026-10-03 14:00:08,650 workspaces-Desk-books-bench:default: Job OK (books.localhost||scheduled_job||tvg3grmu87)
2026-10-03 14:00:08,651 Result is kept for 600 seconds
2026-10-03 14:00:08,660 workspaces-Desk-books-bench:default: frappe.utils.background_jobs.execute_job(event=None, is_async=True, job_name='frappe.core.doctype.scheduled_job_type.scheduled_job_type.run_scheduled_jo..., kwargs={'job_type': 'frappe.email.doctype.email_account.email_account.pull', 'sche..., method='frappe.core.doctype.scheduled_job_type.scheduled_job_type.run_scheduled_jo..., site='books.localhost', user='Administrator') (books.localhost||scheduled_job||tvf6eii5c1)
2026-10-03 14:00:09,335 Successfully completed frappe.utils.background_jobs.execute_job(event=None, is_async=True, job_name='frappe.core.doctype.scheduled_job_type.scheduled_job_type.run_scheduled_jo..., kwargs={'job_type': 'frappe.email.doctype.email_account.email_account.pull', 'sche..., method='frappe.core.doctype.scheduled_job_type.scheduled_job_type.run_scheduled_jo..., site='books.localhost', user='Administrator') job in 0:00:00.667906s on worker f1af22a7e72047aba15e1fa2779045e2
2026-10-03 14:00:09,337 workspaces-Desk-books-bench:default: Job OK (books.localhost||scheduled_job||tvf6eii5c1)
2026-10-03 14:00:09,337 Result is kept for 600 seconds
2026-10-03 14:00:09,347 workspaces-Desk-books-bench:default: frappe.utils.background_jobs.execute_job(event=None, is_async=True, job_name='frappe.core.doctype.scheduled_job_type.scheduled_job_type.run_scheduled_jo..., kwargs={'job_type': 'frappe.deferred_insert.save_to_db', 'scheduled_job_type': 'tv..., method='frappe.core.doctype.scheduled_job_type.scheduled_job_type.run_scheduled_jo..., site='books.localhost', user='Administrator') (books.localhost||scheduled_job||tvfo3fqaj8)
2026-10-03 14:00:09,798 Successfully completed frappe.utils.background_jobs.execute_job(event=None, is_async=True, job_name='frappe.core.doctype.scheduled_job_type.scheduled_job_type.run_scheduled_jo..., kwargs={'job_type': 'frappe.deferred_insert.save_to_db', 'scheduled_job_type': 'tv..., method='frappe.core.doctype.scheduled_job_type.scheduled_job_type.run_scheduled_jo..., site='books.localhost', user='Administrator') job in 0:00:00.443425s on worker f1af22a7e72047aba15e1fa2779045e2
2026-10-03 14:00:09,798 workspaces-Desk-books-bench:default: Job OK (books.localhost||scheduled_job||tvfo3fqaj8)
2026-10-03 14:00:09,799 Result is kept for 600 seconds
2026-10-03 14:00:09,807 workspaces-Desk-books-bench:long: frappe.utils.background_jobs.execute_job(event=None, is_async=True, job_name='frappe.core.doctype.scheduled_job_type.scheduled_job_type.run_scheduled_jo..., kwargs={'job_type': 'frappe.website.doctype.personal_data_deletion_request.persona..., method='frappe.core.doctype.scheduled_job_type.scheduled_job_type.run_scheduled_jo..., site='books.localhost', user='Administrator') (books.localhost||scheduled_job||tvgmdocdkk)
2026-10-03 14:00:10,404 Successfully completed frappe.utils.background_jobs.execute_job(event=None, is_async=True, job_name='frappe.core.doctype.scheduled_job_type.scheduled_job_type.run_scheduled_jo..., kwargs={'job_type': 'frappe.website.doctype.personal_data_deletion_request.persona..., method='frappe.core.doctype.scheduled_job_type.scheduled_job_type.run_scheduled_jo..., site='books.localhost', user='Administrator') job in 0:00:00.588527s on worker f1af22a7e72047aba15e1fa2779045e2
2026-10-03 14:00:10,405 workspaces-Desk-books-bench:long: Job OK (books.localhost||scheduled_job||tvgmdocdkk)
2026-10-03 14:00:10,405 Result is kept for 600 seconds
2026-10-03 14:00:10,414 workspaces-Desk-books-bench:long: frappe.utils.background_jobs.execute_job(event=None, is_async=True, job_name='frappe.core.doctype.scheduled_job_type.scheduled_job_type.run_scheduled_jo..., kwargs={'job_type': 'frappe.desk.utils.delete_old_exported_report_files', 'schedul..., method='frappe.core.doctype.scheduled_job_type.scheduled_job_type.run_scheduled_jo..., site='books.localhost', user='Administrator') (books.localhost||scheduled_job||tvgepb5rts)
2026-10-03 14:00:10,910 Successfully completed frappe.utils.background_jobs.execute_job(event=None, is_async=True, job_name='frappe.core.doctype.scheduled_job_type.scheduled_job_type.run_scheduled_jo..., kwargs={'job_type': 'frappe.desk.utils.delete_old_exported_report_files', 'schedul..., method='frappe.core.doctype.scheduled_job_type.scheduled_job_type.run_scheduled_jo..., site='books.localhost', user='Administrator') job in 0:00:00.487635s on worker f1af22a7e72047aba15e1fa2779045e2
2026-10-03 14:00:10,910 workspaces-Desk-books-bench:long: Job OK (books.localhost||scheduled_job||tvgepb5rts)
2026-10-03 14:00:10,910 Result is kept for 600 seconds
2026-10-03 14:00:10,920 workspaces-Desk-books-bench:long: frappe.utils.background_jobs.execute_job(event=None, is_async=True, job_name='frappe.core.doctype.scheduled_job_type.scheduled_job_type.run_scheduled_jo..., kwargs={'job_type': 'frappe.desk.page.backups.backups.delete_downloadable_backups'..., method='frappe.core.doctype.scheduled_job_type.scheduled_job_type.run_scheduled_jo..., site='books.localhost', user='Administrator') (books.localhost||scheduled_job||tvglsv9vc9)
2026-10-03 14:00:11,597 Successfully completed frappe.utils.background_jobs.execute_job(event=None, is_async=True, job_name='frappe.core.doctype.scheduled_job_type.scheduled_job_type.run_scheduled_jo..., kwargs={'job_type': 'frappe.desk.page.backups.backups.delete_downloadable_backups'..., method='frappe.core.doctype.scheduled_job_type.scheduled_job_type.run_scheduled_jo..., site='books.localhost', user='Administrator') job in 0:00:00.670343s on worker f1af22a7e72047aba15e1fa2779045e2
2026-10-03 14:00:11,597 workspaces-Desk-books-bench:long: Job OK (books.localhost||scheduled_job||tvglsv9vc9)
2026-10-03 14:00:11,597 Result is kept for 600 seconds
2026-10-03 14:00:11,607 workspaces-Desk-books-bench:long: frappe.utils.background_jobs.execute_job(event=None, is_async=True, job_name='frappe.core.doctype.scheduled_job_type.scheduled_job_type.run_scheduled_jo..., kwargs={'job_type': 'frappe.model.utils.user_settings.sync_user_settings', 'schedu..., method='frappe.core.doctype.scheduled_job_type.scheduled_job_type.run_scheduled_jo..., site='books.localhost', user='Administrator') (books.localhost||scheduled_job||tvgofd67up)
2026-10-03 14:00:12,107 Successfully completed frappe.utils.background_jobs.execute_job(event=None, is_async=True, job_name='frappe.core.doctype.scheduled_job_type.scheduled_job_type.run_scheduled_jo..., kwargs={'job_type': 'frappe.model.utils.user_settings.sync_user_settings', 'schedu..., method='frappe.core.doctype.scheduled_job_type.scheduled_job_type.run_scheduled_jo..., site='books.localhost', user='Administrator') job in 0:00:00.491557s on worker f1af22a7e72047aba15e1fa2779045e2
2026-10-03 14:00:12,107 workspaces-Desk-books-bench:long: Job OK (books.localhost||scheduled_job||tvgofd67up)
2026-10-03 14:00:12,107 Result is kept for 600 seconds
2026-10-03 14:00:12,117 workspaces-Desk-books-bench:long: frappe.utils.background_jobs.execute_job(event=None, is_async=True, job_name='frappe.core.doctype.scheduled_job_type.scheduled_job_type.run_scheduled_jo..., kwargs={'job_type': 'frappe.website.doctype.web_page.web_page.check_publish_status..., method='frappe.core.doctype.scheduled_job_type.scheduled_job_type.run_scheduled_jo..., site='books.localhost', user='Administrator') (books.localhost||scheduled_job||tvgdoar14l)
2026-10-03 14:00:12,640 Successfully completed frappe.utils.background_jobs.execute_job(event=None, is_async=True, job_name='frappe.core.doctype.scheduled_job_type.scheduled_job_type.run_scheduled_jo..., kwargs={'job_type': 'frappe.website.doctype.web_page.web_page.check_publish_status..., method='frappe.core.doctype.scheduled_job_type.scheduled_job_type.run_scheduled_jo..., site='books.localhost', user='Administrator') job in 0:00:00.514365s on worker f1af22a7e72047aba15e1fa2779045e2
2026-10-03 14:00:12,641 workspaces-Desk-books-bench:long: Job OK (books.localhost||scheduled_job||tvgdoar14l)
2026-10-03 14:00:12,641 Result is kept for 600 seconds
2026-10-03 14:00:12,650 workspaces-Desk-books-bench:long: frappe.utils.background_jobs.execute_job(event=None, is_async=True, job_name='frappe.core.doctype.scheduled_job_type.scheduled_job_type.run_scheduled_jo..., kwargs={'job_type': 'frappe.oauth.delete_oauth2_data', 'scheduled_job_type': 'tvgo..., method='frappe.core.doctype.scheduled_job_type.scheduled_job_type.run_scheduled_jo..., site='books.localhost', user='Administrator') (books.localhost||scheduled_job||tvgoktusp8)
2026-10-03 14:00:13,172 Successfully completed frappe.utils.background_jobs.execute_job(event=None, is_async=True, job_name='frappe.core.doctype.scheduled_job_type.scheduled_job_type.run_scheduled_jo..., kwargs={'job_type': 'frappe.oauth.delete_oauth2_data', 'scheduled_job_type': 'tvgo..., method='frappe.core.doctype.scheduled_job_type.scheduled_job_type.run_scheduled_jo..., site='books.localhost', user='Administrator') job in 0:00:00.514810s on worker f1af22a7e72047aba15e1fa2779045e2
2026-10-03 14:00:13,173 workspaces-Desk-books-bench:long: Job OK (books.localhost||scheduled_job||tvgoktusp8)
2026-10-03 14:00:13,174 Result is kept for 600 seconds
2026-10-03 14:00:13,183 workspaces-Desk-books-bench:long: frappe.utils.background_jobs.execute_job(event=None, is_async=True, job_name='frappe.core.doctype.scheduled_job_type.scheduled_job_type.run_scheduled_jo..., kwargs={'job_type': 'frappe.core.doctype.prepared_report.prepared_report.expire_st..., method='frappe.core.doctype.scheduled_job_type.scheduled_job_type.run_scheduled_jo..., site='books.localhost', user='Administrator') (books.localhost||scheduled_job||tvg8jplthl)
2026-10-03 14:00:13,794 Successfully completed frappe.utils.background_jobs.execute_job(event=None, is_async=True, job_name='frappe.core.doctype.scheduled_job_type.scheduled_job_type.run_scheduled_jo..., kwargs={'job_type': 'frappe.core.doctype.prepared_report.prepared_report.expire_st..., method='frappe.core.doctype.scheduled_job_type.scheduled_job_type.run_scheduled_jo..., site='books.localhost', user='Administrator') job in 0:00:00.603577s on worker f1af22a7e72047aba15e1fa2779045e2
2026-10-03 14:00:13,794 workspaces-Desk-books-bench:long: Job OK (books.localhost||scheduled_job||tvg8jplthl)
2026-10-03 14:00:13,794 Result is kept for 600 seconds
2026-10-03 14:00:13,804 workspaces-Desk-books-bench:long: frappe.utils.background_jobs.execute_job(event=None, is_async=True, job_name='frappe.core.doctype.scheduled_job_type.scheduled_job_type.run_scheduled_jo..., kwargs={'job_type': 'frappe.twofactor.delete_all_barcodes_for_users', 'scheduled_j..., method='frappe.core.doctype.scheduled_job_type.scheduled_job_type.run_scheduled_jo..., site='books.localhost', user='Administrator') (books.localhost||scheduled_job||tvgv7rqa4s)
2026-10-03 14:00:14,384 Successfully completed frappe.utils.background_jobs.execute_job(event=None, is_async=True, job_name='frappe.core.doctype.scheduled_job_type.scheduled_job_type.run_scheduled_jo..., kwargs={'job_type': 'frappe.twofactor.delete_all_barcodes_for_users', 'scheduled_j..., method='frappe.core.doctype.scheduled_job_type.scheduled_job_type.run_scheduled_jo..., site='books.localhost', user='Administrator') job in 0:00:00.573812s on worker f1af22a7e72047aba15e1fa2779045e2
2026-10-03 14:00:14,386 workspaces-Desk-books-bench:long: Job OK (books.localhost||scheduled_job||tvgv7rqa4s)
2026-10-03 14:00:14,387 Result is kept for 600 seconds
2026-10-03 14:00:14,397 workspaces-Desk-books-bench:long: frappe.utils.background_jobs.execute_job(event=None, is_async=True, job_name='frappe.core.doctype.scheduled_job_type.scheduled_job_type.run_scheduled_jo..., kwargs={'job_type': 'frappe.desk.form.document_follow.send_hourly_updates', 'sched..., method='frappe.core.doctype.scheduled_job_type.scheduled_job_type.run_scheduled_jo..., site='books.localhost', user='Administrator') (books.localhost||scheduled_job||tvgrsllvqc)
2026-10-03 14:00:14,885 Successfully completed frappe.utils.background_jobs.execute_job(event=None, is_async=True, job_name='frappe.core.doctype.scheduled_job_type.scheduled_job_type.run_scheduled_jo..., kwargs={'job_type': 'frappe.desk.form.document_follow.send_hourly_updates', 'sched..., method='frappe.core.doctype.scheduled_job_type.scheduled_job_type.run_scheduled_jo..., site='books.localhost', user='Administrator') job in 0:00:00.481023s on worker f1af22a7e72047aba15e1fa2779045e2
2026-10-03 14:00:14,885 workspaces-Desk-books-bench:long: Job OK (books.localhost||scheduled_job||tvgrsllvqc)
2026-10-03 14:00:14,886 Result is kept for 600 seconds
2026-10-03 14:04:00,950 workspaces-Desk-books-bench:default: frappe.utils.background_jobs.execute_job(event=None, is_async=True, job_name='frappe.core.doctype.scheduled_job_type.scheduled_job_type.run_scheduled_jo..., kwargs={'job_type': 'frappe.integrations.doctype.google_calendar.google_calendar.s..., method='frappe.core.doctype.scheduled_job_type.scheduled_job_type.run_scheduled_jo..., site='books.localhost', user='Administrator') (books.localhost||scheduled_job||tvgsq68nbr)
2026-10-03 14:04:01,430 Successfully completed frappe.utils.background_jobs.execute_job(event=None, is_async=True, job_name='frappe.core.doctype.scheduled_job_type.scheduled_job_type.run_scheduled_jo..., kwargs={'job_type': 'frappe.integrations.doctype.google_calendar.google_calendar.s..., method='frappe.core.doctype.scheduled_job_type.scheduled_job_type.run_scheduled_jo..., site='books.localhost', user='Administrator') job in 0:00:00.466254s on worker f1af22a7e72047aba15e1fa2779045e2
2026-10-03 14:04:01,431 workspaces-Desk-books-bench:default: Job OK (books.localhost||scheduled_job||tvgsq68nbr)
2026-10-03 14:04:01,431 Result is kept for 600 seconds
2026-10-03 14:04:01,440 Worker f1af22a7e72047aba15e1fa2779045e2: cleaning registries for queue: workspaces-Desk-books-bench:short
2026-10-03 14:04:01,442 Worker f1af22a7e72047aba15e1fa2779045e2: cleaning registries for queue: workspaces-Desk-books-bench:default
2026-10-03 14:04:01,443 Worker f1af22a7e72047aba15e1fa2779045e2: cleaning registries for queue: workspaces-Desk-books-bench:long
2026-10-03 14:04:01,446 workspaces-Desk-books-bench:default: frappe.utils.background_jobs.execute_job(event=None, is_async=True, job_name='frappe.core.doctype.scheduled_job_type.scheduled_job_type.run_scheduled_jo..., kwargs={'job_type': 'frappe.email.queue.retry_sending_emails', 'scheduled_job_type..., method='frappe.core.doctype.scheduled_job_type.scheduled_job_type.run_scheduled_jo..., site='books.localhost', user='Administrator') (books.localhost||scheduled_job||tvgunpisoh)
2026-10-03 14:04:02,004 Successfully completed frappe.utils.background_jobs.execute_job(event=None, is_async=True, job_name='frappe.core.doctype.scheduled_job_type.scheduled_job_type.run_scheduled_jo..., kwargs={'job_type': 'frappe.email.queue.retry_sending_emails', 'scheduled_job_type..., method='frappe.core.doctype.scheduled_job_type.scheduled_job_type.run_scheduled_jo..., site='books.localhost', user='Administrator') job in 0:00:00.550997s on worker f1af22a7e72047aba15e1fa2779045e2
2026-10-03 14:04:02,005 workspaces-Desk-books-bench:default: Job OK (books.localhost||scheduled_job||tvgunpisoh)
2026-10-03 14:04:02,006 Result is kept for 600 seconds
2026-10-03 14:04:02,015 workspaces-Desk-books-bench:default: frappe.utils.background_jobs.execute_job(event=None, is_async=True, job_name='frappe.core.doctype.scheduled_job_type.scheduled_job_type.run_scheduled_jo..., kwargs={'job_type': 'frappe.monitor.flush', 'scheduled_job_type': 'tvg3grmu87'}, method='frappe.core.doctype.scheduled_job_type.scheduled_job_type.run_scheduled_jo..., site='books.localhost', user='Administrator') (books.localhost||scheduled_job||tvg3grmu87)
2026-10-03 14:04:02,498 Successfully completed frappe.utils.background_jobs.execute_job(event=None, is_async=True, job_name='frappe.core.doctype.scheduled_job_type.scheduled_job_type.run_scheduled_jo..., kwargs={'job_type': 'frappe.monitor.flush', 'scheduled_job_type': 'tvg3grmu87'}, method='frappe.core.doctype.scheduled_job_type.scheduled_job_type.run_scheduled_jo..., site='books.localhost', user='Administrator') job in 0:00:00.475066s on worker f1af22a7e72047aba15e1fa2779045e2
2026-10-03 14:04:02,498 workspaces-Desk-books-bench:default: Job OK (books.localhost||scheduled_job||tvg3grmu87)
2026-10-03 14:04:02,498 Result is kept for 600 seconds
2026-10-03 14:04:02,507 workspaces-Desk-books-bench:default: frappe.utils.background_jobs.execute_job(event=None, is_async=True, job_name='frappe.core.doctype.scheduled_job_type.scheduled_job_type.run_scheduled_jo..., kwargs={'job_type': 'frappe.email.queue.flush', 'scheduled_job_type': 'tvgd72bons'..., method='frappe.core.doctype.scheduled_job_type.scheduled_job_type.run_scheduled_jo..., site='books.localhost', user='Administrator') (books.localhost||scheduled_job||tvgd72bons)
2026-10-03 14:04:02,981 Successfully completed frappe.utils.background_jobs.execute_job(event=None, is_async=True, job_name='frappe.core.doctype.scheduled_job_type.scheduled_job_type.run_scheduled_jo..., kwargs={'job_type': 'frappe.email.queue.flush', 'scheduled_job_type': 'tvgd72bons'..., method='frappe.core.doctype.scheduled_job_type.scheduled_job_type.run_scheduled_jo..., site='books.localhost', user='Administrator') job in 0:00:00.464556s on worker f1af22a7e72047aba15e1fa2779045e2
2026-10-03 14:04:02,982 workspaces-Desk-books-bench:default: Job OK (books.localhost||scheduled_job||tvgd72bons)
2026-10-03 14:04:02,982 Result is kept for 600 seconds
2026-10-03 14:08:00,978 workspaces-Desk-books-bench:default: frappe.utils.background_jobs.execute_job(event=None, is_async=True, job_name='frappe.core.doctype.scheduled_job_type.scheduled_job_type.run_scheduled_jo..., kwargs={'job_type': 'frappe.email.doctype.notification.notification.trigger_offset..., method='frappe.core.doctype.scheduled_job_type.scheduled_job_type.run_scheduled_jo..., site='books.localhost', user='Administrator') (books.localhost||scheduled_job||tvfkfghgup)
2026-10-03 14:08:01,444 Successfully completed frappe.utils.background_jobs.execute_job(event=None, is_async=True, job_name='frappe.core.doctype.scheduled_job_type.scheduled_job_type.run_scheduled_jo..., kwargs={'job_type': 'frappe.email.doctype.notification.notification.trigger_offset..., method='frappe.core.doctype.scheduled_job_type.scheduled_job_type.run_scheduled_jo..., site='books.localhost', user='Administrator') job in 0:00:00.455335s on worker f1af22a7e72047aba15e1fa2779045e2
2026-10-03 14:08:01,445 workspaces-Desk-books-bench:default: Job OK (books.localhost||scheduled_job||tvfkfghgup)
2026-10-03 14:08:01,445 Result is kept for 600 seconds
2026-10-03 14:08:01,454 workspaces-Desk-books-bench:default: frappe.utils.background_jobs.execute_job(event=None, is_async=True, job_name='frappe.core.doctype.scheduled_job_type.scheduled_job_type.run_scheduled_jo..., kwargs={'job_type': 'frappe.email.queue.flush', 'scheduled_job_type': 'tvgd72bons'..., method='frappe.core.doctype.scheduled_job_type.scheduled_job_type.run_scheduled_jo..., site='books.localhost', user='Administrator') (books.localhost||scheduled_job||tvgd72bons)
2026-10-03 14:08:01,977 Successfully completed frappe.utils.background_jobs.execute_job(event=None, is_async=True, job_name='frappe.core.doctype.scheduled_job_type.scheduled_job_type.run_scheduled_jo..., kwargs={'job_type': 'frappe.email.queue.flush', 'scheduled_job_type': 'tvgd72bons'..., method='frappe.core.doctype.scheduled_job_type.scheduled_job_type.run_scheduled_jo..., site='books.localhost', user='Administrator') job in 0:00:00.514211s on worker f1af22a7e72047aba15e1fa2779045e2
2026-10-03 14:08:01,977 workspaces-Desk-books-bench:default: Job OK (books.localhost||scheduled_job||tvgd72bons)
2026-10-03 14:08:01,977 Result is kept for 600 seconds
2026-10-03 14:08:01,987 workspaces-Desk-books-bench:default: frappe.utils.background_jobs.execute_job(event=None, is_async=True, job_name='frappe.core.doctype.scheduled_job_type.scheduled_job_type.run_scheduled_jo..., kwargs={'job_type': 'frappe.integrations.doctype.google_calendar.google_calendar.s..., method='frappe.core.doctype.scheduled_job_type.scheduled_job_type.run_scheduled_jo..., site='books.localhost', user='Administrator') (books.localhost||scheduled_job||tvgsq68nbr)
2026-10-03 14:08:02,635 Successfully completed frappe.utils.background_jobs.execute_job(event=None, is_async=True, job_name='frappe.core.doctype.scheduled_job_type.scheduled_job_type.run_scheduled_jo..., kwargs={'job_type': 'frappe.integrations.doctype.google_calendar.google_calendar.s..., method='frappe.core.doctype.scheduled_job_type.scheduled_job_type.run_scheduled_jo..., site='books.localhost', user='Administrator') job in 0:00:00.629213s on worker f1af22a7e72047aba15e1fa2779045e2
2026-10-03 14:08:02,635 workspaces-Desk-books-bench:default: Job OK (books.localhost||scheduled_job||tvgsq68nbr)
2026-10-03 14:08:02,636 Result is kept for 600 seconds
2026-10-03 14:08:02,649 workspaces-Desk-books-bench:default: frappe.utils.background_jobs.execute_job(event=None, is_async=True, job_name='frappe.core.doctype.scheduled_job_type.scheduled_job_type.run_scheduled_jo..., kwargs={'job_type': 'frappe.monitor.flush', 'scheduled_job_type': 'tvg3grmu87'}, method='frappe.core.doctype.scheduled_job_type.scheduled_job_type.run_scheduled_jo..., site='books.localhost', user='Administrator') (books.localhost||scheduled_job||tvg3grmu87)
2026-10-03 14:08:03,133 Successfully completed frappe.utils.background_jobs.execute_job(event=None, is_async=True, job_name='frappe.core.doctype.scheduled_job_type.scheduled_job_type.run_scheduled_jo..., kwargs={'job_type': 'frappe.monitor.flush', 'scheduled_job_type': 'tvg3grmu87'}, method='frappe.core.doctype.scheduled_job_type.scheduled_job_type.run_scheduled_jo..., site='books.localhost', user='Administrator') job in 0:00:00.475058s on worker f1af22a7e72047aba15e1fa2779045e2
2026-10-03 14:08:03,134 workspaces-Desk-books-bench:default: Job OK (books.localhost||scheduled_job||tvg3grmu87)
2026-10-03 14:08:03,134 Result is kept for 600 seconds
2026-10-03 14:08:03,143 workspaces-Desk-books-bench:default: frappe.utils.background_jobs.execute_job(event=None, is_async=True, job_name='frappe.core.doctype.scheduled_job_type.scheduled_job_type.run_scheduled_jo..., kwargs={'job_type': 'frappe.automation_engine.drainer.drain_due', 'scheduled_job_t..., method='frappe.core.doctype.scheduled_job_type.scheduled_job_type.run_scheduled_jo..., site='books.localhost', user='Administrator') (books.localhost||scheduled_job||tvft3lmo5a)
2026-10-03 14:08:03,611 Successfully completed frappe.utils.background_jobs.execute_job(event=None, is_async=True, job_name='frappe.core.doctype.scheduled_job_type.scheduled_job_type.run_scheduled_jo..., kwargs={'job_type': 'frappe.automation_engine.drainer.drain_due', 'scheduled_job_t..., method='frappe.core.doctype.scheduled_job_type.scheduled_job_type.run_scheduled_jo..., site='books.localhost', user='Administrator') job in 0:00:00.461048s on worker f1af22a7e72047aba15e1fa2779045e2
2026-10-03 14:08:03,612 workspaces-Desk-books-bench:default: Job OK (books.localhost||scheduled_job||tvft3lmo5a)
2026-10-03 14:08:03,612 Result is kept for 600 seconds
2026-10-03 14:08:03,622 workspaces-Desk-books-bench:default: frappe.utils.background_jobs.execute_job(event=None, is_async=True, job_name='frappe.core.doctype.scheduled_job_type.scheduled_job_type.run_scheduled_jo..., kwargs={'job_type': 'frappe.automation_engine.scheduler.process_cron', 'scheduled_..., method='frappe.core.doctype.scheduled_job_type.scheduled_job_type.run_scheduled_jo..., site='books.localhost', user='Administrator') (books.localhost||scheduled_job||tvfork1f3p)
2026-10-03 14:08:04,111 Successfully completed frappe.utils.background_jobs.execute_job(event=None, is_async=True, job_name='frappe.core.doctype.scheduled_job_type.scheduled_job_type.run_scheduled_jo..., kwargs={'job_type': 'frappe.automation_engine.scheduler.process_cron', 'scheduled_..., method='frappe.core.doctype.scheduled_job_type.scheduled_job_type.run_scheduled_jo..., site='books.localhost', user='Administrator') job in 0:00:00.482257s on worker f1af22a7e72047aba15e1fa2779045e2
2026-10-03 14:08:04,112 workspaces-Desk-books-bench:default: Job OK (books.localhost||scheduled_job||tvfork1f3p)
2026-10-03 14:08:04,113 Result is kept for 600 seconds
2026-10-03 14:08:04,122 workspaces-Desk-books-bench:default: frappe.utils.background_jobs.execute_job(event=None, is_async=True, job_name='frappe.core.doctype.scheduled_job_type.scheduled_job_type.run_scheduled_jo..., kwargs={'job_type': 'frappe.search.sqlite_search.index_docs_in_queue', 'scheduled_..., method='frappe.core.doctype.scheduled_job_type.scheduled_job_type.run_scheduled_jo..., site='books.localhost', user='Administrator') (books.localhost||scheduled_job||tvfskgtqqi)
2026-10-03 14:08:04,587 Successfully completed frappe.utils.background_jobs.execute_job(event=None, is_async=True, job_name='frappe.core.doctype.scheduled_job_type.scheduled_job_type.run_scheduled_jo..., kwargs={'job_type': 'frappe.search.sqlite_search.index_docs_in_queue', 'scheduled_..., method='frappe.core.doctype.scheduled_job_type.scheduled_job_type.run_scheduled_jo..., site='books.localhost', user='Administrator') job in 0:00:00.457834s on worker f1af22a7e72047aba15e1fa2779045e2
2026-10-03 14:08:04,587 workspaces-Desk-books-bench:default: Job OK (books.localhost||scheduled_job||tvfskgtqqi)
2026-10-03 14:08:04,587 Result is kept for 600 seconds
2026-10-03 14:08:04,596 workspaces-Desk-books-bench:default: frappe.utils.background_jobs.execute_job(event=None, is_async=True, job_name='frappe.core.doctype.scheduled_job_type.scheduled_job_type.run_scheduled_jo..., kwargs={'job_type': 'frappe.integrations.doctype.webhook.webhook.retry_failed_webh..., method='frappe.core.doctype.scheduled_job_type.scheduled_job_type.run_scheduled_jo..., site='books.localhost', user='Administrator') (books.localhost||scheduled_job||tvfn6bf8cs)
2026-10-03 14:08:05,107 Successfully completed frappe.utils.background_jobs.execute_job(event=None, is_async=True, job_name='frappe.core.doctype.scheduled_job_type.scheduled_job_type.run_scheduled_jo..., kwargs={'job_type': 'frappe.integrations.doctype.webhook.webhook.retry_failed_webh..., method='frappe.core.doctype.scheduled_job_type.scheduled_job_type.run_scheduled_jo..., site='books.localhost', user='Administrator') job in 0:00:00.503339s on worker f1af22a7e72047aba15e1fa2779045e2
2026-10-03 14:08:05,108 workspaces-Desk-books-bench:default: Job OK (books.localhost||scheduled_job||tvfn6bf8cs)
2026-10-03 14:08:05,108 Result is kept for 600 seconds
2026-10-03 14:08:05,117 workspaces-Desk-books-bench:default: frappe.utils.background_jobs.execute_job(event=None, is_async=True, job_name='frappe.core.doctype.scheduled_job_type.scheduled_job_type.run_scheduled_jo..., kwargs={'job_type': 'frappe.email.queue.retry_sending_emails', 'scheduled_job_type..., method='frappe.core.doctype.scheduled_job_type.scheduled_job_type.run_scheduled_jo..., site='books.localhost', user='Administrator') (books.localhost||scheduled_job||tvgunpisoh)
2026-10-03 14:08:05,598 Successfully completed frappe.utils.background_jobs.execute_job(event=None, is_async=True, job_name='frappe.core.doctype.scheduled_job_type.scheduled_job_type.run_scheduled_jo..., kwargs={'job_type': 'frappe.email.queue.retry_sending_emails', 'scheduled_job_type..., method='frappe.core.doctype.scheduled_job_type.scheduled_job_type.run_scheduled_jo..., site='books.localhost', user='Administrator') job in 0:00:00.472665s on worker f1af22a7e72047aba15e1fa2779045e2
2026-10-03 14:08:05,599 workspaces-Desk-books-bench:default: Job OK (books.localhost||scheduled_job||tvgunpisoh)
2026-10-03 14:08:05,599 Result is kept for 600 seconds
